<?xml version="1.0" encoding="UTF-8"?>
<Configuration status="INFO">
	<properties>
		<!--################################################################################## 
		# 설명
		#	logPath	:	로그파일을 저장하기 위한 경로 설정. (폴더 권한의 이슈가 발생할 수 있으면 해당 경로는 미리 생성해 둘거.)
		#	logNm	:	최초의 로그파일 생성할 이름
		################################################################################## -->
		<!-- <Property name="logPath">C:/ser_eGovFrameDev-3.10.0-64bit/log</Property> Local 설정 --> 
		<Property name="logPath">/data/apache-tomcat-8.5.27/waslog</Property> <!-- 개발계 -->
		<!-- <Property name="logPath">/tmp/lib/apache-tomcat-8.5.27/waslog</Property> 운영계 -->
		<Property name="logNm">BF_SER</Property>
		<property name="pattern">%d{yyyy-MM-dd HH:mm:ss.SSS} | %-5.5p | %msg%n</property>
	</properties>

    <Appenders>
        <Console name="console" target="SYSTEM_OUT">
            <PatternLayout pattern="${pattern}" />
        </Console>
        
        <RollingFile name="file"	fileName="${logPath}/${logNm}.log"	
									filePattern="${logPath}/%d{yyyy-MM-dd}.log"> 
			<PatternLayout>
		    	<Pattern>%d{yyyy-MM-dd HH:mm:ss.SSS} | %-5.5p | %msg%n</Pattern>
		  	</PatternLayout>
			<Policies>						    
				<TimeBasedTriggeringPolicy module="true"	interval = "1"/>
			</Policies>
   			<DefaultRolloverStrategy max="5" />
  		</RollingFile> 
    </Appenders>
    
    <!-- DEBUG -->
    <!-- INFO -->
    <!-- ERROR -->
    <Loggers>
    	<Logger name="jdbc.sqlonly" level="DEBUG" />
        <Logger name="java.sql" level="DEBUG" additivity="false">
            <AppenderRef ref="console" />
            <AppenderRef ref="file" />
        </Logger>
        <Logger name="egovframework" level="ERROR" additivity="false">
            <AppenderRef ref="console" />
            <AppenderRef ref="file" />
        </Logger>
        <Logger name="jdbc.sqltiming" level="INFO" additivity="false">
            <AppenderRef ref="console" />
            <AppenderRef ref="file" />
        </Logger>
        <Logger name="jdbc.resultset" level="ERROR" additivity="false">
            <AppenderRef ref="console" />
            <AppenderRef ref="file" />
        </Logger>
        <Logger name="org.springframework" level="INFO" additivity="false">
            <AppenderRef ref="console" />
            <AppenderRef ref="file" />
        </Logger>
        <Root level="DEBUG">
            <AppenderRef ref="console" />
            <AppenderRef ref="file" />
        </Root>
    </Loggers>
</Configuration>
