<?xml version="1.0" encoding="UTF-8"?>
<!DOCTYPE mapper PUBLIC "-//mybatis.org//DTD Mapper 3.0//EN" "http://mybatis.org/dtd/mybatis-3-mapper.dtd">

<mapper namespace="com.plnc.main.service.impl.MainDao">

	<!-- 단품 티켓 리스트 -->
	<select id="menuUnitTicketList" parameterType="egovMap" resultType="com.plnc.main.service.SertbFclt">
		SELECT TT.*, NVL(TF.url, '/resource/assets/images/fclt/thumbnail/default.png') AS url /* menuUnitTicketList */
		FROM (
				 SELECT TC.FCLT_SEQ                                              AS fcltSeq,
						TC.FCLT_NM                                               AS fcltNm,
						TC.SL_CMT                                                AS slCmt,
						TC.LIMIT_DESC                                            AS limitDesc,
						MU_TICKET_NM                                             AS muTicketNm,
						MU_TICKET_SHORT_NM                                       AS muTicketShortNm,
						WEEK_FLAG                                                AS weekFlag,
						MU_TICKET_SEQ                                            AS muTicketSeq,
						TC.FCLT_CLASS                                            AS fcltClass,
						TC.ORDR		                                             AS ordr,
						TD.NP,
						TD.AP,
						TD.RP,
						TD.GP,
						TD.PP,
						ROW_NUMBER() OVER (PARTITION BY TC.FCLT_SEQ ORDER BY NP) AS num
				 FROM SERTB_FCLT TC,
					  (
						  SELECT FCLT_SEQ
							   , MU_TICKET_NM
						       , MU_TICKET_SHORT_NM
							   , WEEK_FLAG
						       , TA.MU_TICKET_SEQ
							   , NP
							   , AP
							   , RP
							   , GP
							   , PP
						  FROM SERTB_MENU_UNIT_TICKET TA,
							   (
								   SELECT *
								   FROM (
											SELECT MU_TICKET_SEQ, MU_TICKET_CLASS, SALE_AMT
											FROM SERTB_MENU_UNIT_TICKET_PRICE
											WHERE TICKET_TYPE IN ('BASIC')
											  AND SALE_YN IN ('Y')
										) PIVOT (
												 MAX(SALE_AMT) FOR MU_TICKET_CLASS IN ( 'NP' AS NP, 'AP' AS AP, 'GP' AS GP, 'RP' AS RP, 'PP' AS PP)
									   )
								   ORDER BY MU_TICKET_SEQ
							   ) TB
						  WHERE TA.MU_TICKET_SEQ = TB.MU_TICKET_SEQ
							<if test="idx != null and idx != ''">
								AND TA.FCLT_SEQ = #{idx}
							</if>
					  ) TD
				 WHERE TC.FCLT_SEQ = TD.FCLT_SEQ(+)
						AND TC.DEL_YN IN ('N')
					<if test="idx != null and idx != ''">
						AND TC.FCLT_SEQ = #{idx}
					</if>
				<choose>
					<when test="activity_mode == 1">
						AND TC.FCLT_CLASS IN ('ACTIVITY')
					</when>
					<when test="activity_mode == 2">
						AND TC.FCLT_CLASS IN ('TICKET')
					</when>
				</choose>
			 ) TT LEFT JOIN SERTB_FILE_INFO TF ON (TT.fcltSeq = TF.BOARD_SN AND TF.BOARD_SE IN ('EQIP') AND TF.FILE_SN IN ('1'))
		<if test="single_mode == 1">
			WHERE num = 1
		</if>
		ORDER BY ordr
	</select>

	<select id="menuUnitTicketDetail" parameterType="egovMap" resultType="com.plnc.main.service.SertbFcltDetail">
		SELECT DTL_MENU AS dtlMenu
			 , DTL_DESC AS dtlDesc
			 , IMG_YN   AS imgYn
		FROM SERTB_FCLT_DTL
		WHERE FCLT_SEQ = #{idx}
		ORDER BY DTL_ORDR
	</select>

	<select id="menuPkgTicketDetail" parameterType="egovMap" resultType="com.plnc.main.service.SertbFcltDetail">
		SELECT DTL_MENU AS dtlMenu
			 , DTL_DESC AS dtlDesc
			 , IMG_YN   AS imgYn
		FROM SERTB_MENU_PKG_DTL
		WHERE MENU_PKG_SEQ = #{idx}
		ORDER BY DTL_ORDR
	</select>

	<select id="menuTicketDetailImage" parameterType="egovMap" resultType="com.plnc.main.service.SertbFcltDetailImage" >
		SELECT NVL(url, '/resource/assets/images/fclt/detail/default.png') AS url /* menuTicketDetailImage */
		FROM SERTB_FILE_INFO
		WHERE FILE_SN NOT IN ('1', '2')
		  AND BOARD_SE = #{image_type}
		  AND BOARD_SN = #{idx}

	</select>

	<select id="fcltWaiting" resultType="com.plnc.main.service.SertbFclt">
		SELECT /*현장대기*/
			TB.FCLT_SEQ                                                        AS fcltSeq
			 , TB.FCLT_NM                                                      AS fcltNm
			 , TB.SL_CMT                                                       AS slCmt
			 , TB.LIMIT_DESC                                                   AS limitDesc
			 , TA.STATUS                                                       AS status
			 , TA.WAITING_TM                                                   AS waitingTm
			 , NVL(TC.URL, '/resource/assets/images/fclt/waiting/default.png') AS url
		FROM SERTB_FCLT_WAITING TA,
			 SERTB_FCLT TB
				 LEFT JOIN SERTB_FILE_INFO TC ON (TB.FCLT_SEQ = TC.BOARD_SN AND TC.BOARD_SE IN ('EQIP') AND TC.FILE_SN IN ('2'))
		WHERE TA.FCLT_SEQ = TB.FCLT_SEQ
		/*  AND TB.FCLT_CLASS IN ('ACTIVITY') */
		  AND TB.DEL_YN IN ('N')
		ORDER BY TB.ORDR
	</select>

	<!--  패키지 티켓 리스트 -->
	<select id="menuPkgTicketList" resultType="com.plnc.main.service.SertbFclt">
		SELECT TT.*, NVL(TF.url, '/resource/assets/images/pkgfclt/thumbnail/default.png') AS url /* menuPkgTicketList */
		FROM (
				 SELECT TC.MENU_PKG_SEQ                                              AS fcltSeq,
						TC.MENU_PKG_NM                                               AS fcltNm,
						TC.SL_CMT                                                    AS slCmt,
						TC.LIMIT_DESC                                                AS limitDesc,
						MP_TICKET_NM                                                 AS muTicketNm,
						MP_TICKET_SHORT_NM                                           AS muTicketShortNm,
						WEEK_FLAG                                                    AS weekFlag,
						MP_TICKET_SEQ                                                AS muTicketSeq,
						'ACTIVITY'                                                   AS fcltClass,
						TD.NP,
						TD.AP,
						TD.RP,
						TD.GP,
						TD.PP,
						ROW_NUMBER() OVER (PARTITION BY TC.MENU_PKG_SEQ ORDER BY NP) AS NUM
				 FROM SERTB_MENU_PKG TC,
					  (
						  SELECT TA.MENU_PKG_SEQ
							   , MP_TICKET_NM
						       , MP_TICKET_SHORT_NM
							   , WEEK_FLAG
							   , TA.MP_TICKET_SEQ
							   , NP
							   , AP
							   , RP
							   , GP
							   , PP
						  FROM SERTB_MENU_PKG_TICKET TA,
							   (
								   SELECT *
								   FROM (
											SELECT MP_TICKET_SEQ, MP_TICKET_CLASS, SALE_AMT
											FROM SERTB_MENU_PKG_TICKET_PRICE
											WHERE SALE_YN IN ('Y')
										)
											PIVOT (
												   MAX(SALE_AMT) FOR MP_TICKET_CLASS IN ( 'NP' AS NP, 'AP' AS AP, 'GP' AS GP, 'RP' AS RP, 'PP' AS PP)
										   )
								   ORDER BY MP_TICKET_SEQ
							   ) TB
						  WHERE TA.MP_TICKET_SEQ = TB.MP_TICKET_SEQ
							<if test="idx != null and idx != ''">
								AND TA.MENU_PKG_SEQ = #{idx}
							</if>
					  ) TD
				 WHERE TC.MENU_PKG_SEQ = TD.MENU_PKG_SEQ AND TC.DEL_YN IN ('N')
			 ) TT LEFT JOIN SERTB_FILE_INFO TF ON (TT.fcltSeq = TF.BOARD_SN AND TF.BOARD_SE IN ('EQIPP') AND TF.FILE_SN IN ('1'))
		<if test="single_mode == 1">
			WHERE num = 1
		</if>
	</select>

	<!--  승차권 티켓 리스트 -->
	<select id="menuUnitTicketList4bus" resultType="com.plnc.main.service.SertbFclt">
		SELECT FCLT_SEQ   AS fcltSeq
			 , FCLT_NM    AS fcltNm
			 , SL_CMT     AS slCmt
			 , LIMIT_DESC AS limitDesc
		FROM SERTB_FCLT
		where 1 = 1
		  and FCLT_CLASS IN ('TICKET')
		  and DEL_YN in ('N')
	</select>

	<update id="basketProd" parameterType="com.plnc.main.service.BasketProd">
		MERGE INTO SERTB_SHOP_BASKET TA
		USING DUAL
		ON (TA.TICKET_SEQ = #{ticketSeq} AND TA.MEMBER_ID = #{memberId} and TA.MU_MP_FLAG = #{muMpFlag} )
		WHEN MATCHED THEN
			UPDATE SET TA.TICKET_NO = TA.TICKET_NO + #{ticketNo}
		WHEN NOT MATCHED THEN
			INSERT (BASKET_SEQ, TICKET_SEQ, MEMBER_ID, MU_MP_FLAG, TICKET_NO, ISRT_ID, ISRT_IP, ISRT_DATE, GROUP_ID)
			VALUES (BASKET_SEQ_SEQ.nextval, #{ticketSeq}, #{memberId}, #{muMpFlag} , #{ticketNo}, null, null, SYSDATE, null)
	</update>

	<select id="basketCnt" resultType="Integer">
		SELECT COUNT(*)
		FROM SERTB_SHOP_BASKET
		WHERE MEMBER_ID = #{userId}
	</select>

	<select id="waitingBatchData" resultType="egovMap">
		SELECT TT.*
			 , getDayOrWeekend() AS DAY_WEEKEND
		FROM (
				 SELECT DECODE(SUM(SIGN(SYSDATE - D_START) + SIGN(SYSDATE - D_END)), -2, 1, 2, 2, 0)                                                                   as D /*-- 1: 평일 오전 운휴 / 2: 오후 운휴*/
					  , DECODE(SUM(SIGN(SYSDATE - E_START) + SIGN(SYSDATE - E_END)), -2, 1, 2, 2, 0)                                                                   as E /* -- 1: 주말 오전 운휴 / 2: 오후 운휴*/
					  , DECODE(SUM(SIGN(SYSDATE - TO_DATE(TO_CHAR(SYSDATE, 'YYYY-MM-DD') || '08:00:00', 'YYYY-MM-DD HH24:MI:SS')) + SIGN(SYSDATE - D_START)), 0, 1, 0) as PreOpeningD /*-- 1: 오푼 준비 중*/
					  , DECODE(SUM(SIGN(SYSDATE - TO_DATE(TO_CHAR(SYSDATE, 'YYYY-MM-DD') || '08:00:00', 'YYYY-MM-DD HH24:MI:SS')) + SIGN(SYSDATE - E_START)), 0, 1, 0) as PreOpeningE /*-- 1: 오푼 준비 중*/
					  , FCLT_SEQ
					  , STATUS
				 FROM (
						  SELECT TB.FCLT_SEQ
							   , TO_DATE(TO_CHAR(SYSDATE, 'YYYY-MM-DD') || D_START_TM, 'YYYY-MM-DD HH24:MI:SS') AS D_START
							   , TO_DATE(TO_CHAR(SYSDATE, 'YYYY-MM-DD') || D_END_TM, 'YYYY-MM-DD HH24:MI:SS')   AS D_END
							   , TO_DATE(TO_CHAR(SYSDATE, 'YYYY-MM-DD') || E_START_TM, 'YYYY-MM-DD HH24:MI:SS') AS E_START
							   , TO_DATE(TO_CHAR(SYSDATE, 'YYYY-MM-DD') || E_END_TM, 'YYYY-MM-DD HH24:MI:SS')   AS E_END
							   , STATUS
						  FROM SERTB_FCLT_WAITING TA,
							   SERTB_FCLT TB
						  WHERE TA.FCLT_SEQ = TB.FCLT_SEQ
							AND TA.STATUS IN ('1', '2', '3') /*-- 1: 오픈준비중, 2: 운행중, 3: 운행종료, 4: 정기정검, 5: 정기운휴*/
							AND TB.DEL_YN IN ('N')
					  ) T
				 GROUP BY FCLT_SEQ, STATUS
			 ) TT
	</select>

	<!--  오픈준비중으로 -->
	<select id="updateToBeforeOpening" resultType="egovMap">
		SELECT TB.FCLT_SEQ                                                                                                                                                                                                     AS fcltSeq
			 , SUM(SIGN(SYSDATE - TO_DATE(TO_CHAR(SYSDATE, 'YYYY-MM-DD') || D_START_TM, 'YYYY-MM-DD HH24:MI:SS')) + SIGN(SYSDATE - (TO_DATE(TO_CHAR(SYSDATE, 'YYYY-MM-DD') || D_START_TM, 'YYYY-MM-DD HH24:MI:SS') - 2 / 24))) AS D /* 0이면 구간내부 */
			 , SUM(SIGN(SYSDATE - TO_DATE(TO_CHAR(SYSDATE, 'YYYY-MM-DD') || E_START_TM, 'YYYY-MM-DD HH24:MI:SS')) + SIGN(SYSDATE - (TO_DATE(TO_CHAR(SYSDATE, 'YYYY-MM-DD') || E_START_TM, 'YYYY-MM-DD HH24:MI:SS') - 2 / 24))) AS E /* 0이면 구간내부 */
			 , '1'                                                                                                                                                                                                             AS nextStatus
			 , getDayOrWeekend()                                                                                                                                                                                               AS dayOrWeekend
		FROM SERTB_FCLT_WAITING TA,
			 SERTB_FCLT TB
		WHERE TA.FCLT_SEQ = TB.FCLT_SEQ
		  AND TA.STATUS IN ('3') /*-- 1: 오픈준비중, 2: 운행중, 3: 운행종료, 4: 정기정검, 5: 정기운휴*/
		  AND TB.DEL_YN IN ('N')
		group by TB.FCLT_SEQ
	</select>

	<!--  운행중으로 -->
	<select id="updateToOpening" resultType="egovMap">
		SELECT TB.FCLT_SEQ                                                                                                                                                                                        AS fcltSeq
			 , SUM(SIGN(SYSDATE - TO_DATE(TO_CHAR(SYSDATE, 'YYYY-MM-DD') || D_START_TM, 'YYYY-MM-DD HH24:MI:SS')) + SIGN(SYSDATE - TO_DATE(TO_CHAR(SYSDATE, 'YYYY-MM-DD') || D_END_TM, 'YYYY-MM-DD HH24:MI:SS'))) AS D /* 0이면 구간내부 */
			 , SUM(SIGN(SYSDATE - TO_DATE(TO_CHAR(SYSDATE, 'YYYY-MM-DD') || E_START_TM, 'YYYY-MM-DD HH24:MI:SS')) + SIGN(SYSDATE - TO_DATE(TO_CHAR(SYSDATE, 'YYYY-MM-DD') || E_END_TM, 'YYYY-MM-DD HH24:MI:SS'))) AS E /* 0이면 구간내부 */
			 , '2'                                                                                                                                                                                                AS nextStatus
			 , getDayOrWeekend()                                                                                                                                                                                  AS dayOrWeekend
		FROM SERTB_FCLT_WAITING TA,
			 SERTB_FCLT TB
		WHERE TA.FCLT_SEQ = TB.FCLT_SEQ
		  AND TA.STATUS IN ('1') /*-- 1: 오픈준비중, 2: 운행중, 3: 운행종료, 4: 정기정검, 5: 정기운휴*/
		  AND TB.DEL_YN IN ('N')
		group by TB.FCLT_SEQ
	</select>

	<!--  운행종료로 -->
	<select id="updateToClosed" resultType="egovMap">
		SELECT TB.FCLT_SEQ                                                                                                                                                                                        AS fcltSeq
			 , SUM(SIGN(SYSDATE - TO_DATE(TO_CHAR(SYSDATE, 'YYYY-MM-DD') || D_END_TM, 'YYYY-MM-DD HH24:MI:SS')) + SIGN(SYSDATE - TO_DATE(TO_CHAR(SYSDATE, 'YYYY-MM-DD') || '23:59:59', 'YYYY-MM-DD HH24:MI:SS'))) AS D /* 0이면 구간내부 */
			 , SUM(SIGN(SYSDATE - TO_DATE(TO_CHAR(SYSDATE, 'YYYY-MM-DD') || E_END_TM, 'YYYY-MM-DD HH24:MI:SS')) + SIGN(SYSDATE - TO_DATE(TO_CHAR(SYSDATE, 'YYYY-MM-DD') || '23:59:59', 'YYYY-MM-DD HH24:MI:SS'))) AS E /* 0이면 구간내부 */
			 , '3'                                                                                                                                                                                                AS nextStatus
			 , getDayOrWeekend()                                                                                                                                                                                  AS dayOrWeekend
		FROM SERTB_FCLT_WAITING TA,
			 SERTB_FCLT TB
		WHERE TA.FCLT_SEQ = TB.FCLT_SEQ
		  AND TA.STATUS IN ('2') /*-- 1: 오픈준비중, 2: 운행중, 3: 운행종료, 4: 정기정검, 5: 정기운휴*/
		  AND TB.DEL_YN IN ('N')
		group by TB.FCLT_SEQ
	</select>

	<!--  현장대기 상태변경 -->
	<update id="updateWaitingStatus" parameterType="egovMap">
		UPDATE SERTB_FCLT_WAITING
		SET STATUS = #{status}
		<if test="status == '3'">
			, WAITING_TM = 10
		</if>
		WHERE FCLT_SEQ = #{idx}
	</update>
</mapper>

