<?xml version="1.0" encoding="UTF-8"?>
<!DOCTYPE mapper PUBLIC "-//mybatis.org//DTD Mapper 3.0//EN" "http://mybatis.org/dtd/mybatis-3-mapper.dtd">

<mapper namespace="com.plnc.cmmn.security.service.impl.DynamicSecurityDAO">

	<!-- 사용자 부가정보 -->
	<select id="selectSecurityUserInfo" parameterType="String" resultType="egovMap">
		/* DynamicSecurityDAO.selectSecurityUserInfo */
		SELECT A.ID
			 , A.KNAME
			 , A.PASSWORD
			 , A.HANDPHONE1
			 , CRYPTIT_TYPE2.DECRYPT(A.HANDPHONE2) AS HANDPHONE2
			 , A.HANDPHONE3
			 , CRYPTIT_TYPE2.DECRYPT(A.EMAIL) AS EMAIL
			 , A.MEMBER_TYPE
			 , A.RESNO
			 , CASE WHEN A.MEMBER_TYPE = 'R'
	     			THEN '콘도레드회원'
	     		WHEN A.MEMBER_TYPE = 'G'
	     			THEN '콘도그린회원'
	     			ELSE '온라인회원' 
	     		END AS MEMBER_TYPE_NM
			 , A.MEMBER_NO
		  FROM TB_WMEM A
		 WHERE A.ID = #{id}
	</select>
	
	<!-- 자동로그인을 위한 사용자 매칭 -->
	<select id="selectSecurityUserPasswordEncryption" parameterType="String" resultType="int">
		/* DynamicSecurityDAO.selectSecurityUserPasswordEncryption */
		SELECT COUNT(A.ID)
		  FROM TB_WMEM A
		 WHERE A.PASSWORD = #{password}
		 AND   A.ID = #{username}
	</select>
	
	<!-- 사용자 비밀번호 매칭 -->
	<select id="selectSecurityUserPassword" parameterType="String" resultType="int">
		/* DynamicSecurityDAO.selectSecurityUserPassword */
		SELECT COUNT(A.ID)
		  FROM TB_WMEM A
		 WHERE A.PASSWORD = SHA256(#{password})
		 AND   A.ID = #{username}
	</select>
	
	<!-- 사용자 계정 조회 -->
	<select id="selectAuthenticationUser" parameterType="String" resultType="egovMap">
		/* DynamicSecurityDAO.selectAuthenticationUser */
		SELECT A.ID AS username
   		     , A.PASSWORD AS password
   		     , A.MEMBER_ST AS memberSt
   		  FROM TB_WMEM A
   		WHERE  A.ID = #{username}
<!--    	      AND A.MEMBER_ST = 'UST01' -->
	</select>
	
	<!-- 사용자 상태 조회 -->
	<select id="selectAuthenticationUserSttu" parameterType="String" resultType="String">
		/* DynamicSecurityDAO.selectAuthenticationUserSttu */
		SELECT A.MEMBER_ST AS memberSt
   		  FROM TB_WMEM A
   		WHERE  A.ID = #{username}
	</select>
	
	<!-- 사용자 권한 조회 -->
	<select id="selectSecurityUserRole" parameterType="String" resultType="egovMap">
		/* DynamicSecurityDAO.selectSecurityUserRole */
		SELECT A.ID AS username
			 , C.AUTH_CD AS role
		  FROM TB_WMEM A
		 INNER JOIN SERTB_AUTH C ON C.USE_AT = 'Y'
		 AND   AUTH_CD = 'ROLE_ANONYMOUS'
		 WHERE A.ID = #{username}
	</select>
	
	<!-- 사용자의 메뉴권한 -->
	<select id="selectSecurityUserMenuList" parameterType="String" resultType="egovMap">
		/* DynamicSecurityDAO.selectSecurityUserMenuList */
		SELECT X.MENU_CD
		     , Z.MENU_NAVI
		     , Z.MENU_LVL
		     , Z.MENU_PARNTS_CD
		     , Z.MENU_URL
		     , Z.MENU_NM
		     , (
			  	SELECT MENU_URL
			  	  FROM SERTB_MENU
			  	 WHERE MENU_CD = Z.MENU_PARNTS_CD
			   ) AS MENU_PARNTS_URL
		     , Z.MENU_DSPLY_AT
		     , Z.MENU_ORDR
		     , Z.MENU_DC
		     , CASE WHEN (
				     		SELECT COUNT(*)
				     		  FROM SERTB_MENU I
				     		 WHERE I.MENU_CD LIKE CONCAT(Z.MENU_CD, '__%')
				     		   AND I.MENU_DSPLY_AT = 'Y' 
				     	  ) > 0
					THEN 'N'
					ELSE 'Y' END AS ISLEAF
		  FROM (
		        SELECT A.MENU_CD
				     , A.MENU_LVL
				     , CASE WHEN A.MENU_LVL > 1
					 		THEN A.MENU_PARNTS_CD
							ELSE A.MENU_CD  END AS SORT_ORD
					 , CASE WHEN A.MENU_LVL > 1
					 		THEN (
								  SELECT B.MENU_ORDR
								    FROM SERTB_MENU B
								   WHERE B.MENU_CD = SUBSTR(A.MENU_PARNTS_CD, 1, 5)
								  )
							ELSE A.MENU_ORDR  END AS MENU_ORDR
				   FROM SERTB_MENU A
				  WHERE NVL(LENGTH(A.MENU_URL), 0) = 0
					AND USE_AT = 'Y'
				  UNION ALL
				 SELECT A.MENU_CD
				      , A.MENU_LVL
				      , A.MENU_PARNTS_CD  AS SORT_ORD
				      , CASE WHEN A.MENU_LVL > 1	
					 		 THEN (
								   SELECT B.MENU_ORDR
								     FROM SERTB_MENU B
								    WHERE B.MENU_CD = SUBSTR(A.MENU_PARNTS_CD, 1, 5)
								  )
							 ELSE A.MENU_ORDR  END AS MENU_ORDR
				 FROM SERTB_MENU A
				WHERE NVL(LENGTH(A.MENU_URL), 0) > 0 
				  AND A.USE_AT = 'Y'
		       ) X
		 INNER JOIN SERTB_MENU Z ON X.MENU_CD 	= Z.MENU_CD
		                           AND Z.USE_AT 	= 'Y'
		 LEFT JOIN SERTB_AUTH_MENU W ON X.MENU_CD = W.MENU_CD
		 						   AND W.AUTH_CD = #{authCd}
		 WHERE Z.MENU_CD IN (
		                     SELECT MENU_CD
		                       FROM SERTB_AUTH_MENU
		                      WHERE W.AUTH_CD = #{authCd}
		                     )
		 ORDER BY X.MENU_ORDR, X.SORT_ORD, X.MENU_LVL, Z.MENU_ORDR ASC
	</select>
</mapper>
