<?xml version="1.0" encoding="UTF-8"?>
<!DOCTYPE mapper PUBLIC "-//mybatis.org//DTD Mapper 3.0//EN" "http://mybatis.org/dtd/mybatis-3-mapper.dtd">

<mapper namespace="com.plnc.cmmn.script.service.impl.ScriptDAO">

	
	<!-- SMS 인증번호 발송 -->
	<insert id="smsSand" parameterType="SmsCertVO">
		/* ScriptDAO.smsSand */
		INSERT INTO MTS_ATALK_MSG
		(
		    TRAN_PR,
		    TRAN_SENDER_KEY,
		    TRAN_TMPL_CD,
		    TRAN_CALLBACK,
		    TRAN_PHONE,
		    TRAN_SUBJECT,
		    TRAN_MSG,
		    TRAN_DATE,
		    TRAN_TYPE,
		    TRAN_STATUS,
		    TRAN_REPLACE_TYPE,
		    TRAN_REPLACE_MSG
	    )
	    VALUES
	    (
		    ATALK_TRAN_PR.NEXTVAL,
		    'feaaa55fd1797fb732f0a6c0cf0254ac194c64d1',
		    'SER0003',
		    #{tranCallback},
		    #{tranPhone},
		    'MMS전환시 문자 제목',
		    #{tranMsg},
		    SYSDATE,
		    5,
		    '1',
		    'S', 
		    #{tranMsg}
		)
	</insert>

	<!-- 예약안내 알림톡 -->
	<insert id="insertAtalkMsg" parameterType="SmsAtalk">
        INSERT INTO MTS_ATALK_MSG (
            TRAN_PR,
			TRAN_SENDER_KEY,
			TRAN_TMPL_CD,
			TRAN_CALLBACK,
			TRAN_PHONE,
			TRAN_SUBJECT,
			TRAN_MSG,
			TRAN_DATE,
			TRAN_TYPE,
			TRAN_STATUS,
			TRAN_REPLACE_TYPE,
			TRAN_REPLACE_MSG
        ) VALUES (
            ATALK_TRAN_PR.NEXTVAL
            , 'feaaa55fd1797fb732f0a6c0cf0254ac194c64d1'
            , #{tmplCd}
            , '0439261000'
            , #{phone}
			, #{subject}
			<choose>
                <when test='tmplCd == "K2_bookg_J10"'>
                 , #{subject}||CHR(13)||CHR(10)||CHR(10)||'■예약안내'||CHR(13)||CHR(10)||CHR(10)||'예약자명 : '||#{kName}||CHR(13)||CHR(10)||'예약일시 : '||#{pointDt}||CHR(13)||CHR(10)||'예약코스 : '||#{courseName}||CHR(13)||CHR(10)||CHR(10)||'으로 예약 되셨습니다.'||CHR(13)||CHR(10)||CHR(10)||'▶ 예약타임  30분 전 내장 필수!!'||CHR(13)||CHR(10)||'▶ 외부 음식물 반입금지'||CHR(13)||CHR(10)||CHR(10)||'★예약취소 및 변경시 위약기준★'||CHR(13)||CHR(10)||'   예약일 제외 4일전 17시 까지!!'||CHR(13)||CHR(10)||'   PKG 예약은 7일 전 17시 까지!!'||CHR(13)||CHR(10)||'   (위약기준 홈페이지 참조)'||CHR(13)||CHR(10)||CHR(10)||'★ 4인 플레이 필수!!★'||CHR(13)||CHR(10)||'   (3인 내장시 4인 그린피 적용)'
                </when>
                <when test='tmplCd == "cmigolfcancel0002"'>
					, #{subject}||CHR(13)||CHR(10)||CHR(10)||'■예약취소안내'||CHR(13)||CHR(10)||CHR(10)||'· 예약자명 : '||#{kName}||CHR(13)||CHR(10)||'· 예약일시 : '||#{pointDt}||CHR(13)||CHR(10)||'· 예약코스 : '||#{courseName}||CHR(13)||CHR(10)||CHR(10)||'예약이 취소 되었습니다.'
                </when>
                <when test='tmplCd == "cmigolfchang0002"'>
                 , #{subject}||CHR(13)||CHR(10)||CHR(10)||'■예약변경안내'||CHR(13)||CHR(10)||CHR(10)||'예약자명 : '||#{kName}||CHR(13)||CHR(10)||'예약일시 : '||#{pointDt}||CHR(13)||CHR(10)||'예약코스 : '||#{courseName}||CHR(13)||CHR(10)||CHR(10)||'으로 예약 되셨습니다.'
                </when>
                <when test='tmplCd == "cmicondbookg0001"'>
                 , #{subject}||CHR(13)||CHR(10)||CHR(10)||'■예약안내'||CHR(13)||CHR(10)||CHR(10)||'예약번호 : '||#{bookgNo}||CHR(13)||CHR(10)||'예약자명 : '||#{kName}||CHR(13)||CHR(10)||'예약일시 : '||#{bookgDate}||CHR(13)||CHR(10)||'객실타입 : '||#{roomName}||CHR(13)||CHR(10)||'예약객실수 : '||#{roomRms}||CHR(13)||CHR(10)||CHR(10)||'예약 되었습니다.'
                </when>
                <when test='tmplCd == "cmicondcancle0001"'>
                 , #{subject}||CHR(13)||CHR(10)||CHR(10)||'■예약취소안내'||CHR(13)||CHR(10)||CHR(10)||'예약번호 : '||#{bookgNo}||CHR(13)||CHR(10)||'예약자명 : '||#{kName}||CHR(13)||CHR(10)||'예약일시 : '||#{bookgDate}||CHR(13)||CHR(10)||'객실타입 : '||#{roomName}||CHR(13)||CHR(10)||'예약객실수 : '||#{roomRms}||CHR(13)||CHR(10)||CHR(10)||'취소 되었습니다.'
                </when>
				<when test='tmplCd == "SER0006"'>
					, #{subject}||CHR(13)||CHR(10)||CHR(10)||'■예약취소안내'||CHR(13)||CHR(10)||CHR(10)||'예약자명 : '||#{kName}||CHR(13)||CHR(10)||'휴대폰번호 : '||#{userPhone}||CHR(13)||CHR(10)||'객실타입 : '||#{roomName}||CHR(13)||CHR(10)||'입실일 : '||#{startAt}||CHR(13)||CHR(10)||'취소일 : '||#{endAt}||CHR(13)||CHR(10)||'벌점 : '||#{point}||'점'
				</when>
            </choose>
            , SYSDATE
            , 5
			, '1'
            , 'M'
            <choose>
                <when test='tmplCd == "K2_bookg_J10"'>
                 , #{subject}||CHR(13)||CHR(10)||CHR(10)||'■예약안내'||CHR(13)||CHR(10)||CHR(10)||'예약자명 : '||#{kName}||CHR(13)||CHR(10)||'예약일시 : '||#{pointDt}||CHR(13)||CHR(10)||'예약코스 : '||#{courseName}||CHR(13)||CHR(10)||CHR(10)||'으로 예약 되셨습니다.'||CHR(13)||CHR(10)||CHR(10)||'▶ 예약타임  30분 전 내장 필수!!'||CHR(13)||CHR(10)||'▶ 외부 음식물 반입금지'||CHR(13)||CHR(10)||CHR(10)||'★예약취소 및 변경시 위약기준★'||CHR(13)||CHR(10)||'   예약일 제외 4일전 17시 까지!!'||CHR(13)||CHR(10)||'   PKG 예약은 7일 전 17시 까지!!'||CHR(13)||CHR(10)||'   (위약기준 홈페이지 참조)'||CHR(13)||CHR(10)||CHR(10)||'★ 4인 플레이 필수!!★'||CHR(13)||CHR(10)||'   (3인 내장시 4인 그린피 적용)'
                </when>
                <when test='tmplCd == "cmigolfcancel0002"'>
				 , #{subject}||CHR(13)||CHR(10)||CHR(10)||'■예약취소안내'||CHR(13)||CHR(10)||CHR(10)||'· 예약자명 : '||#{kName}||CHR(13)||CHR(10)||'· 예약일시 : '||#{pointDt}||CHR(13)||CHR(10)||'· 예약코스 : '||#{courseName}||CHR(13)||CHR(10)||CHR(10)||'예약이 취소 되었습니다.'
                </when>
                <when test='tmplCd == "cmigolfchang0002"'>
                 , #{subject}||CHR(13)||CHR(10)||CHR(10)||'■예약변경안내'||CHR(13)||CHR(10)||CHR(10)||'예약자명 : '||#{kName}||CHR(13)||CHR(10)||'예약일시 : '||#{pointDt}||CHR(13)||CHR(10)||'예약코스 : '||#{courseName}||CHR(13)||CHR(10)||CHR(10)||'으로 예약 되셨습니다.'
                </when>
                <when test='tmplCd == "cmicondbookg0001"'>
                 , #{subject}||CHR(13)||CHR(10)||CHR(10)||'■예약안내'||CHR(13)||CHR(10)||CHR(10)||'예약번호 : '||#{bookgNo}||CHR(13)||CHR(10)||'예약자명 : '||#{kName}||CHR(13)||CHR(10)||'예약일시 : '||#{bookgDate}||CHR(13)||CHR(10)||'객실타입 : '||#{roomName}||CHR(13)||CHR(10)||'예약객실수 : '||#{roomRms}||CHR(13)||CHR(10)||CHR(10)||'예약 되었습니다.'
                </when>
                <when test='tmplCd == "cmicondcancle0001"'>
                 , #{subject}||CHR(13)||CHR(10)||CHR(10)||'■예약취소안내'||CHR(13)||CHR(10)||CHR(10)||'예약번호 : '||#{bookgNo}||CHR(13)||CHR(10)||'예약자명 : '||#{kName}||CHR(13)||CHR(10)||'예약일시 : '||#{bookgDate}||CHR(13)||CHR(10)||'객실타입 : '||#{roomName}||CHR(13)||CHR(10)||'예약객실수 : '||#{roomRms}||CHR(13)||CHR(10)||CHR(10)||'취소 되었습니다.'
                </when>
				<when test='tmplCd == "SER0006"'>
                 , #{subject}||CHR(13)||CHR(10)||CHR(10)||'■예약취소안내'||CHR(13)||CHR(10)||CHR(10)||'예약자명 : '||#{kName}||CHR(13)||CHR(10)||'휴대폰번호 : '||#{userPhone}||CHR(13)||CHR(10)||'객실타입 : '||#{roomName}||CHR(13)||CHR(10)||'입실일 : '||#{startAt}||CHR(13)||CHR(10)||'취소일 : '||#{endAt}||CHR(13)||CHR(10)||'벌점 : '||#{point}||'점'
                </when>
            </choose>
        )
    </insert>
	
	<!-- 휴대폰 번호 인증 이력 -->
	<insert id="smsCert" parameterType="SmsCertVO">
		/* ScriptDAO.smsCert */
		INSERT INTO SERTB_SMS_CERT
		( HANDPHONE1
		, HANDPHONE2
		, HANDPHONE3
		, CERT_SN
		, CERT_NUM
		, CERT_YN
		, CERT_DT
		, ISRT_IP
		, ISRT_DATE
		)
		VALUES
		(
		  #{handphone1}
		, CRYPTIT_TYPE2.ENCRYPT(#{handphone2})
		, #{handphone3}
		, CERT_SN.NEXTVAL
		, #{certNum}
		, 'N'
		, SYSDATE
		, #{isrtIp}
		, SYSDATE
		)
	</insert>
	
	<!-- 휴대폰 번호 인증 여부 -->
	<select id="smsCertSameMatch" parameterType="SmsCertVO" resultType="int">
		/* ScriptDAO.smsCertSameMatch */
		SELECT COUNT(CERT_SN) 
		FROM  SERTB_SMS_CERT 
		WHERE HANDPHONE1 = #{handphone1}
		AND   HANDPHONE2 = CRYPTIT_TYPE2.ENCRYPT(#{handphone2})
		AND   HANDPHONE3 = #{handphone3}
		AND   CERT_NUM = #{certNum}
		AND   CERT_SN  = ( SELECT MAX(CERT_SN) 
						   FROM  SERTB_SMS_CERT
						   WHERE HANDPHONE1 = #{handphone1}
						   AND   HANDPHONE2 = CRYPTIT_TYPE2.ENCRYPT(#{handphone2})
						   AND   HANDPHONE3 = #{handphone3}
					     )
	</select>
	
	<!-- 휴대폰 번호 일치 업데이트 -->
	<update id="smsCertSameMatchUpdate" parameterType="SmsCertVO">
		/* ScriptDAO.smsCertSameMatchUpdate */
		UPDATE SERTB_SMS_CERT
		SET 	CERT_YN = 'Y'
		WHERE HANDPHONE1 = #{handphone1}
		AND   HANDPHONE2 = CRYPTIT_TYPE2.ENCRYPT(#{handphone2})
		AND   HANDPHONE3 = #{handphone3}
		AND   CERT_SN = (  SELECT MAX(CERT_SN) 
						   FROM  SERTB_SMS_CERT
						   WHERE HANDPHONE1 = #{handphone1}
						   AND   HANDPHONE2 = CRYPTIT_TYPE2.ENCRYPT(#{handphone2})
						   AND   HANDPHONE3 = #{handphone3}
						)
	</update>
	
	<!-- mms 발송 -->
	<insert id="mmsSand" parameterType="SmsCertVO">
		/* ScriptDAO.smsCert */
		INSERT INTO MTS_MMS_MSG
		(
		, TRAN_PR
		, TRAN_PHONE
		, TRAN_CALLBACK
		, TRAN_SUBJECT
		, TRAN_MSG
		, TRAN_DATE
		, TRAN_TYPE
		)
		VALUES 
		(
		  MMS_TRAN_PR.NEXTVAL
		, #{tranPhone}
		, #{tranCallback}
		, #{tranSubject}
		, #{tranMsg}
		, SYSDATE
		, '4'
		)
	</insert>
	
</mapper>
