<?xml version="1.0" encoding="UTF-8"?>
<!DOCTYPE mapper PUBLIC "-//mybatis.org//DTD Mapper 3.0//EN" "http://mybatis.org/dtd/mybatis-3-mapper.dtd">

<mapper namespace="com.plnc.cmmn.resapi.service.impl.ResApiDAO">

	<insert id="insertResApi" parameterType="map">
        /* ResApiDAO.insertResApi */
        INSERT INTO SERTB_RES_API_HIST (
            RAH_SEQ
            , ID
            , SVC_TYPE
            , SVC_URL
            , SVC_CODE
            , REQUEST_PARAM
            , HTTP_STATUS_CODE
            <if test='httpStatusCode == "200"'>
            , RESPONSE_CODE
            , RESPONSE_MSG
            </if>
            <if test='httpStatusCode == "200" and insResponse == "Y"'>
            , RESPONSE_DATA
            </if>
            , ISRT_ID
            , ISRT_IP
            , ISRT_DATE
        ) VALUES (
            RAH_SEQ.NEXTVAL
            , #{id}
            , #{svcType}
            , #{svcUrl}
            , #{svcCode}
			, #{requestParam}
            , #{httpStatusCode}
            <if test='httpStatusCode == "200"'>
            , #{responseCode}
            , #{responseMsg}
            </if>
            <if test='httpStatusCode == "200" and insResponse == "Y"'>
			, #{responseData}
			</if>
            , #{isrtId}
            , #{isrtIp}
            , SYSDATE
        )
    </insert>
</mapper>
