<?xml version="1.0" encoding="UTF-8"?>
<!DOCTYPE mapper PUBLIC "-//mybatis.org//DTD Mapper 3.0//EN" "http://mybatis.org/dtd/mybatis-3-mapper.dtd">

<mapper namespace="com.plnc.user.event.service.impl.UserEventDAO">

	<!-- 이벤트 조회 -->
	<select id="selectEventList" parameterType="UserEventVO" resultType="UserEventVO">
		/* UserNoticeDAO.selectEventList */
		<include refid="cmmn.include.pageHeader" />
		SELECT  ROWNUM as no
			,	X.EVNT_SN
			,	X.EVNT_SJ
			,	X.EXPSR_SE
			,	X.EXPSR_AT
			,	X.EXPSR_BGNDE
			,	X.EXPSR_ENDDE
			,	X.EXPSR_CN
			,	X.MAIN_POP_AT
			,   X.ISRT_ID
			,   TO_CHAR(X.ISRT_DATE,'YYYY.MM.DD') AS ISRT_DATE
			,   X.UPDT_ID
			,   TO_CHAR(X.UPDT_DATE,'YYYY.MM.DD') AS UPDT_DATE
			FROM (
				SELECT  ROWNUM as no
				,		A.EVNT_SN
				,		A.EVNT_SJ
				,		A.EXPSR_SE
				,		A.EXPSR_AT
				,		A.EXPSR_BGNDE
				,		A.EXPSR_ENDDE
				,		A.EXPSR_CN
				,		A.MAIN_POP_AT
				,		A.ISRT_ID
				,		A.ISRT_DATE
				,		A.UPDT_ID
				,		A.UPDT_DATE
				FROM SERTB_EVNT A
				WHERE 1=1
				AND EXPSR_AT = 'Y'
				ORDER BY ISRT_DATE DESC
		)X
		<include refid="cmmn.include.pageFooter" />
	</select>
	
	<!-- 이벤트 파업 조회 -->
	<select id="selectEventPopupList" parameterType="UserEventVO" resultType="UserEventVO">
		/* UserNoticeDAO.selectEventPopupList */
		SELECT  ROWNUM as no
			,	X.EVNT_SN
			,	X.EVNT_SJ
			,	X.EXPSR_SE
			,	X.EXPSR_AT
			,	X.EXPSR_BGNDE
			,	X.EXPSR_ENDDE
			,	X.EXPSR_CN
			,	X.MAIN_POP_AT
			,   X.ISRT_ID
			,   TO_CHAR(X.ISRT_DATE,'YYYY.MM.DD') AS ISRT_DATE
			,   X.UPDT_ID
			,   TO_CHAR(X.UPDT_DATE,'YYYY.MM.DD') AS UPDT_DATE
			FROM (
				SELECT  ROWNUM as no
				,		A.EVNT_SN
				,		A.EVNT_SJ
				,		A.EXPSR_SE
				,		A.EXPSR_AT
				,		A.EXPSR_BGNDE
				,		A.EXPSR_ENDDE
				,		A.EXPSR_CN
				,		A.MAIN_POP_AT
				,		A.ISRT_ID
				,		A.ISRT_DATE
				,		A.UPDT_ID
				,		A.UPDT_DATE
				FROM SERTB_EVNT A
				WHERE 1=1
				AND EXPSR_AT = 'Y'
				AND MAIN_POP_AT = 'Y'
	 			 <![CDATA[
	 			 AND   A.EXPSR_ENDDE >= A.EXPSR_BGNDE
	 			 AND   SYSDATE >= A.EXPSR_BGNDE
	 			 AND   SYSDATE <= A.EXPSR_ENDDE
	 			 ]]>
				 ORDER BY A.UPDT_DATE DESC
			   ) X
	</select>
	
	<!-- 이벤트 전체 갯수 -->
	<select id="selectEventTotalCnt" parameterType="UserEventVO" resultType="int">
		SELECT  COUNT(X.EVNT_SN)
			FROM (
				SELECT  ROWNUM as no
				,		A.EVNT_SN
				,		A.EVNT_SJ
				,		A.EXPSR_SE
				,		A.EXPSR_AT
				,		A.EXPSR_BGNDE
				,		A.EXPSR_ENDDE
				,		A.EXPSR_CN
				,		A.MAIN_POP_AT
				,		A.ISRT_ID
				,		A.ISRT_DATE
				,		A.UPDT_ID
				,		A.UPDT_DATE
				FROM SERTB_EVNT A
				WHERE 1=1
				AND EXPSR_AT = 'Y'
				ORDER BY ISRT_DATE DESC
		)X
	</select>
	
	<!-- 이벤트 상세 조회 -->
	<select id="selectEventDetail" parameterType="UserEventVO" resultType="UserEventVO">
		<![CDATA[
		/*UserNoticeDAO.selectNoticeDetail*/
		SELECT A.EVNT_SN
			 , A.EVNT_SJ
			 , A.EXPSR_SE
			 , A.EXPSR_AT
			 , TO_CHAR(A.EXPSR_BGNDE,'YYYY-MM-DD') AS EXPSR_BGNDE
			 , TO_CHAR(A.EXPSR_ENDDE,'YYYY-MM-DD') AS EXPSR_ENDDE
			 , A.EXPSR_CN
			 , A.MAIN_POP_AT
			 , A.ISRT_ID
			 , A.ISRT_DATE
			 , A.UPDT_ID
			 , TO_CHAR(A.UPDT_DATE,'YYYY.MM.DD') AS UPDT_DATE
		  FROM SERTB_EVNT A
		 WHERE EVNT_SN = #{evntSn}
		]]>
	</select>
	
	<!-- 이벤트 파일 조회-->
	<select id="selectEventFile" parameterType="UserEventVO" resultType="UserEventVO">
		/*UserNoticeDAO.selectNoticeFile*/
		SELECT  A.URL
			  , A.NEW_FILE_NM
			  , A.BOARD_SN
		  FROM SERTB_FILE_INFO A
		 WHERE A.BOARD_SE = 'EVENT'
		 <if test='evntSn != null and evntSn != ""'>
			 AND   A.BOARD_SN = #{evntSn}
		 </if>
	</select>
	
</mapper>

