<?xml version="1.0" encoding="UTF-8"?>
<!DOCTYPE mapper PUBLIC "-//mybatis.org//DTD Mapper 3.0//EN" "http://mybatis.org/dtd/mybatis-3-mapper.dtd">

<mapper namespace="com.plnc.user.payMent.service.impl.PayMentDAO">
	
	<!-- 결제 요청에 필요한 MOID 조회 -->
	<select id="searchMoid"  resultType="string">
	/* PayMentDAO.searchMoid */
		SELECT MOID_SEQ.NEXTVAL
  		  FROM DUAL
	</select>
	
	<select id="searchName"  resultType="MberVO" parameterType="String">
	/* PayMentDAO.searchName */
		SELECT tbw.KNAME
			 , tbw.HANDPHONE1
			 , cryptit_type2.decrypt(tbw.HANDPHONE2) AS HANDPHONE2
			 , tbw.HANDPHONE3
			 , cryptit_type2.decrypt(tbw.EMAIL) AS EMAIL
		  FROM TB_WMEM tbw
		  WHERE ID = #{id}
	</select>
	
	<!-- 결제완료 -->
	<insert id="insertPayment" parameterType="map">
		/* PayMentDAO.insertPayment */
		INSERT INTO SERTB_PAYMENT
		(
			  PAY_SN
			, COMPANY_CD
			, MEMBER_NO
			, USER_ID
			, TID
			, PAY_TYPE
			, PAY_NAME
			, GOODS_NAME
			, AMT
			, AUTH_TOKEN
			, AUTH_EDI_DATE
			, AUTH_RESULT_CODE
			, RESULT_EDI_DATE
			, RESULT_CODE
			, STATUS_CODE

		) VALUES
			(
			  #{moid}
			, '1'
			, '1'
			, 'tovla006'
			, #{TID}
			, 'CARD'
			, #{PayName}
			, #{GoodsName}
			, #{Amt}
			, #{AuthToken}
			, #{AuthEdiDate}
			, #{AuthResultCode}
			, SYSDATE
			, #{ResultCode}
			, 'Y'
			)
	</insert>

	<!-- 일반 결제 tid (트랜잭션 아이디 조회) 조회 -->
	<select id="searchPayMentDetail"  resultType="String" parameterType="String">
	/* PayMentDAO.searchPayMentDetail */
		SELECT TID
		  FROM PG_FINAL_RESULT
		  WHERE MOID = #{moid}
	</select>
	
	<!-- 결제 히스토리 저장 -->
	<insert id="pgRawDataHistory" parameterType="map">
		/* PayMentDAO.pgRawDataHistory */
		INSERT INTO PG_RAW_DATA_HISTORY
		(
			  ID
			, MOID
			, PG_STEP
			, RAW_DATA
			, CREATED_AT
			, STATUS

		) VALUES
			(
			  PRD_SEQ.NEXTVAL
			, #{moid}
			, #{pgStep}
			, #{rawData}
			, #{createdAt}
			, #{status}
			)
	</insert>
		
	<!-- view로부터 받은 고객 구매요청정보 저장 -->
	<insert id="clientRequest" parameterType="ProductSampleVO">
		/* PayMentDAO.clientRequest */
		INSERT INTO CLIENT_REQUEST
		(
			  CR_SEQ
			, MOID
			, M_MENU
			, M_DNAME
			, M_AMOUNT
			, M_PRICE
			, QTY
			, USER_ID
			, PRICE
			, CR_DATE

		) VALUES
			(
			  CR_SEQ.NEXTVAL
			, #{moid}
			, #{mMenu}
			, #{mDname}
			, #{mAmount}
			, #{mPrice}
			, #{qty}
			, #{userId}
			, #{price}
			, #{crDate}
			)
	</insert>
	
	<!-- PG사로 요청 보낼 값 저장 -->
	<insert id="pgRequest" parameterType="map">
		/* PayMentDAO.pgRequest */
		INSERT INTO PG_REQUEST
		(
			  PR_SEQ
			, PAY_METHOD
			, GOODS_NAME
			, AMT
			, MID
			, MOID
			, BUYER_NAME
			, BUYER_TEL
			, BUYER_EMAIL
			, RETURN_URL
			, SIGN_DATA
			, EDI_DATE

		) VALUES
			(
			  PR_SEQ.NEXTVAL
			, #{PayMethod}
			, #{GoodsName}
			, #{Amt}
			, #{MID}
			, #{Moid}
			, #{BuyerName}
			, #{BuyerEmail}
			, #{BuyerTel}
			, #{ReturnURL}
			, #{SignData}
			, #{EdiDate}
			)
	</insert>
	
	<!-- PG사로 결제 요청 후 인증값 저장 -->
	<insert id="pgCertification" parameterType="payMentVO">
		/* PayMentDAO.pgCertification */
		INSERT INTO PG_CERTIFICATION
		(
			  PC_SEQ
			, AUTH_RESULT_CODE
			, AUTH_RESULT_MSG
			, NEXT_APP_URL
			, TXTID
			, AUTH_TOKEN
			, PAY_METHOD
			, MID
			, MOID
			, AMT
			, REQ_RESERVED
			, NET_CANCEL_URL
			, AUTH_DATE
			, STATUS

		) VALUES
			(
			  PC_SEQ.NEXTVAL
			, #{authResultCode}
			, #{authResultMsg}
			, #{nextAppUrl}
			, #{txTid}
			, #{authToken}
			, #{payMethod}
			, #{mid}
			, #{moid}
			, #{amt}
			, #{reqReserved}
			, #{netCancelUrl}
			, #{authDate}
			, #{status}
			)
	</insert>
	
	<!-- PG사로 결제승인 요청을 위한 값 저장 -->
	<insert id="pgApprovalRequest" parameterType="payMentVO">
		/* PayMentDAO.pgApprovalRequest */
		INSERT INTO PG_APPROVAL_REQUEST
		(
			  PAR_SEQ
			, TXTID
			, AUTH_TOKEN
			, MID
			, MOID
			, AMT
			, SIGN_DATA
			, AUTH_DATE

		) VALUES
			(
			  PAR_SEQ.NEXTVAL
			, #{txTid}
			, #{authToken}
			, #{mid}
			, #{moid}
			, #{amt}
			, #{signData}
			, #{authDate}
			)
	</insert>
	
	<!-- PG사 결제승인 실패 시 응답값  저장 -->
	<insert id="pgCommFailed" parameterType="map">
		/* PayMentDAO.pgCommFailed */
		INSERT INTO CMNCT_FLR
		(
			  CF_SEQ
			, RESULT_CODE
			, RESULT_MSG
			, ERROR_CD
			, ERROR_MSG
			, CANCEL_AMT
			, MID
			, MOID
			, PAY_METHOD
			, TID
			, CANCEL_DATE
			, CANCEL_TIME
			, CANCEL_NUM
			, REMAIN_AMT

		) VALUES
			(
			  CF_SEQ.NEXTVAL
			, #{resultCode}
			, #{resultMsg}
			, #{errorCd}
			, #{errorMsg}
			, #{cancelAmt}
			, #{mid}
			, #{moid}
			, #{payMethod}
			, #{tid}
			, #{cancelDate}
			, #{cancelTime}
			, #{cancelNum}
			, #{remainAmt}
			)
	</insert>
	
	<!-- PG사 결제성공 응답값  저장 -->
	<insert id="pgSuccessResult" parameterType="map">
		/* PayMentDAO.pgSuccessResult */
		INSERT INTO PG_FINAL_RESULT
		(
			  PFR_SEQ
			, RESULT_CODE
			, RESULT_MSG
			, AMT
			, MID
			, MOID
			, BUYER_EMAIL
			, BUYER_TEL
			, BUYER_NAME
			, GOODS_NAME
			, TID
			, PAY_METHOD
			, AUTH_CODE
			, AUTH_DATE
			, CARD_CODE
			, CARD_NAME
			, CARD_NO
			, CARD_QUOTA

		) VALUES
			(
			  PFR_SEQ.NEXTVAL
			, #{ResultCode}
			, #{ResultMsg}
			, #{Amt}
			, #{Mid}
			, #{Moid}
			, #{BuyerEmail}
			, #{BuyerTel}
			, #{BuyerName}
			, #{GoodsName}
			, #{TID}
			, #{PayMethod}
			, #{AuthCode}
			, #{AuthDate}
			, #{CardCode}
			, #{CardName}
			, #{CardNo}
			, #{CardQuota}
			)
	</insert>
	
	<!-- view로부터 받은 취소요청정보 저장 -->
	<insert id="clientCancelRequest" parameterType="map">
		/* PayMentDAO.clientCancelRequest */
		INSERT INTO CANCEL_CLIENT_REQUEST
		(
			  CCR_SEQ
			, CANCEL_AMT
			, PARTIAL_CANCEL_CODE
			, MOID
			, CANCEL_MSG
			, TID
			, M_MENU
			, USER_ID
			, CCR_DATE


		) VALUES
			(
			  CCR_SEQ.NEXTVAL
			, #{cancelAmt}
			, #{partialCancelCode}
			, #{moid}
			, #{cancelMsg}
			, #{tid}
			, #{mMenu}
			, #{userId}
			, #{ccrDate}
			)
	</insert>
	
	<!-- PG사로 보낼 결제 취소요청 정보 저장 -->
	<insert id="pgCancelRequest" parameterType="map">
		/* PayMentDAO.pgCancelRequest */
		INSERT INTO PG_CANCEL_REQUEST
		(
			  PCR_SEQ
			, TID
			, MID
			, MOID
			, CANCEL_AMT
			, CANCEL_MSG
			, PARTIAL_CANCEL_CODE
			, SIGN_DATA
			, EDI_DATE


		) VALUES
			(
			  PCR_SEQ.NEXTVAL
			, #{tid}
			, #{mid}
			, #{moid}
			, #{cancelAmt}
			, #{cancelMsg}
			, #{partialCancelCode}
			, #{signData}
			, #{ediDate}
			)
	</insert>
	
	<!-- PG사 결제취소 응답값  저장 -->
	<insert id="pgCancelResult" parameterType="map">
		/* PayMentDAO.pgCancelResult */
		INSERT INTO PG_CANCEL_RESULT
		(
			  PCS_SEQ
			, RESULT_CODE
			, RESULT_MSG
			, CANCEL_AMT
			, TID
			, MOID
			, REMAIN_AMT
			, PAY_METHOD
			, CANCEL_DATE

		) VALUES
			(
			  PFR_SEQ.NEXTVAL
			, #{ResultCode}
			, #{ResultMsg}
			, #{CancelAmt}
			, #{TID}
			, #{Moid}
			, #{RemainAmt}
			, #{PayMethod}
			, #{CancelDate}

			)
	</insert>
	
	<!-- 고객 간편카드 조회 -->
	<select id="cardCheck"  resultType="BillingCardVO" parameterType="String">
	/* PayMentDAO.cardCheck */
		SELECT BIR_SEQ
			 , BILLKEY
			 , CARD_NO
			 , CARD_NAME
			 , CARD_CODE
		  FROM BILLKEY_ISSUANCE_RESPONSE
		 WHERE USER_ID = #{userId}
		   AND STATUS = 'SUCCESS'
	</select>
	
	<!-- 빌키 요청에 대한 요청값 저장 -->
	<insert id="bilkeyRequest" parameterType="map">
		/* PayMentDAO.bilkeyRequest */
		INSERT INTO BILLY_ISSUANCE_REQUEST
		(
			  BILR_SEQ
			, MID
			, MOID
			, GOODS_NAME
			, AMT
			, BUYER_NAME
			, BUYER_TEL
			, BUYER_EMAIL
			, RETURN_URL
			, PAY_METHOD
			, SECURE_KEYPAD_YN
			, RQST_DATE

		) VALUES
			(
			  BILR_SEQ.NEXTVAL
			, #{MID}
			, #{Moid}
			, #{GoodsName}
			, #{Amt}
			, #{BuyerName}
			, #{BuyerTel}
			, #{BuyerEmail}
			, #{ReturnUrl}
			, #{PayMethod}
			, #{SecureKeypadYN}
			, #{rqstDate}
			)
	</insert>
	
	<!-- 빌키 요청에 대한 응답값 저장 -->
	<insert id="dataStorage" parameterType="map">
		/* PayMentDAO.dataStorage */
		INSERT INTO BILLKEY_ISSUANCE_RESPONSE
		(
			  BIR_SEQ
			, RESULT_CODE
			, RESULT_MSG
			, BILLKEY
			, TID
			, CARD_NO
			, CARD_NAME
			, CARD_CODE
			, EXP_YY
			, EXP_MM
			, CARD_CL
			, USER_ID
			, BIR_DATE
			, STATUS

		) VALUES
			(
			  BIR_SEQ.NEXTVAL
			, #{resultCode}
			, #{resultMsg}
			, #{billkey}
			, #{tid}
			, #{cardNo}
			, #{cardName}
			, #{cardCode}
			, #{expYY}
			, #{expMM}
			, #{cardCl}
			, #{userId}
			, #{birDate}
			, #{status}
			)
	</insert>
	
	<!-- 고객 등록카드 중복 조회 -->
	<select id="billCardSelect"  resultType="BillingCardVO" parameterType="String">
	/* PayMentDAO.billCardSelect */
		SELECT BIR_SEQ
			 , BILLKEY
			 , CARD_NO
			 , CARD_NAME
			 , CARD_CODE
		  FROM BILLKEY_ISSUANCE_RESPONSE
		 WHERE CARD_NAME = #{cardName}
		   AND CARD_NO = #{cardNo}
		   AND USER_ID = #{userId}
		   AND STATUS = 'SUCCESS'
	</select>
	
	<!-- 고객 등록카드 update -->
	<update id="billkeyUpdate" parameterType="map">
	/* PayMentDAO.billkeyUpdate */
		UPDATE BILLKEY_ISSUANCE_RESPONSE
		   SET 
		   	   RESULT_CODE = #{resultCode}
			 , RESULT_MSG = #{resultMsg}
			 , BILLKEY = #{billkey}
			 , TID = #{tid}
			 , CARD_CODE = #{cardCode}
			 , EXP_YY = #{expYY}
			 , EXP_MM = #{expMM}
			 , CARD_CL = #{cardCl}
			 , BIR_DATE = #{birDate}
			 , STATUS = #{status}
		 WHERE CARD_NAME = #{cardName}
		   AND CARD_NO = #{cardNo}
		   AND USER_ID = #{userId} 
	</update>
	
	<!-- 고객 빌키 조회 -->
	<select id="bilkyInquiry"  resultType="String" parameterType="int">
	/* PayMentDAO.bilkyInquiry */
		SELECT BILLKEY
		  FROM BILLKEY_ISSUANCE_RESPONSE
		 WHERE BIR_SEQ = #{birSeq}
		   AND STATUS = 'SUCCESS'
	</select>
	
	<!-- 빌링 결제 응답값 저장 -->
	<insert id="billingResult" parameterType="map">
		/* PayMentDAO.billingResult */
		INSERT INTO BILLING_APPROVE_RESULT
		(
			  BAR_SEQ
			, RESULT_CODE
			, RESULT_MSG
			, TID
			, MOID
			, AMT
			, AUTH_CODE
			, AUTH_DATE
			, ACQU_CARD_CODE
			, ACQU_CARD_NAME
			, CARD_NO
			, CARD_CODE
			, CARD_NAME
			, CARD_QUOTA
			, CARD_CL
			, CARD_INTEREST
			, CC_PART_CL

		) VALUES
			(
			  BAR_SEQ.NEXTVAL
			, #{ResultCode}
			, #{ResultMsg}
			, #{TID}
			, #{Moid}
			, #{Amt}
			, #{AuthCode}
			, #{AuthDate}
			, #{AcquCardCode}
			, #{AcquCardName}
			, #{CardNo}
			, #{CardCode}
			, #{CardName}
			, #{CardQuota}
			, #{CardCl}
			, #{CardInterest}
			, #{CcPartCl}
			)
	</insert>
	
	<!-- 빌링결제 tid (트랜잭션 아이디 조회) 조회 -->
	<select id="searchBillingTid"  resultType="String" parameterType="String">
		/* PayMentDAO.searchBillingTid */
			SELECT TID
			  FROM BILLING_APPROVE_RESULT
			  WHERE MOID = #{moid}
	</select>
	
	<!-- 결제 내역 조회 -->
	<select id="payHistoryList"  resultType="payHistoryVO" parameterType="String">
	/* PayMentDAO.payHistoryList */
	SELECT *
	FROM (
		SELECT
			ORDER_SEQ
			 , MIN(ORDER_NO) AS ORDER_NO
			 , MIN(MEM_TYPE) AS MEM_TYPE
			 , MIN(SUM_NP_AMOUNT) AS SUM_NP_AMOUNT
			 , MIN(SUM_MEM_AMOUNT) AS SUM_MEM_AMOUNT
			 , MIN(SUM_ORDER_QTY) AS SUM_ORDER_QTY
			 , TO_CHAR(MIN(LIMIT_START_DATE), 'YYYY.MM.DD') AS BUY_DATE
		     , MIN(LIMIT_START_DATE) AS SEARCH_BUY_DATE
			 , TO_CHAR(MIN(LIMIT_START_DATE), 'YYYY.MM.DD') AS LIMIT_START_DATE
			 , TO_CHAR(MIN(LIMIT_END_DATE), 'YYYY.MM.DD') AS LIMIT_END_DATE
			 , CASE WHEN SUM(CASE WHEN NO = 1 THEN 1 ELSE 0 END) > 1 THEN MIN(TICKET_NM) || ' 외 ' || (SUM(CASE WHEN NO = 1 THEN 1 ELSE 0 END) - 1) ELSE MIN(TICKET_NM) END AS TICKET_NM
			 , CASE WHEN SUM(CASE WHEN NO = 1 THEN 1 ELSE 0 END) > 1 THEN MIN(TICKET_NM) || ' 외 ' || (SUM(CASE WHEN NO = 1 THEN 1 ELSE 0 END) - 1) ELSE MIN(TICKET_NM) END AS TICKET_SHORT_NM
			 , CASE WHEN MIN(TICKET_STATUS) = '2' THEN '결제취소'
					WHEN MIN(TICKET_STATUS) = '1' THEN (CASE WHEN MIN(LIMIT_END_DATE) <![CDATA[ < ]]> SYSDATE THEN '유효기간 만료' ELSE (CASE WHEN SUM(TK_ORIGIN_CNT) <![CDATA[ > ]]> 0 AND SUM(TK_REMAIN_CNT) = 0 THEN '사용완료' ELSE '부분취소' END) END)
					WHEN MIN(TICKET_STATUS) = '0' THEN (CASE WHEN MIN(LIMIT_END_DATE) <![CDATA[ < ]]> SYSDATE THEN '유효기간 만료' ELSE (CASE WHEN SUM(TK_ORIGIN_CNT) <![CDATA[ > ]]> 0 AND SUM(TK_REMAIN_CNT) = 0 THEN '사용완료' ELSE '사용가능' END) END)
					ELSE ''
			END AS TICKET_STATUS
			 , CASE WHEN MIN(TICKET_STATUS) = '2' THEN 'CANCEL'
					WHEN MIN(TICKET_STATUS) = '1' THEN (CASE WHEN MIN(LIMIT_END_DATE) <![CDATA[ < ]]> SYSDATE THEN 'EXPIRED' ELSE (CASE WHEN SUM(TK_ORIGIN_CNT) <![CDATA[ > ]]> 0 AND SUM(TK_REMAIN_CNT) = 0 THEN 'FINAL' ELSE 'PARTIALLYCANCEL' END) END)
					WHEN MIN(TICKET_STATUS) = '0' THEN (CASE WHEN MIN(LIMIT_END_DATE) <![CDATA[ < ]]> SYSDATE THEN 'EXPIRED' ELSE (CASE WHEN SUM(TK_ORIGIN_CNT) <![CDATA[ > ]]> 0 AND SUM(TK_REMAIN_CNT) = 0 THEN 'FINAL' ELSE 'USE' END) END)
					ELSE ''
			END AS TICKET_STATUS_CHECK
		FROM (
				 SELECT
						TIC.NO
						, TIC.ORDER_SEQ
					  , TIC.ORDER_NO
					  , TIC.MEM_TYPE
					  , TIC.SUM_NP_AMOUNT
					  , TIC.SUM_MEM_AMOUNT
					  , TIC.SUM_ORDER_QTY
					  , TIC.LIMIT_START_DATE
					  , TIC.LIMIT_END_DATE
					  , TIC.TICKET_NM
					  , TIC.TK_ORIGIN_CNT
					  , TIC.TK_REMAIN_CNT
					  , TIC.TICKET_STATUS
				 FROM (
						  SELECT
								ROW_NUMBER() OVER(PARTITION BY PAY.ORDER_SEQ, DTL.TICKET_SEQ, DTL.MU_MP_FLAG ORDER BY PAY.ORDER_SEQ) NO
								, PAY.ORDER_SEQ
							   , PAY.ORDER_NO
							   , PAY.MEM_TYPE
							   , PAY.SUM_NP_AMOUNT
							   , PAY.SUM_MEM_AMOUNT
							   , PAY.SUM_ORDER_QTY
							   , PAY.TICKET_STATUS
							   , DTL.TICKET_NM
							   , LIMIT_START_DATE
							   , LIMIT_END_DATE
							   , QRC.WEEK_FLAG
							   , QRC.MU_TICKET_SEQ
							   , CASE WHEN DTL.CANCEL_YN = 'Y' THEN 0 ELSE ITD.TK_ORIGIN_CNT END AS TK_ORIGIN_CNT
							   , CASE WHEN DTL.CANCEL_YN = 'Y' THEN 0 ELSE ITD.TK_REMAIN_CNT END AS TK_REMAIN_CNT
							   , PMN.M_TICKET_QT
						  FROM SERTB_SHOP_PAYMENT PAY
								   LEFT JOIN SERTB_SHOP_PAYMENT_DTL DTL
											 ON PAY.ORDER_SEQ = DTL.ORDER_SEQ
								   LEFT JOIN SERTB_SHOP_PAYMENT_QRCODE QRC
											 ON DTL.ORDER_DTL_SEQ = QRC.ORDER_DTL_SEQ
								   LEFT JOIN ITQR_TICKET_DTL ITD
											 ON QRC.PAYMENT_QRCODE = ITD.TK_QRCODE
								   LEFT JOIN P_MENU PMN
											 ON QRC.M_MENU = PMN.M_MENU
						  WHERE PAY.MEM_ID = #{userId}
					  ) TIC
						  LEFT JOIN SERTB_MENU_UNIT_TICKET MUT
									ON TIC.MU_TICKET_SEQ = MUT.MU_TICKET_SEQ
						  LEFT JOIN SERTB_FCLT FLT
									ON MUT.FCLT_SEQ = FLT.FCLT_SEQ
			 ) TMP
		GROUP BY ORDER_SEQ
	) TMP2
	WHERE 1 = 1
		<if test="startDate != null and endDate != null">
			AND SEARCH_BUY_DATE BETWEEN TO_DATE(#{startDate} || '000000', 'YYYYMMDDHH24MISS') AND TO_DATE(#{endDate} || '235959', 'YYYYMMDDHH24MISS')
		</if>
		<if test="searchStatus != null and searchStatus != '' and searchStatus != 'ALL'">
			AND TICKET_STATUS_CHECK = #{searchStatus}
		</if>
	ORDER BY ORDER_SEQ DESC
	</select>

	<select id="payHistoryList_Bak"  resultType="payHistoryVO" parameterType="String">
		/* PayMentDAO.payHistoryList */
	<![CDATA[
		SELECT
			SSP.ORDER_SEQ
			 , MIN(SSP.ORDER_NO) AS ORDER_NO
			 , MIN(SSP.MEM_TYPE) AS MEM_TYPE
			 , MIN(SSP.SUM_NP_AMOUNT) AS SUM_NP_AMOUNT
			 , MIN(SSP.SUM_MEM_AMOUNT) AS SUM_MEM_AMOUNT
			 , MIN(SSP.SUM_ORDER_QTY) AS SUM_ORDER_QTY
			 , TO_CHAR(MIN(SSP.LIMIT_START_DATE), 'YYYY.MM.DD') AS BUY_DATE
			 , TO_CHAR(MIN(SSP.LIMIT_START_DATE), 'YYYY.MM.DD') AS LIMIT_START_DATE
			 , TO_CHAR(MIN(SSP.LIMIT_END_DATE), 'YYYY.MM.DD') AS LIMIT_END_DATE
			 , CASE WHEN COUNT(DTL.ORDER_SEQ) > 1 THEN MIN(DTL.TICKET_NM) || ' 외 ' || (COUNT(DTL.ORDER_SEQ) - 1) ELSE MIN(DTL.TICKET_NM) END TICKET_NM
			 , CASE WHEN COUNT(DTL.ORDER_SEQ) > 1 THEN MIN(DTL.TICKET_SHORT_NM) || ' 외 ' || (COUNT(DTL.ORDER_SEQ) - 1) ELSE MIN(DTL.TICKET_SHORT_NM) END TICKET_SHORT_NM
			 , CASE WHEN MIN(SSP.LIMIT_END_DATE) < SYSDATE THEN '유효기간 만료' ELSE (CASE WHEN MIN(TICKET_STATUS) = '0' THEN '사용가능' WHEN MIN(TICKET_STATUS) = '1' THEN '부분취소' ELSE '환불' END) END TICKET_STATUS
		FROM SERTB_SHOP_PAYMENT SSP
				 INNER JOIN SERTB_SHOP_PAYMENT_DTL DTL
							ON SSP.ORDER_SEQ = DTL.ORDER_SEQ
		WHERE SSP.MEM_ID = #{uesrId}
		GROUP BY SSP.ORDER_SEQ
		ORDER BY SSP.ORDER_SEQ DESC
		]]>
	</select>
	<!-- 결제 내역 상세 조회 -->
	<select id="payMentDetail"  resultType="payHistoryVO" parameterType="map">
	/* PayMentDAO.payMentDetail */
		SELECT
			ORDER_SEQ
			, ORDER_DTL_SEQ
			, MIN(ORDER_NO) AS ORDER_NO
			, MIN(MEM_TYPE) AS MEM_TYPE
			, MIN(SUM_NP_AMOUNT) AS SUM_NP_AMOUNT
			, MIN(SUM_MEM_AMOUNT) AS SUM_MEM_AMOUNT
			, MIN(BUY_QTY) AS BUY_QTY
			, MIN(CANCEL_YN) AS CANCEL_YN
			, TO_CHAR(MIN(LIMIT_START_DATE), 'YYYY.MM.DD') AS BUY_DATE
			, TO_CHAR(MIN(LIMIT_START_DATE), 'YYYY.MM.DD') AS LIMIT_START_DATE
			, TO_CHAR(MIN(LIMIT_END_DATE), 'YYYY.MM.DD') AS LIMIT_END_DATE
			, MIN(TICKET_NM) AS TICKET_NM
			, MIN(TICKET_NM) AS TICKET_SHORT_NM
			, CASE WHEN MIN(LIMIT_END_DATE) <![CDATA[ < ]]> SYSDATE THEN 'N' ELSE (CASE WHEN MIN(CANCEL_YN) = 'Y' THEN 'N' ELSE (CASE WHEN SUM(TK_REMAIN_CNT) = 0 THEN 'N' WHEN SUM(TK_ORIGIN_CNT) = SUM(TK_REMAIN_CNT) THEN 'Y' ELSE 'N' END) END) END AS CANCEL_ENABLE_YN
			, CASE WHEN MIN(CANCEL_YN) = 'Y' THEN '결제취소'
				WHEN MIN(CANCEL_YN) = 'N' THEN (CASE WHEN MIN(LIMIT_END_DATE) <![CDATA[ < ]]> SYSDATE THEN '유효기간 만료' ELSE (CASE WHEN SUM(TK_ORIGIN_CNT) <![CDATA[ > ]]> 0 AND SUM(TK_REMAIN_CNT) = 0 THEN '사용완료' ELSE '사용가능' END) END)
				ELSE ''
				END AS TICKET_STATUS
		FROM (
			SELECT
			TIC.ORDER_SEQ
			, TIC.ORDER_NO
			, TIC.ORDER_DTL_SEQ
			, TIC.MEM_TYPE
			, TIC.SUM_NP_AMOUNT
			, TIC.SUM_MEM_AMOUNT
			, TIC.BUY_QTY
			, TIC.CANCEL_YN
			, TIC.LIMIT_START_DATE
			, TIC.LIMIT_END_DATE
			, TIC.TICKET_NM
			, TIC.TK_ORIGIN_CNT
			, TIC.TK_REMAIN_CNT
			, TIC.TICKET_STATUS
			FROM (
				SELECT
					PAY.ORDER_SEQ
					, PAY.ORDER_NO
					, DTL.ORDER_DTL_SEQ
					, PAY.MEM_TYPE
					, DTL.TICKET_NM
					, DTL.NP_AMOUNT AS SUM_NP_AMOUNT
					, DTL.MEM_AMOUNT AS SUM_MEM_AMOUNT
					, DTL.BUY_QTY
					, DTL.CANCEL_YN
					, PAY.TICKET_STATUS
					, PAY.LIMIT_START_DATE
					, PAY.LIMIT_END_DATE
					, QRC.WEEK_FLAG
					, QRC.MU_TICKET_SEQ
					, CASE WHEN DTL.CANCEL_YN = 'Y' THEN 0 ELSE ITD.TK_ORIGIN_CNT END AS TK_ORIGIN_CNT
					, CASE WHEN DTL.CANCEL_YN = 'Y' THEN 0 ELSE ITD.TK_REMAIN_CNT END AS TK_REMAIN_CNT
					, PMN.M_TICKET_QT
				FROM (SELECT * FROM SERTB_SHOP_PAYMENT WHERE MEM_ID = #{userId} AND ORDER_SEQ = #{orderSeq}) PAY
				LEFT JOIN SERTB_SHOP_PAYMENT_DTL DTL
					ON PAY.ORDER_SEQ = DTL.ORDER_SEQ
				LEFT JOIN SERTB_SHOP_PAYMENT_QRCODE QRC
					ON DTL.ORDER_DTL_SEQ = QRC.ORDER_DTL_SEQ
				LEFT JOIN ITQR_TICKET_DTL ITD
					ON QRC.PAYMENT_QRCODE = ITD.TK_QRCODE
				LEFT JOIN P_MENU PMN
					ON QRC.M_MENU = PMN.M_MENU
			) TIC
			LEFT JOIN SERTB_MENU_UNIT_TICKET MUT
				ON TIC.MU_TICKET_SEQ = MUT.MU_TICKET_SEQ
			LEFT JOIN SERTB_FCLT FLT
				ON MUT.FCLT_SEQ = FLT.FCLT_SEQ
		) TMP
		GROUP BY ORDER_SEQ, ORDER_DTL_SEQ
	</select>

	<select id="payMentDetail_Bak"  resultType="payHistoryVO" parameterType="map">
		/* PayMentDAO.payMentDetail */
	<![CDATA[
		SELECT
			SSP.ORDER_SEQ
			 , DTL.ORDER_DTL_SEQ
			 , MIN(DTL.TICKET_NM) AS TICKET_NM
			 , MIN(DTL.TICKET_SHORT_NM) AS TICKET_SHORT_NM
			 , MIN(DTL.NP_AMOUNT) AS SUM_NP_AMOUNT
			 , MIN(DTL.MEM_AMOUNT) AS SUM_MEM_AMOUNT
			 , TO_CHAR(MIN(SSP.LIMIT_START_DATE), 'YYYY.MM.DD') AS LIMIT_START_DATE
			 , TO_CHAR(MIN(SSP.LIMIT_END_DATE), 'YYYY.MM.DD') AS LIMIT_END_DATE
			 , MIN(DTL.BUY_QTY) AS BUY_QTY
			 , CASE WHEN MIN(SSP.LIMIT_END_DATE) < SYSDATE THEN '유효기간 만료' ELSE (CASE WHEN MIN(CANCEL_YN) = 'Y' THEN '결제취소' ELSE (CASE WHEN SUM(ITD.TK_REMAIN_CNT) = 0 THEN '사용완료' WHEN SUM(ITD.TK_ORIGIN_CNT) = SUM(ITD.TK_REMAIN_CNT) THEN '미사용' ELSE '사용중' END) END) END AS TICKET_STATUS
			 , MIN(CANCEL_YN) AS CANCEL_YN
			 , CASE WHEN MIN(SSP.LIMIT_END_DATE) < SYSDATE THEN 'N' ELSE (CASE WHEN MIN(CANCEL_YN) = 'Y' THEN 'N' ELSE (CASE WHEN SUM(ITD.TK_REMAIN_CNT) = 0 THEN 'N' WHEN SUM(ITD.TK_ORIGIN_CNT) = SUM(ITD.TK_REMAIN_CNT) THEN 'Y' ELSE 'N' END) END) END AS CANCEL_ENABLE_YN
		FROM (SELECT * FROM SERTB_SHOP_PAYMENT WHERE MEM_ID = #{userId} AND ORDER_SEQ = #{orderSeq}) SSP
				 INNER JOIN SERTB_SHOP_PAYMENT_DTL DTL
							ON SSP.ORDER_SEQ = DTL.ORDER_SEQ
				 LEFT JOIN SERTB_SHOP_PAYMENT_QRCODE QRC
						   ON DTL.ORDER_DTL_SEQ = QRC.ORDER_DTL_SEQ
				 LEFT JOIN ITQR_TICKET_DTL ITD
						   ON QRC.PAYMENT_QRCODE = ITD.TK_QRCODE
		GROUP BY SSP.ORDER_SEQ, DTL.ORDER_DTL_SEQ
		]]>
	</select>
	<!-- 결제일 조회 -->
	<select id="payMentBuyDate"  resultType="String" parameterType="map">
	/* PayMentDAO.payMentBuyDate */
		SELECT TO_CHAR(MIN(LIMIT_START_DATE), 'YYYY.MM.DD') AS BUY_DATE
		  FROM SERTB_SHOP_PAYMENT
		 WHERE MEM_ID = #{userId}
		   AND ORDER_SEQ = #{orderSeq}
	</select>
	
	<!-- 고객정보 및 결제수단 조회 -->
	<select id="payMentInfo"  resultType="payHistoryVO" parameterType="map">
	/* PayMentDAO.payMentInfo */
		SELECT
		   MEM_TYPE
		   , ORDER_NO
		   , MEM_NAME
		   , MEM_HANDPHONE1
		   , CRYPTIT_TYPE2.DECRYPT(MEM_HANDPHONE2) AS MEM_HANDPHONE2
		   , MEM_HANDPHONE3
		   , MEM_EMAIL
		   , SUM_ORDER_QTY
		   , SUM_NP_AMOUNT
		   , SUM_MEM_AMOUNT
		   , SUM_MEM_AMOUNT - SUM_NP_AMOUNT AS DISCOUNT_AMOUNTmem
		   , PAY_METHOD
		   , CARD_CODE
		   , CARD_NAME
		   , CARD_NO
		   , CASE WHEN NVL(CARD_QUOTA, 0) = 0 THEN '일시불' ELSE '할불 ' || CARD_QUOTA || '개월' END AS CARD_QUOTA
		FROM SERTB_SHOP_PAYMENT
		WHERE MEM_ID = #{userId} AND ORDER_SEQ = #{orderSeq}
	</select>
	
</mapper>
