<?xml version="1.0" encoding="UTF-8"?>
<!DOCTYPE mapper PUBLIC "-//mybatis.org//DTD Mapper 3.0//EN" "http://mybatis.org/dtd/mybatis-3-mapper.dtd">

<mapper namespace="com.plnc.user.payMent.service.impl.OrderInvoiceDAO">
    <sql id="includeOrderTicket">
--         SELECT 4 AS TICKET_SEQ, 'test7' AS MEMBER_ID, 'S' AS MU_MP_FLAG, 1 AS TICKET_NO  FROM DUAL
--         UNION ALL
--         SELECT 1, 'test7', 'P', 2 FROM DUAL
        <foreach collection="list" item="item" index="index" separator="UNION ALL">
            SELECT #{item.ticketSeq} AS TICKET_SEQ, #{item.memberId} AS MEMBER_ID, #{item.unitPackageType} AS MU_MP_FLAG, #{item.ticketCount} AS TICKET_NO  FROM DUAL
        </foreach>
    </sql>
    <sql id="includeOrderBasket">
        SELECT
            SSB.TICKET_SEQ
            , SSB.MU_MP_FLAG
            , SSB.TICKET_NO
            , CASE WHEN SSB.MU_MP_FLAG = 'S' THEN SMUT.MU_TICKET_NM
            WHEN SSB.MU_MP_FLAG = 'P' THEN SMPT.MU_TICKET_NM
            ELSE NULL END AS TICKET_NM
            , CASE WHEN SSB.MU_MP_FLAG = 'S' THEN SMUT.MU_TICKET_SHORT_NM
            WHEN SSB.MU_MP_FLAG = 'P' THEN SMPT.MU_TICKET_SHORT_NM
            ELSE NULL END AS TICKET_SHORT_NM
            , CASE WHEN SSB.MU_MP_FLAG = 'S' THEN SMUT.PRICE
            WHEN SSB.MU_MP_FLAG = 'P' THEN SMPT.PRICE
            ELSE 0 END AS NORMAL_PRICE
            , CASE WHEN SSB.MU_MP_FLAG = 'S' THEN SMUT.MEMBER_PRICE
            WHEN SSB.MU_MP_FLAG = 'P' THEN SMPT.MEMBER_PRICE
            ELSE 0 END AS MEMBER_PRICE
        FROM (
            <include refid="includeOrderTicket" />
        ) SSB
        LEFT JOIN (
            SELECT
                TCK.MU_TICKET_SEQ
                , CASE WHEN MIN(TCK.WEEK_FLAG) = 'D' THEN '[주중] ' WHEN MIN(TCK.WEEK_FLAG) = 'E' THEN '[주말] ' ELSE '[주중/주말] ' END || MIN(TCK.MU_TICKET_NM) || (CASE WHEN MIN(TCK.FCLT_CLASS) = 'TICKET' THEN '' ELSE ' ' || MIN(TCK.MU_TICKET_SHORT_NM) END) AS MU_TICKET_NM
                , CASE WHEN MIN(TCK.WEEK_FLAG) = 'D' THEN '[주중] ' WHEN MIN(TCK.WEEK_FLAG) = 'E' THEN '[주말]' ELSE '[주중/주말]' END || MIN(TCK.MU_TICKET_NM) || (CASE WHEN MIN(TCK.FCLT_CLASS) = 'TICKET' THEN '' ELSE ' ' || MIN(TCK.MU_TICKET_SHORT_NM) END) AS MU_TICKET_SHORT_NM
                , SUM(CASE WHEN PRC.MU_TICKET_CLASS = 'NP' THEN NVL(PRC.SALE_AMT, 0) ELSE 0 END) AS PRICE
                , SUM(CASE WHEN PRC.MU_TICKET_CLASS = #{priceGrace} THEN NVL(PRC.SALE_AMT, 0) ELSE 0 END) AS MEMBER_PRICE
                , MIN(FCLT.FCLT_SEQ) AS FCLT_SEQ
                , MIN(FCLT_NM) AS FCLT_NM
                , MIN(TCK.WEEK_FLAG) AS WEEK_FLAG
                , MIN(TCK.TICKET_LIMIT_CNT) AS TICKET_LIMIT_CNT
            FROM SERTB_MENU_UNIT_TICKET TCK
            INNER JOIN SERTB_MENU_UNIT_TICKET_PRICE PRC
                ON TCK.MU_TICKET_SEQ = PRC.MU_TICKET_SEQ
            LEFT JOIN SERTB_FCLT FCLT
                ON TCK.FCLT_SEQ = FCLT.FCLT_SEQ
            WHERE TCK.MU_TICKET_START <![CDATA[<=]]> SYSDATE
                AND TCK.MU_TICKET_END <![CDATA[>=]]> SYSDATE
                AND PRC.MU_TICKET_CLASS IN ('NP', #{priceGrace})
                AND PRC.SALE_YN = 'Y'
            GROUP BY TCK.MU_TICKET_SEQ
        ) SMUT
        ON SSB.MU_MP_FLAG = 'S' AND SSB.TICKET_SEQ = SMUT.MU_TICKET_SEQ
        LEFT JOIN (
            SELECT
                PKG.MP_TICKET_SEQ
                , (CASE WHEN MIN(PKG.WEEK_FLAG) = 'D' THEN '[주중] ' WHEN MIN(PKG.WEEK_FLAG) = 'E' THEN '[주말] ' ELSE '[주중/주말] ' END) || MIN(PKG.MP_TICKET_SHORT_NM) AS MU_TICKET_NM
                , (CASE WHEN MIN(PKG.WEEK_FLAG) = 'D' THEN '[주중] ' WHEN MIN(PKG.WEEK_FLAG) = 'E' THEN '[주말] ' ELSE '[주중/주말] ' END) || MIN(PKG.MP_TICKET_SHORT_NM) AS MU_TICKET_SHORT_NM
                , SUM(CASE WHEN PKG.MP_TICKET_CLASS = 'NP' AND NO = 1 THEN NVL(PKG.SALE_AMT, 0) ELSE 0 END) AS PRICE
                , SUM(CASE WHEN PKG.MP_TICKET_CLASS = #{priceGrace} AND NO = 1 THEN NVL(PKG.SALE_AMT, 0) ELSE 0 END) AS MEMBER_PRICE
                , MIN(FCLT.FCLT_SEQ) AS FCLT_SEQ
                , MIN(MP_TICKET_NM) AS FCLT_NM
            FROM (
                SELECT
                    ROW_NUMBER() OVER(PARTITION BY TCK.MP_TICKET_SEQ, PRC.MP_TICKET_CLASS ORDER BY DTL.MU_TICKET_SEQ, DTL.MU_TICKET_SEQ) NO
                    , TCK.MP_TICKET_SEQ
                    , TCK.MP_TICKET_NM
                    , TCK.MP_TICKET_SHORT_NM
                    , TCK.WEEK_FLAG
                    , DTL.MU_TICKET_SEQ
                    , PRC.MP_TICKET_CLASS
                    , PRC.SALE_AMT
                FROM SERTB_MENU_PKG_TICKET TCK
                INNER JOIN SERTB_MENU_PKG_TICKET_DTL DTL
                    ON TCK.MP_TICKET_SEQ = DTL.MP_TICKET_SEQ
                INNER JOIN SERTB_MENU_PKG_TICKET_PRICE PRC
                    ON DTL.MP_TICKET_SEQ = PRC.MP_TICKET_SEQ
                WHERE TCK.MP_TICKET_START <![CDATA[<=]]> SYSDATE
                    AND TCK.MP_TICKET_END <![CDATA[>=]]> SYSDATE
                    AND PRC.MP_TICKET_CLASS IN ('NP', #{priceGrace})
                    AND PRC.SALE_YN = 'Y'
                ) PKG
                INNER JOIN SERTB_MENU_UNIT_TICKET SMUT
                    ON PKG.MU_TICKET_SEQ = SMUT.MU_TICKET_SEQ
                LEFT JOIN SERTB_FCLT FCLT
                    ON SMUT.FCLT_SEQ = FCLT.FCLT_SEQ
                GROUP BY PKG.MP_TICKET_SEQ
        ) SMPT
        ON SSB.MU_MP_FLAG = 'P' AND SSB.TICKET_SEQ = SMPT.MP_TICKET_SEQ
    </sql>
    <select id="selectBasketCount" resultType="int">
        SELECT COUNT(TICKET_SEQ)
        FROM (
            <include refid="includeOrderBasket" />
        ) TMP
        WHERE TICKET_NO <![CDATA[>]]> 0
            AND NORMAL_PRICE <![CDATA[>]]> 0
            AND MEMBER_PRICE <![CDATA[>]]> 0
    </select>
    <select id="listBasketGoods" resultType="OrderTicketVO">
        SELECT
        TICKET_SEQ
        , MU_MP_FLAG
        , TICKET_NO
        , TICKET_NM
        , TICKET_SHORT_NM
        , NORMAL_PRICE
        , MEMBER_PRICE
        , CASE WHEN NORMAL_PRICE >= MEMBER_PRICE THEN (NORMAL_PRICE - MEMBER_PRICE) ELSE 0 END AS DISCOUNT_PRICE
        , NORMAL_PRICE * TICKET_NO AS SUM_NORMAL_PRICE
        , MEMBER_PRICE * TICKET_NO AS SUM_MEMBER_PRICE
        , CASE WHEN NORMAL_PRICE >= MEMBER_PRICE THEN (NORMAL_PRICE - MEMBER_PRICE) * TICKET_NO ELSE 0 END AS SUM_DISCOUNT_PRICE
        FROM (
        <include refid="includeOrderBasket" />
        ) TMP
        WHERE TICKET_NO <![CDATA[>]]> 0
        AND NORMAL_PRICE <![CDATA[>]]> 0
        AND MEMBER_PRICE <![CDATA[>]]> 0
    </select>

    <select id="getOrderNoMakeSeq"  resultType="string">
        /* OrderInvoiceDAO.getOrderNoMakeSeq */
        SELECT ORDER_NO_MAKE_SEQ.NEXTVAL FROM DUAL
    </select>

    <select id="getOrderSequence"  resultType="string">
        /* OrderInvoiceDAO.getOrderSequence */
        SELECT ORDER_SEQ_SEQ.NEXTVAL FROM DUAL
    </select>

    <select id="getOrderDetailSequence"  resultType="string">
        /* OrderInvoiceDAO.getOrderDetailSequence */
        SELECT ORDER_DTL_SEQ_SEQ.NEXTVAL FROM DUAL
    </select>

    <insert id="insertShopOrder" parameterType="map">
        /* OrderInvoiceDAO.insertShopOrder */
        INSERT INTO SERTB_SHOP_ORDER (
            ORDER_SEQ
            , ORDER_NO
            , MEM_ID
            , MEM_TYPE
            , MEM_NAME
            , MEM_HANDPHONE1
            , MEM_HANDPHONE2
            , MEM_HANDPHONE3
            , MEM_EMAIL
            , SUM_NP_AMOUNT
            , SUM_MEM_AMOUNT
            , SUM_ORDER_QTY
            , ISRT_ID
            , ISRT_IP
            , ISRT_DATE
        ) VALUES (
            #{orderSeq}
            , #{orderNo}
            , #{memId}
            , #{memType}
            , #{memName}
            , #{memHandphone1}
            , CRYPTIT_TYPE2.ENCRYPT(#{memHandphone2})
            , #{memHandphone3}
            , #{memEmail}
            , #{sumNpAmount}
            , #{sumMemAmount}
            , #{sumOrderQty}
            , #{isrtId}
            , #{isrtIp}
            , SYSDATE
        )
    </insert>

    <insert id="insertShopOrderDetail" parameterType="map">
        /* OrderInvoiceDAO.insertShopOrderDetail */
        INSERT INTO SERTB_SHOP_ORDER_DTL (
            ORDER_DTL_SEQ
            , ORDER_SEQ
            , ORDER_NO
            , TICKET_SEQ
            , MU_MP_FLAG
            , TICKET_NM
            , TICKET_SHORT_NM
            , NP_AMOUNT
            , MEM_AMOUNT
            , ORDER_QTY
            , ISRT_ID
            , ISRT_IP
            , ISRT_DATE
        ) VALUES (
            ORDER_DTL_SEQ_SEQ.NEXTVAL
            , #{orderSeq}
            , #{orderNo}
            , #{ticketSeq}
            , #{muMpFlag}
            , #{ticketNm}
            , #{ticketShortNm}
            , #{npAmount}
            , #{memAmount}
            , #{orderQty}
            , #{isrtId}
            , #{isrtIp}
            , SYSDATE
        )
    </insert>

    <insert id="insertPGRequest" parameterType="map">
        /* OrderInvoiceDAO.insertPGRequest */
        INSERT INTO SERTB_PG_REQUEST (
            PR_SEQ
            , ORDER_NO
            , MID
            , PAY_METHOD
            , TICKET_NAME
            , SUM_MEM_AMOUNT
            , MEM_NAME
            , MEM_HANDPHONE1
            , MEM_HANDPHONE2
            , MEM_HANDPHONE3
            , MEM_EMAIL
            , RETURN_URL
            , SIGN_DATA
            , EDI_DATE
            , ISRT_ID
            , ISRT_IP
            , ISRT_DATE
        ) VALUES (
            PR_SEQ.NEXTVAL
            , #{orderNo}
            , #{mid}
            , #{payMethod}
            , #{ticketName}
            , #{sumMemAmount}
            , #{memName}
            , #{memHandphone1}
            , CRYPTIT_TYPE2.ENCRYPT(#{memHandphone2})
            , #{memHandphone3}
            , #{memEmail}
            , #{returnUrl}
            , #{signData}
            , #{ediDate}
            , #{isrtId}
            , #{isrtIp}
            , SYSDATE
        )
    </insert>

    <!-- PG사로 결제 요청 후 인증값 저장 -->
    <insert id="insertCertification" parameterType="map">
        /* OrderInvoiceDAO.pgCertification */
        INSERT INTO SERTB_PG_CERTIFICATION
        (
            PC_SEQ
            , ORDER_NO
            , MID
            , PAY_METHOD
            , SUM_MEM_AMOUNT
            , AUTH_RESULT_CODE
            , AUTH_RESULT_MSG
            , NEXT_APP_URL
            , TXTID
            , AUTH_TOKEN
            , REQ_RESERVED
            , NET_CANCEL_URL
            , AUTH_DATE
            , STATUS
            , ISRT_ID
            , ISRT_IP
            , ISRT_DATE
        ) VALUES (
            PC_SEQ.NEXTVAL
            , #{moid}
            , #{mid}
            , #{payMethod}
            , #{amt}
            , #{authResultCode}
            , #{authResultMsg}
            , #{nextAppURL}
            , #{txTid}
            , #{authToken}
            , #{reqReserved}
            , #{netCancelURL}
            , #{authDate}
            , #{status}
            , #{isrtId}
            , #{isrtIp}
            , SYSDATE
        )
    </insert>

    <insert id="insertApprovalRequest" parameterType="map">
        /* OrderInvoiceDAO.insertApprovalRequest */
        INSERT INTO SERTB_PG_APPROVAL_REQUEST
        (
            PAR_SEQ
            , ORDER_NO
            , MID
            , SUM_MEM_AMOUNT
            , TXTID
            , AUTH_TOKEN
            , SIGN_DATA
            , AUTH_DATE
            , ISRT_ID
            , ISRT_IP
            , ISRT_DATE
        ) VALUES (
            PAR_SEQ.NEXTVAL
            , #{moid}
            , #{mid}
            , #{amt}
            , #{txTid}
            , #{authToken}
            , #{signData}
            , #{ediDate}
            , #{isrtId}
            , #{isrtIp}
            , SYSDATE
            )
    </insert>

    <!-- PG사 결제승인 실패 시 응답값  저장 -->
    <insert id="insertNetCancel" parameterType="map">
        /* OrderInvoiceDAO.insertNetCancel */
        INSERT INTO SERTB_PG_NET_CANCEL (
              PNC_SEQ
            , ORDER_NO
            , MID
            , PAY_METHOD
            , TXTID
            , RESULT_CODE
            , RESULT_MSG
            , ERROR_CD
            , ERROR_MSG
            , CANCEL_AMT
            , CANCEL_DATE
            , CANCEL_TIME
            , CANCEL_NUM
            , REMAIN_AMT
            , ISRT_ID
            , ISRT_IP
            , ISRT_DATE
        ) VALUES (
            PNC_SEQ_SEQ.NEXTVAL
            , #{moid}
            , #{mid}
            , #{payMethod}
            , #{tid}
            , #{resultCode}
            , #{resultMsg}
            , #{errorCd}
            , #{errorMsg}
            , #{cancelAmt}
            , #{cancelDate}
            , #{cancelTime}
            , #{cancelNum}
            , #{remainAmt}
            , #{isrtId}
            , #{isrtIp}
            , SYSDATE
        )
    </insert>

    <!-- PG사 결제성공 응답값  저장 -->
    <insert id="insertPGResult" parameterType="map">
        /* OrderInvoiceDAO.insertPGResult */
        INSERT INTO SERTB_PG_FINAL_RESULT (
            PFR_SEQ
            , ORDER_NO
            , MID
            , PAY_METHOD
            , TXTID
            , RESULT_CODE
            , RESULT_MSG
            , TICKET_NAME
            , SUM_MEM_AMOUNT
            , MEM_NAME
            , MEM_HANDPHONE1
            , MEM_HANDPHONE2
            , MEM_HANDPHONE3
            , MEM_EMAIL
            , AUTH_CODE
            , AUTH_DATE
            , CARD_CODE
            , CARD_NAME
            , CARD_NO
            , CARD_QUOTA
            , ISRT_ID
            , ISRT_IP
            , ISRT_DATE
        ) VALUES (
            PFR_SEQ.NEXTVAL
            , #{orderNo}
            , #{mid}
            , #{payMethod}
            , #{txtid}
            , #{resultCode}
            , #{resultMsg}
            , #{ticketName}
            , #{sumMemAmount}
            , #{memName}
            , #{memHandphone1}
            , CRYPTIT_TYPE2.ENCRYPT(#{memHandphone2})
            , #{memHandphone3}
            , #{memEmail}
            , #{authCode}
            , #{authDate}
            , #{cardCode}
            , #{cardName}
            , #{cardNo}
            , #{cardQuota}
            , #{isrtId}
            , #{isrtIp}
            , SYSDATE
            )
    </insert>

    <!-- 결제완료 테이블에 저장 : SERTB_SHOP_PAYMENT -->
    <insert id="insertShopPayment" parameterType="map">
        /* OrderInvoiceDAO.insertShopPayment */
        INSERT INTO SERTB_SHOP_PAYMENT (
             ORDER_SEQ
            , ORDER_NO
            , MEM_ID
            , MEM_TYPE
            , MEM_NAME
            , MEM_HANDPHONE1
            , MEM_HANDPHONE2
            , MEM_HANDPHONE3
            , MEM_EMAIL
            , SUM_NP_AMOUNT
            , SUM_MEM_AMOUNT
            , SUM_ORDER_QTY
            , PAY_METHOD
            , TXTID
            , MID
            , LIMIT_START_DATE
            , LIMIT_END_DATE
            , TICKET_STATUS
            , AUTH_CODE
            , AUTH_DATE
            , CARD_CODE
            , CARD_NAME
            , CARD_NO
            , CARD_QUOTA
            , ISRT_ID
            , ISRT_IP
            , ISRT_DATE
        ) VALUES (
            #{orderSeq}
            , #{orderNo}
            , #{memId}
            , #{memType}
            , #{memName}
            , #{memHandphone1}
            , CRYPTIT_TYPE2.ENCRYPT(#{memHandphone2})
            , #{memHandphone3}
            , #{memEmail}
            , #{sumNpAmount}
            , #{sumMemAmount}
            , #{sumOrderQty}
            , #{payMethod}
            , #{txtid}
            , #{mid}
            , TO_DATE(#{limitStartDate} || ' 00:00:00', 'YYYY-MM-DD HH24:MI:SS')
            , TO_DATE(#{limitEndDate} || ' 23:59:59', 'YYYY-MM-DD HH24:MI:SS')
            , #{ticketStatus}
            , #{authCode}
            , #{authDate}
            , #{cardCode}
            , #{cardName}
            , #{cardNo}
            , #{cardQuota}
            , #{isrtId}
            , #{isrtIp}
            , SYSDATE
        )
    </insert>

    <!-- 결제완료 테이블에 저장 : SERTB_SHOP_PAYMENT -->
    <insert id="insertShopPaymentDetail" parameterType="map">
        /* OrderInvoiceDAO.insertShopPayment */
        INSERT INTO SERTB_SHOP_PAYMENT_DTL (
             ORDER_DTL_SEQ
            , ORDER_SEQ
            , ORDER_NO
            , TICKET_SEQ
            , MU_MP_FLAG
            , TICKET_NM
            , TICKET_SHORT_NM
            , NP_AMOUNT
            , MEM_AMOUNT
            , BUY_QTY
            , CANCEL_YN
            , ISRT_ID
            , ISRT_IP
            , ISRT_DATE
        ) VALUES (
            #{orderDtlSeq}
            , #{orderSeq}
            , #{orderNo}
            , #{ticketSeq}
            , #{muMpFlag}
            , #{ticketNm}
            , #{ticketShortNm}
            , #{npAmount}
            , #{memAmount}
            , #{buyQty}
            , #{cancelYn}
            , #{isrtId}
            , #{isrtIp}
            , SYSDATE
        )
    </insert>

    <select id="getQRCode"  resultType="string">
        /* OrderInvoiceDAO.getQRCode */
        SELECT '92' || TO_CHAR(SYSTIMESTAMP, 'YYMMDDHH24MISS') || QRCODE_MAKE_SEQ.NEXTVAL FROM DUAL
    </select>

    <!-- 결제완료 테이블에 저장 : SERTB_SHOP_PAYMENT_QRCODE -->
    <insert id="insertShopPaymentQrcode" parameterType="map">
        /* OrderInvoiceDAO.insertShopPaymentQrcode */
        INSERT INTO SERTB_SHOP_PAYMENT_QRCODE (
            QRCODE_SEQ
            , ORDER_SEQ
            , ORDER_DTL_SEQ
            , ORDER_DTL_NO
            , MU_TICKET_SEQ
            , M_MENU
            , PAYMENT_QRCODE
            , TICKET_LIMIT_CNT
            , MU_TICKET_NM
            , MU_TICKET_SHORT_NM
            , WEEK_FLAG
            , ISRT_ID
            , ISRT_IP
            , ISRT_DATE
        ) VALUES (
            QRCODE_SEQ.NEXTVAL
            , #{orderSeq}
            , #{orderDtlSeq}
            , #{orderDtlNo}
            , #{muTicketSeq}
            , #{mMenu}
            , #{paymentQrcode}
            , #{ticketLimitCnt}
            , #{muTicketNm}
            , #{muTicketShortNm}
            , #{weekFlag}
            , #{isrtId}
            , #{isrtIp}
            , SYSDATE
        )
    </insert>

    <select id="listUnitTicketGoods" resultType="TicketInformation">
        SELECT
            '0' AS IA_ONOFF_KB
             , '92' AS IA_AGENT_CD
             , TO_CHAR(SYSDATE, 'YYYYMMDD') AS IA_SALES_DT
             , GOOD.M_LOC AS IA_OUTLET_CD
             , GOOD.M_MENU AS IA_GOODS_CD
             , MUT.MU_TICKET_NM AS IA_GOODS_NM
             , MUT.MU_TICKET_SHORT_NM AS MU_TICKET_SHORT_NM
             , MUT.MU_TICKET_SEQ AS MU_TICKET_SEQ
             , 'O1' AS IA_GOODS_TY
             , CASE WHEN GOOD.M_REF4 = 'D' OR GOOD.M_REF4 = 'E' THEN GOOD.M_REF4 ELSE 'A' END AS IA_WEEK_TY
             , TPR.SALE_AMT AS IA_UNIT_PRICE
             , TPR.SALE_AMT AS IA_SALES_AMT
             , NULL AS IA_MEMBER_NO
             , 'N' AS IA_USE_YN
             , 'N' AS IA_CLOSE_YN
             , NULL AS IA_USE_DT
             , TO_CHAR(SYSDATE, 'YYYYMMDD') AS IA_ISSUED_DT
             , TO_CHAR(SYSDATE + 31, 'YYYYMMDD') AS IA_EXPIRE_DT
             , 'N' AS IA_REFUND_YN
             , NULL AS IA_REFUND_DT
             , 0 AS IA_REFUND_AMT
             , GOOD.M_TICKET_QT AS TK_ORIGIN_CNT
             , GOOD.M_TICKET_QT AS TK_REMAIN_CNT
             , NULL AS TK_PKGSUB_CD
             , NULL AS TK_PKGSUB_NM
             , '0' AS TK_STATE
        FROM SERTB_MENU_UNIT_TICKET MUT
        INNER JOIN SERTB_MENU_UNIT_TICKET_PRICE TPR
            ON MUT.MU_TICKET_SEQ = TPR.MU_TICKET_SEQ
        INNER JOIN P_MENU GOOD
            ON TPR.M_MENU = GOOD.M_MENU
        WHERE MUT.MU_TICKET_SEQ = #{ticketSeq}
          AND TPR.MU_TICKET_CLASS = #{priceGrade}
    </select>

    <select id="listPackageTicketGoods" resultType="TicketInformation">
        SELECT
            '0' AS IA_ONOFF_KB
             , '92' AS IA_AGENT_CD
             , TO_CHAR(SYSDATE, 'YYYYMMDD') AS IA_SALES_DT
             , GOOD.M_LOC AS IA_OUTLET_CD
             , GOOD.M_MENU AS IA_GOODS_CD
             , MUT.MU_TICKET_NM AS IA_GOODS_NM
             , MUT.MU_TICKET_SHORT_NM AS MU_TICKET_SHORT_NM
             , MUT.MU_TICKET_SEQ AS MU_TICKET_SEQ
             , 'O2' AS IA_GOODS_TY
             , CASE WHEN GOOD.M_REF4 = 'D' OR GOOD.M_REF4 = 'E' THEN GOOD.M_REF4 ELSE 'A' END AS IA_WEEK_TY
             , TPR.SALE_AMT AS IA_UNIT_PRICE
             , TPR.SALE_AMT AS IA_SALES_AMT
             , NULL AS IA_MEMBER_NO
             , 'N' AS IA_USE_YN
             , 'N' AS IA_CLOSE_YN
             , NULL AS IA_USE_DT
             , TO_CHAR(SYSDATE, 'YYYYMMDD') AS IA_ISSUED_DT
             , TO_CHAR(SYSDATE + 31, 'YYYYMMDD') AS IA_EXPIRE_DT
             , 'N' AS IA_REFUND_YN
             , NULL AS IA_REFUND_DT
             , 0 AS IA_REFUND_AMT
             , GOOD.M_TICKET_QT AS TK_ORIGIN_CNT
             , GOOD.M_TICKET_QT AS TK_REMAIN_CNT
             , PKG.TK_PKGSUB_CD
             , PKG.TK_PKGSUB_NM
             , '0' AS TK_STATE
        FROM (
            SELECT
             MPT.MP_TICKET_SEQ
              , GOOD.M_MENU AS TK_PKGSUB_CD
              , MPT.MP_TICKET_NM AS TK_PKGSUB_NM
              , TPR.SALE_AMT AS IA_UNIT_PRICE
              , TPR.SALE_AMT AS IA_SALES_AMT
            FROM SERTB_MENU_PKG_TICKET MPT
            INNER JOIN SERTB_MENU_PKG_TICKET_PRICE TPR
                ON MPT.MP_TICKET_SEQ = TPR.MP_TICKET_SEQ
            INNER JOIN P_MENU GOOD
                ON TPR.M_MENU = GOOD.M_MENU
            WHERE MPT.MP_TICKET_SEQ = #{ticketSeq}
                AND TPR.MP_TICKET_CLASS = #{priceGrade}
        ) PKG
        INNER JOIN SERTB_MENU_PKG_TICKET_DTL DTL
            ON PKG.MP_TICKET_SEQ = DTL.MP_TICKET_SEQ
        INNER JOIN SERTB_MENU_UNIT_TICKET MUT
            ON DTL.MU_TICKET_SEQ = MUT.MU_TICKET_SEQ
        INNER JOIN SERTB_MENU_UNIT_TICKET_PRICE TPR
            ON MUT.MU_TICKET_SEQ = TPR.MU_TICKET_SEQ
        INNER JOIN P_MENU GOOD
            ON TPR.M_MENU = GOOD.M_MENU
        WHERE TPR.MU_TICKET_CLASS = #{priceGrade}
    </select>

    <!-- 결제완료 테이블에 저장 : ITREV_ACTIVITY -->
    <insert id="insertItrevActivity" parameterType="map">
        /* OrderInvoiceDAO.insertItrevActivity */
        INSERT INTO ITREV_ACTIVITY (
             IA_QRCODE
            , IA_ONOFF_KB
            , IA_AGENT_CD
            , IA_SALES_DT
            , IA_OUTLET_CD
            , IA_GOODS_CD
            , IA_GOODS_NM
            , IA_GOODS_TY
            , IA_WEEK_TY
            , IA_UNIT_PRICE
            , IA_SALES_AMT
            , IA_MEMBER_NO
            , IA_USE_YN
            , IA_USE_DT
            , IA_CLOSE_YN
            , IA_ISSUED_DT
            , IA_EXPIRE_DT
            , IA_REFUND_YN
            , IA_REFUND_DT
            , IA_REFUND_AMT
            , IA_PUR_NO
            , IA_SYNC
            , ISRT_ID
            , ISRT_IP
            , ISRT_DATE
        ) VALUES (
            #{iaQrcode}
            , #{iaOnoffKb}
            , #{iaAgentCd}
            , #{iaSalesDt}
            , #{iaOutletCd}
            , #{iaGoodsCd}
            , #{iaGoodsNm}
            , #{iaGoodsTy}
            , #{iaWeekTy}
            , #{iaUnitPrice}
            , #{iaSalesAmt}
            , #{iaMemberNo}
            , #{iaUseYn}
            , #{iaUseDt}
            , #{iaCloseYn}
            , #{iaIssuedDt}
            , #{iaExpireDt}
            , #{iaRefundYn}
            , #{iaRefundDt}
            , #{iaRefundAmt}
            , #{iaPurNo}
            , 'I'
            , #{isrtId}
            , #{isrtIp}
            , SYSDATE
        )
    </insert>

    <!-- 결제완료 테이블에 저장 : ITQR_TICKET_DTL -->
    <insert id="insertItqrTicketDtl" parameterType="map">
        /* OrderInvoiceDAO.insertItqrTicketDtl */
        INSERT INTO ITQR_TICKET_DTL (
              TK_QRCODE
            , TK_USE_OUTLET
            , TK_GOODS_CD
            , TK_PKGSUB_CD
            , TK_PKGSUB_NM
            , TK_ORIGIN_CNT
            , TK_REMAIN_CNT
            , TK_STATE
            , TK_ITEM_CD
            , TK_CODE
        ) VALUES (
            #{tkQrcode}
            , #{tkUseOutlet}
            , #{tkGoodsCd}
            , #{tkPkgsubCd}
            , #{tkPkgsubNm}
            , #{tkOriginCnt}
            , #{tkRemainCnt}
            , #{tkState}
            , #{tkItemCd}
            , #{tkCode}
        )
    </insert>

    <select id="getCancelTicket" resultType="CancelTicketVO">
        /* OrderInvoiceDAO.getCancelTicket */
        SELECT
            SSP.ORDER_SEQ
            , MIN(SSP.ORDER_NO) AS ORDER_NO
            , MIN(SSP.MEM_ID) AS MEM_ID
            , MIN(SSP.SUM_MEM_AMOUNT) AS SUM_MEM_AMOUNT
            , MIN(SSP.TXTID) AS TXTID
            , MIN(SSP.LIMIT_START_DATE) AS LIMIT_START_DATE
            , MIN(SSP.LIMIT_END_DATE) AS LIMIT_END_DATE
            , MIN(SSP.TICKET_STATUS) AS TICKET_STATUS
            , MIN(SSP.MID) AS MID
            , MIN(GDTL.GOODS_NO) AS GOODS_NO
            , MIN(GDTL.CANCEL_COUNT) AS CANCEL_COUNT
            , SUM(CASE WHEN DTL.ORDER_DTL_SEQ = #{orderDetailSequence} THEN (CASE WHEN DTL.CANCEL_YN = 'Y' THEN 1 ELSE 0 END) ELSE 0 END) AS CANCEL_FLAG
            , SUM(CASE WHEN DTL.ORDER_DTL_SEQ = #{orderDetailSequence} THEN DTL.MEM_AMOUNT ELSE 0 END) AS MEM_AMOUNT
            , SUM(CASE WHEN DTL.CANCEL_YN = 'Y' THEN DTL.MEM_AMOUNT ELSE 0 END) AS CANCEL_AMOUNT
            , CASE WHEN MIN(SSP.LIMIT_END_DATE) <![CDATA[<]]> SYSDATE THEN 'Y' ELSE 'N' END AS CLOSE_YN
        FROM SERTB_SHOP_PAYMENT SSP
        INNER JOIN SERTB_SHOP_PAYMENT_DTL DTL
            ON SSP.ORDER_SEQ = DTL.ORDER_SEQ
        INNER JOIN (SELECT ORDER_SEQ, COUNT(ORDER_DTL_SEQ) AS GOODS_NO, SUM(CASE WHEN CANCEL_YN = 'Y' THEN 1 ELSE 0 END) AS CANCEL_COUNT FROM SERTB_SHOP_PAYMENT_DTL WHERE ORDER_SEQ = #{orderSequence} GROUP BY ORDER_SEQ) GDTL
            ON SSP.ORDER_SEQ = GDTL.ORDER_SEQ
        WHERE SSP.ORDER_SEQ = #{orderSequence}
            AND DTL.ORDER_DTL_SEQ = #{orderDetailSequence}
        GROUP BY SSP.ORDER_SEQ
    </select>

    <select id="selectTicketUsedCount" resultType="int">
        /* OrderInvoiceDAO.selectTicketUsedCount */
        SELECT CASE WHEN USED_COUNT IS NULL THEN 0 ELSE USED_COUNT END AS USED_COUNT
        FROM (
            SELECT
                SUM(CASE WHEN (ITD.TK_ORIGIN_CNT != ITD.TK_REMAIN_CNT) OR (ITD.TK_STATE != '0') THEN 1 ELSE 0 END) AS USED_COUNT
            FROM (SELECT ORDER_SEQ, PAYMENT_QRCODE FROM SERTB_SHOP_PAYMENT_QRCODE WHERE ORDER_SEQ = #{orderSequence} AND ORDER_DTL_SEQ = #{orderDetailSequence}) SPQ
            LEFT JOIN ITQR_TICKET_DTL ITD
                ON SPQ.PAYMENT_QRCODE = ITD.TK_QRCODE
            GROUP BY SPQ.ORDER_SEQ
        ) TMP
    </select>

    <select id="listTicketQRCode" resultType="string">
        /* OrderInvoiceDAO.listTicketQRCode */
        SELECT
            PAYMENT_QRCODE
        FROM (SELECT ORDER_SEQ, PAYMENT_QRCODE FROM SERTB_SHOP_PAYMENT_QRCODE WHERE ORDER_SEQ = #{orderSequence} AND ORDER_DTL_SEQ = #{orderDetailSequence}) SPQ
        INNER JOIN ITQR_TICKET_DTL ITD
            ON SPQ.PAYMENT_QRCODE = ITD.TK_QRCODE
    </select>

    <!-- view로부터 받은 취소요청정보 저장 -->
    <insert id="insertClientCancelRequest" parameterType="map">
        /* OrderInvoiceDAO.insertClientCancelRequest */
        INSERT INTO SERTB_CANCEL_CLIENT_REQUEST (
            CCR_SEQ
            , ORDER_SEQ
            , ORDER_DTL_SEQ
            , CANCEL_AMT
            , PARTIAL_CANCEL_CODE
            , MOID
            , CANCEL_MSG
            , TID
            , USER_ID
            , CCR_DATE
            , ISRT_ID
            , ISRT_IP
            , ISRT_DATE
        ) VALUES (
            CCR_SEQ.NEXTVAL
            , #{orderSeq}
            , #{orderDtlSeq}
            , #{cancelAmt}
            , #{partialCancelCode}
            , #{moid}
            , #{cancelMsg}
            , #{tid}
            , #{userId}
            , #{ccrDate}
            , #{isrtId}
            , #{isrtIp}
            , SYSDATE
        )
    </insert>

    <!-- PG사로 보낼 결제 취소요청 정보 저장 -->
    <insert id="insertPGCancelRequest" parameterType="map">
        /* OrderInvoiceDAO.insertPGCancelRequest */
        INSERT INTO SERTB_PG_CANCEL_REQUEST (
              PCR_SEQ
            , TID
            , MID
            , ORDER_SEQ
            , ORDER_DTL_SEQ
            , MOID
            , CANCEL_AMT
            , CANCEL_MSG
            , PARTIAL_CANCEL_CODE
            , SIGN_DATA
            , EDI_DATE
            , ISRT_ID
            , ISRT_IP
            , ISRT_DATE
        ) VALUES (
            PCR_SEQ.NEXTVAL
            , #{tid}
            , #{mid}
            , #{orderSeq}
            , #{orderDtlSeq}
            , #{moid}
            , #{cancelAmt}
            , #{cancelMsg}
            , #{partialCancelCode}
            , #{signData}
            , #{ediDate}
            , #{isrtId}
            , #{isrtIp}
            , SYSDATE
        )
    </insert>

    <!-- PG사 결제취소 응답값  저장 -->
    <insert id="insertCancelResult" parameterType="map">
        /* PayMentDAO.pgCancelResult */
        INSERT INTO SERTB_PG_CANCEL_RESULT (
            PCS_SEQ
            , TID
            , ORDER_SEQ
            , ORDER_DTL_SEQ
            , MOID
            , CANCEL_AMT
            , RESULT_CODE
            , RESULT_MSG
            , REMAIN_AMT
            , PAY_METHOD
            , CANCEL_DATE
            , ISRT_ID
            , ISRT_IP
            , ISRT_DATE
        ) VALUES (
            #{pcsSeq}
            , #{tid}
            , #{orderSeq}
            , #{orderDtlSeq}
            , #{moid}
            , #{cancelAmt}
            , #{resultCode}
            , #{resultMsg}
            , #{remainAmt}
            , #{payMethod}
            , #{cancelDate}
            , #{isrtId}
            , #{isrtIp}
            , SYSDATE
        )
    </insert>

    <select id="getCancelSequence"  resultType="string">
        /* OrderInvoiceDAO.getOrderSequence */
        SELECT PCS_SEQ.NEXTVAL FROM DUAL
    </select>

    <update id="updatePaymentForCancel" parameterType="map">
        /* OrderInvoiceDAO.updatePaymentForCancel */
        UPDATE SERTB_SHOP_PAYMENT
        SET TICKET_STATUS = #{ticketStatus}, UPDT_ID = #{updtId}, UPDT_IP = #{updtIp}, UPDT_DATE = SYSDATE
        WHERE ORDER_SEQ = #{orderSeq}
    </update>

    <update id="updatePaymentDetailForCancel" parameterType="map">
        /* OrderInvoiceDAO.updatePaymentDetailForCancel */
        UPDATE SERTB_SHOP_PAYMENT_DTL
        SET CANCEL_YN = 'Y', CANCEL_SEQ = #{cancelSeq}, UPDT_ID = #{updtId}, UPDT_IP = #{updtIp}, UPDT_DATE = SYSDATE
        WHERE ORDER_SEQ = #{orderSeq} AND ORDER_DTL_SEQ = #{orderDtlSeq}
    </update>

    <update id="updateItrevActivityForCancel" parameterType="map">
        /* OrderInvoiceDAO.updateItrevActivityForCancel */
        UPDATE ITREV_ACTIVITY
        SET IA_REFUND_YN = 'Y', IA_REFUND_DT = TO_CHAR(SYSDATE, 'YYYYMMDD'), IA_REFUND_AMT = #{iaRefundAmt}, IA_CANCEL_SEQ = #{iaCancelSeq}, IA_SYNC = 'U', UPDT_ID = #{updtId}, UPDT_IP = #{updtIp}, UPDT_DATE = SYSDATE
        WHERE IA_QRCODE = #{iaQrcode}
    </update>

    <select id="listSimpleCard" resultType="map">
        /* OrderInvoiceDAO.listSimpleCard */
        SELECT
            BIR_SEQ AS serialNo
            , CARD_NO AS creditNumber
            , CARD_NAME AS cardName
        FROM SERTB_BILLKEY_RESPONSE
        WHERE USER_ID = #{userId}
          AND STATUS = 'SUCCESS'
    </select>

    <!-- 고객 등록카드 중복 조회 -->
    <select id="getBillCardSelect"  resultType="map" parameterType="String">
        /* OrderInvoiceDAO.getBillCardSelect */
        SELECT BIR_SEQ
             , BILLKEY
             , CARD_NO
             , CARD_NAME
             , CARD_CODE
        FROM SERTB_BILLKEY_RESPONSE
        WHERE BIR_SEQ = #{billSeq}
          AND USER_ID = #{userId}
          AND STATUS = 'SUCCESS'
    </select>
    <!-- 빌키 요청에 대한 요청값 저장 -->
    <insert id="insertBillKeyRequest" parameterType="map">
        /* OrderInvoiceDAO.insertBillKeyRequest */
        INSERT INTO SERTB_BILLY_ISSUANCE_REQUEST (
            BILR_SEQ
            , ORDER_NO
            , MID
            , PAY_METHOD
            , TICKET_NAME
            , SUM_MEM_AMOUNT
            , MEM_NAME
            , MEM_HANDPHONE1
            , MEM_HANDPHONE2
            , MEM_HANDPHONE3
            , MEM_EMAIL
            , RETURN_URL
            , SECURE_KEYPAD_YN
            , RQST_DATE
            , ISRT_ID
            , ISRT_IP
            , ISRT_DATE
        ) VALUES (
            BILR_SEQ.NEXTVAL
            , #{orderNo}
            , #{mid}
            , #{payMethod}
            , #{ticketName}
            , #{sumMemAmount}
            , #{memName}
            , #{memHandphone1}
            , #{memHandphone2}
            , #{memHandphone3}
            , #{memEmail}
            , #{returnUrl}
            , #{secureKeypadYn}
            , #{rqstDate}
            , #{isrtId}
            , #{isrtIp}
            , SYSDATE
            )
    </insert>

    <select id="getBillCardCount"  resultType="int" parameterType="String">
        /* OrderInvoiceDAO.getBillCardCount */
        SELECT COUNT(BIR_SEQ)
        FROM SERTB_BILLKEY_RESPONSE
        WHERE CARD_NAME = #{cardName}
          AND CARD_NO = #{cardNo}
          AND USER_ID = #{userId}
          AND STATUS = 'SUCCESS'
    </select>

    <!-- 빌키 요청에 대한 응답값 저장 -->
    <insert id="insertBillKeyResponse" parameterType="map">
        /* OrderInvoiceDAO.insertBillKeyResponse */
        INSERT INTO SERTB_BILLKEY_RESPONSE (
            BIR_SEQ
            , RESULT_CODE
            , RESULT_MSG
            , BILLKEY
            , TID
            , CARD_NO
            , CARD_NAME
            , CARD_CODE
            , EXP_YY
            , EXP_MM
            , CARD_CL
            , USER_ID
            , BIR_DATE
            , STATUS
            , ISRT_ID
            , ISRT_IP
            , ISRT_DATE
        ) VALUES (
            BIR_SEQ.NEXTVAL
            , #{resultCode}
            , #{resultMsg}
            , #{billkey}
            , #{tid}
            , #{cardNo}
            , #{cardName}
            , #{cardCode}
            , #{expYY}
            , #{expMM}
            , #{cardCl}
            , #{userId}
            , #{birDate}
            , #{status}
            , #{isrtId}
            , #{isrtIp}
            , SYSDATE
        )
    </insert>

    <!-- 고객 등록카드 update -->
    <update id="updateBillKeyResponse" parameterType="map">
        /* OrderInvoiceDAO.updateBillKeyResponse */
        UPDATE SERTB_BILLKEY_RESPONSE
        SET
            RESULT_CODE = #{resultCode}
            , RESULT_MSG = #{resultMsg}
            , BILLKEY = #{billkey}
            , TID = #{tid}
            , CARD_CODE = #{cardCode}
            , EXP_YY = #{expYY}
            , EXP_MM = #{expMM}
            , CARD_CL = #{cardCl}
            , BIR_DATE = #{birDate}
            , STATUS = #{status}
        WHERE CARD_NAME = #{cardName}
          AND CARD_NO = #{cardNo}
          AND USER_ID = #{userId}
    </update>

    <!-- 빌링 결제 응답값 저장 -->
    <insert id="insertBillingResult" parameterType="map">
        /* OrderInvoiceDAO.insertBillingResult */
        INSERT INTO SERTB_BILLING_APPROVE_RESULT(
            BAR_SEQ
            , RESULT_CODE
            , RESULT_MSG
            , TID
            , MOID
            , AMT
            , AUTH_CODE
            , AUTH_DATE
            , ACQU_CARD_CODE
            , ACQU_CARD_NAME
            , CARD_NO
            , CARD_CODE
            , CARD_NAME
            , CARD_QUOTA
            , CARD_CL
            , CARD_INTEREST
            , CC_PART_CL
            , ISRT_ID
            , ISRT_IP
            , ISRT_DATE
        ) VALUES (
            BAR_SEQ.NEXTVAL
            , #{ResultCode}
            , #{ResultMsg}
            , #{TID}
            , #{Moid}
            , #{Amt}
            , #{AuthCode}
            , #{AuthDate}
            , #{AcquCardCode}
            , #{AcquCardName}
            , #{CardNo}
            , #{CardCode}
            , #{CardName}
            , #{CardQuota}
            , #{CardCl}
            , #{CardInterest}
            , #{CcPartCl}
            , #{isrtId}
            , #{isrtIp}
            , SYSDATE
        )
    </insert>

    <delete id="deleteShopBasket" parameterType="OrderTicketVO">
        DELETE FROM SERTB_SHOP_BASKET
        WHERE TICKET_SEQ = #{ticketSeq}
            AND MEMBER_ID = #{memberId}
            AND MU_MP_FLAG = #{muMpFlag}
    </delete>

    <select id="listRefundPaid"  resultType="OrderTicketVO">
        /* OrderInvoiceDAO.listRefundPaid */
        SELECT
            ORDER_SEQ AS ORDER_SEQUENCE
            , ORDER_DTL_SEQ AS ORDER_DETAIL_SEQUENCE
            , CANCEL_YN
            , USE_YN
        FROM (
            SELECT
                PAY.ORDER_SEQ
                , NVL(DTL.ORDER_DTL_SEQ, 0) AS ORDER_DTL_SEQ
                , NVL(DTL.CANCEL_YN, 'Y') AS CANCEL_YN
                , CASE WHEN NVL(TQR.TK_ORIGIN_CNT, 1) != NVL(TQR.TK_REMAIN_CNT, 1) THEN 'Y' ELSE 'N' END USE_YN
            FROM (SELECT ORDER_SEQ FROM SERTB_SHOP_PAYMENT WHERE LIMIT_END_DATE BETWEEN SYSDATE - 3 AND SYSDATE) PAY
            LEFT JOIN SERTB_SHOP_PAYMENT_DTL DTL
                ON PAY.ORDER_SEQ = DTL.ORDER_SEQ
            LEFT JOIN SERTB_SHOP_PAYMENT_QRCODE QRC
                ON DTL.ORDER_DTL_SEQ = QRC.ORDER_DTL_SEQ
            LEFT JOIN ITQR_TICKET_DTL TQR
                ON QRC.PAYMENT_QRCODE = TQR.TK_QRCODE
        ) TMP
        WHERE CANCEL_YN = 'N'
            AND USE_YN = 'N'
    </select>

    <select id="selectQRCode"  resultType="string">
        /* OrderInvoiceDAO.selectQRCode */
        SELECT PAYMENT_QRCODE
        FROM SERTB_SHOP_PAYMENT_QRCODE
        WHERE ORDER_SEQ = #{orderSequence}
          AND ORDER_DTL_SEQ = #{orderDetailSequence}
          AND ROWNUM = 1
    </select>
</mapper>