<?xml version="1.0" encoding="UTF-8"?>
<!DOCTYPE mapper PUBLIC "-//mybatis.org//DTD Mapper 3.0//EN" "http://mybatis.org/dtd/mybatis-3-mapper.dtd">

<mapper namespace="com.plnc.user.payMent.service.impl.CondoDAO">
    <select id="getOrdernoMakeSeq"  resultType="string">
        /* CondoDAO.getOrdernoMakeSeq */
        SELECT ORDER_NO_MAKE_SEQ.NEXTVAL FROM DUAL
    </select>
    
    <select id="getOrderSeq"  resultType="string">
        /* CondoDAO.getOrderSeq */
        SELECT ORDER_SEQ_SEQ.NEXTVAL FROM DUAL
    </select>
    
    <!-- PG사로 결제 요청 후 인증값 저장 -->
    <insert id="insertCertification" parameterType="map">
        /* OrderInvoiceDAO.pgCertification */
        INSERT INTO SERTB_PG_CERTIFICATION
        (
            PC_SEQ
            , ORDER_NO
            , MID
            , PAY_METHOD
            , SUM_MEM_AMOUNT
            , AUTH_RESULT_CODE
            , AUTH_RESULT_MSG
            , NEXT_APP_URL
            , TXTID
            , AUTH_TOKEN
            , REQ_RESERVED
            , NET_CANCEL_URL
            , AUTH_DATE
            , STATUS
            , ISRT_ID
            , ISRT_IP
            , ISRT_DATE
        ) VALUES (
            PC_SEQ.NEXTVAL
            , #{moid}
            , #{mid}
            , #{payMethod}
            , #{amt}
            , #{authResultCode}
            , #{authResultMsg}
            , #{nextAppURL}
            , #{txTid}
            , #{authToken}
            , #{reqReserved}
            , #{netCancelURL}
            , #{authDate}
            , #{status}
            , #{isrtId}
            , #{isrtIp}
            , SYSDATE
        )
    </insert>
    
<!-- PG사 결제성공 응답값  저장 -->
    <insert id="insertPGResult" parameterType="map">
        /* OrderInvoiceDAO.insertPGResult */
        INSERT INTO SERTB_PG_FINAL_RESULT (
            PFR_SEQ
            , ORDER_NO
            , MID
            , PAY_METHOD
            , TXTID
            , RESULT_CODE
            , RESULT_MSG
            , TICKET_NAME
            , SUM_MEM_AMOUNT
            , MEM_NAME
            , MEM_HANDPHONE1
            , MEM_HANDPHONE2
            , MEM_HANDPHONE3
            , MEM_EMAIL
            , AUTH_CODE
            , AUTH_DATE
            , CARD_CODE
            , CARD_NAME
            , CARD_NO
            , CARD_QUOTA
            , ISRT_ID
            , ISRT_IP
            , ISRT_DATE
        ) VALUES (
            PFR_SEQ.NEXTVAL
            , #{orderNo}
            , #{mid}
            , #{payMethod}
            , #{txtid}
            , #{resultCode}
            , #{resultMsg}
            , #{ticketName}
            , #{sumMemAmount}
            , #{memName}
            , #{memHandphone1}
            , CRYPTIT_TYPE2.ENCRYPT(#{memHandphone2})
            , #{memHandphone3}
            , #{memEmail}
            , #{authCode}
            , #{authDate}
            , #{cardCode}
            , #{cardName}
            , #{cardNo}
            , #{cardQuota}
            , #{isrtId}
            , #{isrtIp}
            , SYSDATE
            )
    </insert>
    
    <insert id="insertCondoPay">
    	/* CondoDAO.insertCondoPay */
    	INSERT INTO SERTB_CONDO_PAYMENT (
			CONDO_SEQ
			, ORDER_NO
			, RESERVE_NO
			, USER_NAME
			, USER_ID
			, PHONE_NUM
			, EMAIL
			, SEL_TYPE
			, PAY_YN
			, PAY_DATE
			, TOTAL_AMOUNT
			, PAY_TYPE
			, PAY_INFO
			, ISRT_ID
			, ISRT_IP
			, ISRT_DATE
			, SEL_GUBUN
			, MOID
			, OUT_DATE
		) VALUES (
			PAYMENT_SEQ.NEXTVAL
			, #{moid}
			, #{reserveNo}
			, #{member_nm}
			, #{userId}
			, #{phoneNum}
			, #{memEmail}
			, #{selType}
			, #{payYn}
			, #{payDate}
			, #{payAmt}
			, #{payType}
			, #{payInfo}
			, #{isrtId}
			, #{isrtIp}
			, SYSDATE
			, #{selGubun}
			, #{moid}
			, #{outDate}
		)
    </insert>

    <select id="selectCondoSeq" parameterType="String" resultType="String">
        /* CondoDAO.selectCondoSeq */
        SELECT CONDO_SEQ
            FROM SERTB_CONDO_PAYMENT
            WHERE USER_ID = #{userId}
                AND RESERVE_NO = #{reserveNo}
                AND ROWNUM = 1
    </select>
    
    <insert id="insertCondoPayDetail">
    	/* CondoDAO.insertCondoPayDetail */
 		INSERT INTO SERTB_CONDO_PAYMENT_DTL(
 			CONDO_DTL_SEQ
 			, CONDO_SEQ
 			, ROOM_TYPE
 			, RESERVE_DATE
 			, DAY_AMOUNT
 			, ADD_USER
 			, ADD_DOG
 			, ISRT_ID
 			, ISRT_IP
 			, ISRT_DATE
 		)
 		VALUES (
            PAYMENT_DTL_SEQ.NEXTVAL
 			, #{condoSeq}
 			, #{roomType}
 			, #{reserveDate}
 			, #{dayAmount}
 			, #{addUser}
 			, #{addDog}
 			, #{isrtId}
 			, #{isrtIp}
 			, SYSDATE
 		)
    </insert>
    
    <select id="getCardInfo" resultType="String">
    select card_name || ' ' || card_no
    from SERTB_PG_FINAL_RESULT
    where order_no = #{moid}
    and RESULT_CODE = '3001'
    </select>

    <!-- 지불내역 등록을 위한 데이터 조회 -->
    <select id="selectPaid" resultType="PaidVO" parameterType="String">
        select SPFR.AUTH_CODE,
               SPFR.CARD_QUOTA,
               IP.IP_PURC_NAME
        from ITREV_PAID IP left outer join
            SERTB_PG_FINAL_RESULT SPFR on IP.ISRT_ID = SPFR.ISRT_ID
        where SPFR.RESULT_CODE = '3001'
        and SPFR.ORDER_NO = #{orderNo}
    </select>
    
    <update id="updateCondoPay" parameterType="map">
    	/* CondoDAO.updateCondoPay */
		UPDATE SERTB_CONDO_PAYMENT
		SET
			PAY_YN = #{payYn}
			, CANCEL_AMOUNT = LTRIM(#{cancelAmt}, '0')
			, CANCEL_DATE = SYSDATE
			, UPDT_ID = #{updtId}
			, UPDT_IP = #{updtIp}
			, UPDT_DATE = SYSDATE
		WHERE
			CONDO_SEQ = #{orderDtlSeq}
    </update>

    <update id="updateCondoPayPunish" parameterType="map">
        /* CondoDAO.updateCondoPayPunish */
        UPDATE SERTB_CONDO_PAYMENT
        SET
           PENALTY_AMOUNT = #{penaltyAmount},
           PENALTY_INFO = #{penaltyInfo},
           PENALTY_POINT = #{penaltyPoint}
        WHERE
            ORDER_NO = #{orderNo}
            AND USER_ID = #{userId}
    </update>
    

    <!-- 콘도 결제내역 조회 -->
    <select id="selectCondoPay" resultType="condoPayHistoryVO" parameterType="String">
        /* CondoDAO.selectCondoPay */
        select
            MIN(SCP.CONDO_SEQ) AS CONDO_SEQ
             , MIN(SCP.RESERVE_NO) AS RESERVE_NO
             , MIN(SCP.ORDER_NO) AS ORDER_NO
             , CASE WHEN MIN(SCPD.ROOM_TYPE) = '01' THEN '벨라고 16평'
                ELSE (CASE WHEN MIN(SCPD.ROOM_TYPE) = '02' THEN '벨라고 35평'
                ELSE (CASE WHEN MIN(SCPD.ROOM_TYPE) = '03' THEN '벨라고 51평'
                ELSE (CASE WHEN MIN(SCPD.ROOM_TYPE) = '04' THEN '펫포레 16평'
                ELSE (CASE WHEN MIN(SCPD.ROOM_TYPE) = '05' THEN '펫포레 35평'
                ELSE '펫포레 51평' END) END) END) END) END || ' ('||
                TO_CHAR(TRUNC(MAX(SCPD.RESERVE_DATE)) - TRUNC(MIN(SCPD.RESERVE_DATE)), 'FM999,999,999')|| '박)'
                AS ROOM_TYPE
             , TO_CHAR(MIN(SCP.PAY_DATE), 'YYYY') || '년 ' ||
              TO_CHAR(MIN(SCP.PAY_DATE), 'MM') || '월 ' ||
              TO_CHAR(MIN(SCP.PAY_DATE), 'DD') || '일(' ||
              TO_CHAR(MIN(SCP.PAY_DATE), 'dy') || ')' AS PAY_DATE
             , TO_CHAR(MIN(SCPD.RESERVE_DATE), 'YYYY.MM.DD') AS START_DATE
             , TO_CHAR(MAX(SCPD.RESERVE_DATE), 'YYYY.MM.DD') AS END_DATE
             , MIN(SCP.TOTAL_AMOUNT) AS TOTAL_AMOUNT
            , CASE WHEN MIN(SCP.PAY_YN) = 'Y'
            THEN ( CASE WHEN MIN(SCPD.RESERVE_DATE) <![CDATA[ < ]]> SYSDATE THEN '사용완료' ELSE '정상' END)
            ELSE (CASE WHEN MIN(SCP.PAY_YN) = 'C' THEN '결제취소'
            ELSE (CASE WHEN MIN(SCP.PAY_YN) = 'P' THEN '부분취소'
            ELSE '벌점부과' END) END) END AS PAY_YN
        from SERTB_CONDO_PAYMENT SCP
            left outer join SERTB_CONDO_PAYMENT_DTL SCPD
            on SCP.CONDO_SEQ = SCPD.CONDO_SEQ
              where SCP.USER_ID = #{userId}
                <if test="startDate != null and endDate != null">
                    and SCP.PAY_DATE BETWEEN TO_DATE(#{startDate} || '000000', 'YYYYMMDDHH24MISS') AND TO_DATE(#{endDate} || '235959', 'YYYYMMDDHH24MISS')
                </if>
                <if test="startDate == null and endDate == null">
                    and SCP.PAY_DATE BETWEEN TO_DATE(TO_CHAR(add_months(SYSDATE, -1), 'YYYYMMDD') || '000000', 'YYYYMMDDHH24MISS') AND TO_DATE(TO_CHAR(SYSDATE, 'YYYYMMDD') || '235959', 'YYYYMMDDHH24MISS')
                </if>
              group by SCP.CONDO_SEQ
              order by SCP.CONDO_SEQ DESC
    </select>

    <!-- 결제일 조회 -->
    <select id="condoPaymentBuyDate" resultType="String" parameterType="String">
        /* condoDAO.condoPaymentBuyDate */
        SELECT PAY_DATE AS PAY_DATE
        FROM SERTB_CONDO_PAYMENT
        WHERE USER_ID = #{userId}
          AND RESERVE_NO = #{reserveNo}
    </select>

    <!-- 콘도 결제내역 상세 조회 -->
    <select id="selectCondoPayDetail" resultType="condoPayHistoryVO" parameterType="String">
        /* CondoDAO.selectCondoPayDetail */
        select
            MIN(SCPD.CONDO_DTL_SEQ) AS CONDO_DTL_SEQ
            , MIN(SCPD.CONDO_SEQ) AS CONDO_SEQ
            , MIN(SCP.ORDER_NO) AS ORDER_NO
            , MIN(SCP.RESERVE_NO) AS RESERVE_NO
            , CASE WHEN MIN(SCPD.ROOM_TYPE) = '01' THEN '벨라고 16평'
            ELSE (CASE WHEN MIN(SCPD.ROOM_TYPE) = '02' THEN '벨라고 35평'
            ELSE (CASE WHEN MIN(SCPD.ROOM_TYPE) = '03' THEN '벨라고 51평'
            ELSE (CASE WHEN MIN(SCPD.ROOM_TYPE) = '04' THEN '펫포레 16평'
            ELSE (CASE WHEN MIN(SCPD.ROOM_TYPE) = '05' THEN '펫포레 35평'
            ELSE '펫포레 51평' END) END) END) END) END || '('||
            TO_CHAR(TRUNC(MAX(SCPD.RESERVE_DATE)) - TRUNC(MIN(SCPD.RESERVE_DATE)), 'FM999,999,999')|| '박)'
            AS ROOM_TYPE
            , MIN(SCP.TOTAL_AMOUNT) AS TOTAL_AMOUNT
            , CASE WHEN MIN(SCP.PAY_YN) = 'Y'
              THEN ( CASE WHEN MIN(SCPD.RESERVE_DATE) <![CDATA[ < ]]> SYSDATE THEN '사용완료' ELSE '정상' END)
              ELSE (CASE WHEN MIN(SCP.PAY_YN) = 'C' THEN '결제취소'
              ELSE (CASE WHEN MIN(SCP.PAY_YN) = 'P' THEN '부분취소'
              ELSE '벌점부과' END) END) END AS PAY_YN
            , MIN(SCPD.ADD_USER) AS ADD_USER
            , MIN(SCPD.ADD_DOG) AS ADD_DOG
            , MIN(SCP.PAY_DATE) AS PAY_DATE
            , MIN(SCP.CANCEL_DATE) AS CANCEL_DATE
            , MIN(SCP.CANCEL_AMOUNT) AS CANCEL_AMOUNT
            , MIN(SCP.PENALTY_AMOUNT) AS PENALTY_AMOUNT
            , MIN(SCP.PENALTY_INFO) AS PENALTY_INFO
            , MIN(SCP.PENALTY_POINT) AS PENALTY_POINT
                        from SERTB_CONDO_PAYMENT SCP
                        left outer join SERTB_CONDO_PAYMENT_DTL SCPD
                        on SCP.CONDO_SEQ = SCPD.CONDO_SEQ
                        where SCP.USER_ID = #{userId}
                        and SCP.RESERVE_NO = #{reserveNo}
                        group by SCP.CONDO_SEQ
    </select>

    <!-- 콘도 결제내역 조회 // 일자별 금액 조회 -->
    <select id="selectCondoPayDetailAmount" resultType="condoPayHistoryVO" parameterType="String">
    /* CondoDAO.selectCondoPayDetailAmount */
    select SCPD.CONDO_SEQ AS CONDO_SEQ
         , TO_CHAR(SCPD.RESERVE_DATE, 'YYYYMMDD')  AS RESERVE_DATE
         , SCPD.DAY_AMOUNT AS DAY_AMOUNT
            from SERTB_CONDO_PAYMENT SCP
                left outer join SERTB_CONDO_PAYMENT_DTL SCPD
                on SCP.CONDO_SEQ = SCPD.CONDO_SEQ
                where SCP.USER_ID = #{userId}
                and SCP.RESERVE_NO = #{reserveNo}
    </select>

    <!-- 결제수단 조회 -->
    <select id="selectCondoPaymentInfo" resultType="condoPayHistoryVO" parameterType="String">
    /* CondoDAO.selectCondoPaymentInfo */
    select SCP.PAY_TYPE
           ,SCP.PAY_INFO
           ,SPFR.CARD_QUOTA
        from SERTB_CONDO_PAYMENT SCP
            left outer join SERTB_PG_FINAL_RESULT SPFR
            ON SCP.ORDER_NO = SPFR.ORDER_NO
            where SCP.USER_ID = #{userId}
            and SCP.RESERVE_NO = #{reserveNo}
            and ROWNUM = 1
    </select>

	<!-- 결제취소 상세내용 조회 -->
    <select id="selectCancelDetail" resultType="map">
    /* CondoDAO.selectCancelDetail */
    <!-- 예약실패시 주문번호로 조회 -->
    <if test="orderSeq == 'error'.toString()">
        SELECT
        ORDER_NO As MOID
        , SUM_MEM_AMOUNT As TOTAL_AMOUNT
        , TXTID AS TID
        , MID AS MID
        FROM SERTB_PG_FINAL_RESULT
        WHERE ORDER_NO = #{orderNo}
        and RESULT_CODE = '3001'
    </if>
    <!-- 예약성공시 condoSeq로 조회 -->
    <if test="orderSeq != 'error'.toString()">
        SELECT
        CONDO_SEQ
        , ORDER_NO
        , RESERVE_NO
        , MOID
        , USER_NAME
        , USER_ID
        , PAY_YN
        , TOTAL_AMOUNT
        , ( SELECT TXTID
            FROM SERTB_PG_FINAL_RESULT
            WHERE ORDER_NO = SCP.ORDER_NO
            AND RESULT_CODE = '3001'
           ) AS TID
        , (SELECT MID
           FROM SERTB_PG_FINAL_RESULT
           WHERE ORDER_NO = SCP.ORDER_NO
            AND RESULT_CODE = '3001'
            ) AS MID
        FROM SERTB_CONDO_PAYMENT SCP
        WHERE CONDO_SEQ = #{orderSeq}
    </if>
    </select>
</mapper>