<?xml version="1.0" encoding="UTF-8"?>
<!DOCTYPE mapper PUBLIC "-//mybatis.org//DTD Mapper 3.0//EN" "http://mybatis.org/dtd/mybatis-3-mapper.dtd">

<mapper namespace="com.plnc.user.myTicket.service.impl.MyTicketDAO">

	<select id="myTicketList" parameterType="MyTicketVO" resultType="MyTicketVO">
		/* myTicketList */
		SELECT A.*, B.*, C.*, D.*, D.TK_ORIGIN_CNT - D.TK_REMAIN_CNT AS TK_USED_CNT
		FROM SERTB_SHOP_PAYMENT A
		LEFT OUTER JOIN SERTB_SHOP_PAYMENT_DTL B
		ON  A.ORDER_SEQ = B.ORDER_SEQ
		LEFT OUTER JOIN SERTB_SHOP_PAYMENT_QRCODE C 
		ON B.ORDER_DTL_SEQ = C.ORDER_DTL_SEQ
		LEFT OUTER JOIN ITQR_TICKET_DTL D 
		ON C.PAYMENT_QRCODE = D.TK_QRCODE 
		WHERE A.MEM_ID = #{seUserId}
		AND B.CANCEL_YN != 'Y'
		<if test="tkState != null and tkState != ''">
			AND D.TK_STATE = #{tkState}
		</if>
	</select>

	<select id="listBuyTicket" parameterType="string" resultType="MyBuyTicketVO">
		/* myTicketList */
		SELECT TMF.*
			 , CASE WHEN TMF.IS_PKG = 'P' THEN TC.MP_TICKET_SHORT_NM ELSE TMF.MUT_MU_TICKET_SHORT_NM END AS TICKET_NM
			 , CASE WHEN TMF.IS_PKG = 'P' THEN TC.MP_TICKET_NM ELSE TMF.MUT_MU_TICKET_NM END             AS FCLT_NM
		FROM (SELECT TIC.*
				   , NVL(FLT.FCLT_SEQ, '1')           AS FCLT_SEQ
				   , MUT.MU_TICKET_NM                 as MUT_MU_TICKET_NM
				   , NVL(MUT.MU_TICKET_SHORT_NM, ' ') as MUT_MU_TICKET_SHORT_NM
				   , NVL(MUT.TICKET_LIMIT_CNT, 0)     AS TICKET_LIMIT_CNT
				   , NVL(FLT.FCLT_CLASS, 'ACTIVITY')  AS FCLT_CLASS
			  FROM (SELECT PAY.MEM_TYPE
						 , PAY.ORDER_SEQ
						 , TO_CHAR(PAY.LIMIT_START_DATE, 'YYYY.MM.DD')                                                 AS LIMIT_START_DATE
						 , TO_CHAR(PAY.LIMIT_END_DATE, 'YYYY.MM.DD')                                                   AS LIMIT_END_DATE
						 , QRC.WEEK_FLAG
						 , CASE WHEN QRC.WEEK_FLAG = 'D' THEN '주중' WHEN QRC.WEEK_FLAG = 'E' THEN '주말' ELSE '주중/주말' END AS WEEK_FLAG_TEXT
						 , QRC.PAYMENT_QRCODE
						 , QRC.MU_TICKET_SEQ
						 , QRC.MU_TICKET_NM
						 , QRC.MU_TICKET_SHORT_NM
						 , PMN.M_TICKET_QT                                                                             AS TICKET_COUNT
						 , NVL(ITD.TK_STATE, '0')                                                                      AS TK_STATE
						 , NVL(ITD.TK_ORIGIN_CNT, 0)                                                                   AS TK_ORIGIN_CNT
						 , NVL(ITD.TK_REMAIN_CNT, 0)                                                                   AS TK_REMAIN_CNT
						 , NVL(ITD.TK_ORIGIN_CNT, 0) - NVL(ITD.TK_REMAIN_CNT, 0)                                       AS TK_USED_CNT
						 , UPPER(DTL.MU_MP_FLAG)                                                                       AS IS_PKG
						 , ITD.TK_PKGSUB_CD
					FROM SERTB_SHOP_PAYMENT PAY
							 LEFT JOIN SERTB_SHOP_PAYMENT_DTL DTL
									   ON PAY.ORDER_SEQ = DTL.ORDER_SEQ
							 LEFT JOIN SERTB_SHOP_PAYMENT_QRCODE QRC
									   ON DTL.ORDER_DTL_SEQ = QRC.ORDER_DTL_SEQ
							 LEFT JOIN ITQR_TICKET_DTL ITD
									   ON QRC.PAYMENT_QRCODE = ITD.TK_QRCODE
							 LEFT JOIN P_MENU PMN
									   ON QRC.M_MENU = PMN.M_MENU
					WHERE PAY.MEM_ID = #{userId}
						AND DTL.CANCEL_YN = 'N'
						AND PAY.SUM_NP_AMOUNT != 0
						AND TO_CHAR(PAY.LIMIT_END_DATE, 'YYYYMMDD') <![CDATA[ >= ]]> TO_CHAR(SYSDATE, 'YYYYMMDD')
					<choose>
						<when test="tkState != null and tkState == 2">
							AND ITD.TK_STATE = '2'
							AND PAY.LIMIT_START_DATE BETWEEN TO_CHAR(add_months(SYSDATE, -6), 'YYYYMMDD') AND TO_CHAR(SYSDATE, 'YYYYMMDD')
						</when>
					  	<otherwise>
							AND (ITD.TK_STATE = '0' OR ITD.TK_STATE = '1')
						</otherwise>
					</choose>
					) TIC
					   LEFT JOIN SERTB_MENU_UNIT_TICKET MUT
								 ON TIC.MU_TICKET_SEQ = MUT.MU_TICKET_SEQ
					   LEFT JOIN SERTB_FCLT FLT
								 ON MUT.FCLT_SEQ = FLT.FCLT_SEQ) TMF,
			 (SELECT M_MENU, MP_TICKET_SEQ
			  FROM SERTB_MENU_PKG_TICKET_PRICE
			  GROUP BY M_MENU, MP_TICKET_SEQ) TB,
			 SERTB_MENU_PKG_TICKET TC
		WHERE TMF.TK_PKGSUB_CD = TB.M_MENU (+)
		  AND TB.MP_TICKET_SEQ = TC.MP_TICKET_SEQ(+)
		ORDER BY IS_PKG, ORDER_SEQ DESC
	</select>
</mapper>
