<?xml version="1.0" encoding="UTF-8"?>
<!DOCTYPE mapper PUBLIC "-//mybatis.org//DTD Mapper 3.0//EN" "http://mybatis.org/dtd/mybatis-3-mapper.dtd">

<mapper namespace="com.plnc.user.mypage.service.impl.MypageDAO">


	<!-- 회원체크 -->
	<select id="mberChk" parameterType="MypageVO" resultType="int">
		/* MypageDAO.mberChk */
		SELECT COUNT(ID)
		FROM TB_WMEM
		WHERE KNAME = #{kname}
		  AND ID = #{id}
		  AND HANDPHONE1 = #{handphone1}
		  AND HANDPHONE2 = CRYPTIT_TYPE2.ENCRYPT(#{handphone2})
		  AND HANDPHONE3 = #{handphone3}
		  AND BIRTH_DAY = #{birthDay}
	</select>
	
	<!-- 회원체크 -->
	<select id="unusedTicketCnt" parameterType="MypageVO" resultType="int">
		/* MypageDAO.unusedTicketCnt */
		SELECT 
			SUM(NOT_USE_CNT) AS NOT_USE_CNT
			FROM (
				SELECT
				    PAY.MEM_ID
				    , CASE WHEN (NVL(TQR.TK_STATE, '0') != '0') OR (NVL(TQR.TK_ORIGIN_CNT, 1) != NVL(TQR.TK_REMAIN_CNT, 0)) THEN 0 ELSE 1 END AS NOT_USE_CNT
				FROM (SELECT MEM_ID, ORDER_SEQ FROM SERTB_SHOP_PAYMENT WHERE MEM_ID = #{id}) PAY
				LEFT JOIN SERTB_SHOP_PAYMENT_DTL DTL
				    ON PAY.ORDER_SEQ = DTL.ORDER_SEQ
				LEFT JOIN SERTB_SHOP_PAYMENT_QRCODE QRC
				    ON DTL.ORDER_DTL_SEQ = QRC.ORDER_DTL_SEQ
				LEFT JOIN ITQR_TICKET_DTL TQR
				    ON QRC.PAYMENT_QRCODE = TQR.TK_QRCODE
				WHERE DTL.CANCEL_YN = 'N'
			) TMP
			GROUP BY MEM_ID
	</select>

	<!-- 회원번호 2중 체크 -->
	<select id="selectUserHandphoneCheck" parameterType="MypageVO" resultType="int">
		/* MypageDAO.selectUserHandphoneCheck */
		SELECT COUNT(*)
		FROM TB_WMEM
		WHERE HANDPHONE1 = #{handphone1}
		  AND HANDPHONE2 = CRYPTIT_TYPE2.ENCRYPT(#{handphone2})
		  AND HANDPHONE3 = #{handphone3}
	</select>

	<!-- 회원번호 체크 -->
	<select id="selectUserMyMemberNoCheck" parameterType="MypageVO" resultType="int">
		/* MypageDAO.selectUserMyMemberNoCheck */
		SELECT COUNT(*)
		FROM TB_WMEM
		WHERE MEMBER_NO = #{memberNo}
	</select>

	<!-- 회원번호 2중 체크 -->
	<select id="selectUserMyMemberNoTwoCheck" parameterType="MypageVO" resultType="int">
		/* MypageDAO.selectUserMyMemberNoTwoCheck */
		SELECT COUNT(*)
		FROM TB_WMEM
		WHERE MEMBER_NO = #{memberNo}
		  AND HANDPHONE1 = #{handphone1}
		  AND HANDPHONE2 = CRYPTIT_TYPE2.ENCRYPT(#{handphone2})
		  AND HANDPHONE3 = #{handphone3}
		  AND KNAME = #{kname}
	</select>

	<!-- 회원번호 2중 아이디 체크 -->
	<select id="selectUserMyMemberNoTwoIdCheck" parameterType="MypageVO" resultType="String">
		/* MypageDAO.selectUserMyMemberNoTwoIdCheck */
		SELECT ID
		FROM TB_WMEM
		WHERE MEMBER_NO = #{memberNo}
		  AND HANDPHONE1 = #{handphone1}
		  AND HANDPHONE2 = CRYPTIT_TYPE2.ENCRYPT(#{handphone2})
		  AND HANDPHONE3 = #{handphone3}
		  AND KNAME = #{kname}
	</select>

	<!-- 	회원 탈퇴시 기존회원 업데이트 -->
	<update id="updateMberSecsn" parameterType="MypageVO">
		/* MypageDAO.myInfoUpdt */
		UPDATE TB_WMEM
		SET ID        = ' '
		  , PASSWORD  = ' '
		  , WM_SYNC   = 'U'
		  , MEMBER_ST = 'UST99'
		  , UPDT_ID   = #{id}
		  , UPDT_IP   = #{updtIp}
		  , UPDT_DATE = SYSDATE
		WHERE ID = #{id}
		  AND RESNO = #{resno}
	</update>

	<!-- 	기존 회원 업데이트 -->
	<update id="mberMemberNoMyUpdate" parameterType="MypageVO">
		UPDATE TB_WMEM
		SET (ID, PASSWORD, MEMBER_ST, EMAIL, HOME_ZIP_CD, HOME_ADDR1, HOME_ADDR2, SMS_YN, EMAIL_YN, WM_SYNC, EMD_NM, SIDO_NM, SEX_CD, LUNAR_CD, BIRTH_DAY) =
			(SELECT ID
				  , PASSWORD
				  , MEMBER_ST
				  , EMAIL
				  , HOME_ZIP_CD
				  , HOME_ADDR1
				  , HOME_ADDR2
				  , SMS_YN
				  , EMAIL_YN
				  , 'U'
				  , EMD_NM
				  , SIDO_NM
				  , SEX_CD
				  , LUNAR_CD
				  , BIRTH_DAY
			 FROM TB_WMEM
			 WHERE id = #{id}
			   AND HANDPHONE1 = #{handphone1}
			   AND HANDPHONE2 = CRYPTIT_TYPE2.ENCRYPT(#{handphone2})
			   AND HANDPHONE3 = #{handphone3}
			   AND KNAME = #{kname})
		  , UPDT_ID                                                                                                                                        = #{id}
		  , UPDT_IP                                                                                                                                        = #{updtIp}
		  , UPDT_DATE                                                                                                                                      = SYSDATE
		WHERE MEMBER_NO = #{memberNo}
		  AND HANDPHONE1 = #{handphone1}
		  AND HANDPHONE2 = CRYPTIT_TYPE2.ENCRYPT(#{handphone2})
		  AND HANDPHONE3 = #{handphone3}
		  AND KNAME = #{kname}
	</update>

	<!-- 회원탈퇴 -->
	<delete id="deleteMberSecsn" parameterType="MypageVO">
		/* MypageDAO.deleteMberSecsn */
		DELETE
		FROM TB_WMEM
		WHERE ID = #{id}
		  AND RESNO = #{resno}
	</delete>

	<!-- 탈퇴회원등록 -->
	<insert id="insertMberSecsn" parameterType="MypageVO">
		<![CDATA[
		/* MypageDAO.insertMberSecsn */
		INSERT INTO TB_WMEM_OUT
		( COMPANY_CD
		, ID
		, RESNO
		, PASSWORD
		, KNAME
		, ENG_NAME
		, CHN_NAME
		, ENTRY_CD
		, MEMBER_CD
		, MEMBER_ST
		, MEMBER_NO
		, EMD_NM
		, SIDO_NM
		, SEX_CD
		, BIRTH_DAY
		, LUNAR_CD
		, HOME_ZIP_CD
		, HOME_ADDR1
		, HOME_ADDR2
		, HOME_TEL1
		, HOME_TEL2
		, HOME_TEL3
		, POST_YN
		, HANDPHONE1
		, HANDPHONE2
		, HANDPHONE3
		, MEMBER_TYPE
		, ACTIVITY_DC
		, SMS_YN
		, EMAIL
		, EMAIL_YN
		, WM_SYNC
		, OUT_DT
		, OUT_GUBUN
		, ISRT_ID
		, ISRT_DATE
		, PASSWORD_DATE)
		SELECT COMPANY_CD
			 , ID
			 , RESNO
			 , PASSWORD
			 , KNAME
			 , ENG_NAME
			 , CHN_NAME
			 , ENTRY_CD
			 , MEMBER_CD
			 , 'UST99'
			 , MEMBER_NO
			 , EMD_NM
			 , SIDO_NM
			 , SEX_CD
			 , BIRTH_DAY
			 , LUNAR_CD
			 , HOME_ZIP_CD
			 , HOME_ADDR1
			 , HOME_ADDR2
			 , HOME_TEL1
			 , HOME_TEL2
			 , HOME_TEL3
			 , POST_YN
			 , HANDPHONE1
			 , HANDPHONE2
			 , HANDPHONE3
			 , MEMBER_TYPE
			 , ACTIVITY_DC
			 , SMS_YN
			 , EMAIL
			 , EMAIL_YN
			 , #{wmSync}
			 , TO_CHAR(SYSDATE, 'YYYYMMDD')
			 , 'W'
			 , #{id}
			 , SYSDATE
			 , PASSWORD_DATE
		FROM TB_WMEM
		WHERE ID = #{id}
		  AND RESNO = #{resno}
		]]>
	</insert>

	<select id="myInfoData" parameterType="MypageVO" resultType="MypageVO">
		SELECT A.COMPANY_CD
			 , A.ID
			 , A.PASSWORD
			 , A.RESNO
			 , A.KNAME
			 , A.ENG_NAME
			 , A.CHN_NAME
			 , A.ENTRY_CD
			 , A.MEMBER_CD
			 , A.MEMBER_TYPE
			 , A.MEMBER_ST
			 , A.MEMBER_NO
			 , A.EMD_NM
			 , A.SIDO_NM
			 , A.SEX_CD
			 , A.BIRTH_DAY
			 , A.LUNAR_CD
			 , A.HOME_ZIP_CD
			 , A.HOME_ADDR1
			 , A.HOME_ADDR2
			 , A.HOME_TEL1
			 , A.HOME_TEL2
			 , A.HOME_TEL3
			 , A.POST_YN
			 , A.HANDPHONE1
			 , CRYPTIT_TYPE2.DECRYPT(A.HANDPHONE2) AS HANDPHONE2
			 , A.HANDPHONE3
			 , A.SMS_YN
			 , CRYPTIT_TYPE2.DECRYPT(A.EMAIL)      AS EMAIL
			 , A.EMAIL_YN
			 , CASE
				   WHEN A.MEMBER_TYPE = 'R'
					   THEN '콘도레드회원'
				   WHEN A.MEMBER_TYPE = 'G'
					   THEN '콘도그린회원'
				   ELSE '온라인회원'
			END                                    AS MEMBER_TYPE_NM
			 , CASE
				   WHEN ADD_MONTHS(A.PASSWORD_DATE, 3) <![CDATA[<=]]> SYSDATE
					   THEN 'Y'
				   WHEN A.PASSWORD_DATE IS NULL
					   THEN 'N'
				   ELSE 'N'
			END                                    AS PASSWORD_DATE
			 , A.ISRT_ID
			 , A.ISRT_DATE
			 , A.UPDT_ID
			 , A.UPDT_DATE
		FROM TB_WMEM A
		WHERE A.ID = #{id}
	</select>

	<!-- 비밀번호체크 -->
	<select id="myInfoPassword" parameterType="String" resultType="int">
		/* MypageDAO.mberChk */
		SELECT COUNT(ID)
		FROM TB_WMEM
		WHERE ID = #{id}
		  AND PASSWORD = SHA256(#{password})
	</select>

	<update id="myInfoUpdt" parameterType="MypageVO">
		/* MypageDAO.myInfoUpdt */
		UPDATE TB_WMEM
		SET EMAIL = CRYPTIT_TYPE2.ENCRYPT(#{email})
		<if test='memberNo != null and memberNo != ""'>
			, MEMBER_NO = #{memberNo}
		</if>
		<if test='memberType != null and memberType != ""'>
			, MEMBER_TYPE = #{memberType}
		</if>
		<if test='handphoneChgYn == "Y"'>
			, HANDPHONE1 = #{handphone1}
			, HANDPHONE2 = CRYPTIT_TYPE2.ENCRYPT(#{handphone2})
			, HANDPHONE3 = #{handphone3}
		</if>
		<if test='passwordChgYn == "Y"'>
			, PASSWORD = SHA256(#{password})
			, PASSWORD_DATE = SYSDATE
		</if>
		, SEX_CD = #{sexCd}
		, LUNAR_CD = #{lunarCd}
		, BIRTH_DAY = #{birthDay}
		, HOME_ZIP_CD = #{homeZipCd}
		, HOME_ADDR1 = #{homeAddr1}
		, HOME_ADDR2 = #{homeAddr2}
		, SMS_YN = #{smsYn}
		, EMAIL_YN = #{emailYn}
		, EMD_NM = #{emdNm}
		, SIDO_NM = #{sidoNm}
		, WM_SYNC = 'U'
		, UPDT_ID = #{id}
		, UPDT_IP = #{updtIp}
		, UPDT_DATE = SYSDATE
		WHERE ID = #{id}
	</update>

	<select id="searchMypageWishList" resultType="MypageVO">
		/* MypageDAO.searchMypageWishList */

		SELECT *
		FROM (SELECT SSB.BASKET_SEQ
				   , SSB.TICKET_SEQ
				   , SSB.MU_MP_FLAG
				   , SSB.TICKET_NO
				   , CASE
						 WHEN SSB.MU_MP_FLAG = 'S' THEN SMUT.MU_TICKET_NM
						 WHEN SSB.MU_MP_FLAG = 'P' THEN SMPT.MU_TICKET_NM
						 ELSE NULL END AS TICKET_NM
				   , CASE
						 WHEN SSB.MU_MP_FLAG = 'S' THEN SMUT.MU_TICKET_SHORT_NM
						 WHEN SSB.MU_MP_FLAG = 'P' THEN SMPT.MU_TICKET_SHORT_NM
						 ELSE NULL END AS TICKET_SHORT_NM
				   , CASE
						 WHEN SSB.MU_MP_FLAG = 'S' THEN SMUT.PRICE
						 WHEN SSB.MU_MP_FLAG = 'P' THEN SMPT.PRICE
						 ELSE 0 END    AS PRICE
				   , CASE
						 WHEN SSB.MU_MP_FLAG = 'S' THEN SMUT.MEMBER_PRICE
						 WHEN SSB.MU_MP_FLAG = 'P' THEN SMPT.MEMBER_PRICE
						 ELSE 0 END    AS MEMBER_PRICE
				   , CASE
						 WHEN SSB.MU_MP_FLAG = 'S' THEN SMUT.FCLT_SEQ
						 WHEN SSB.MU_MP_FLAG = 'P' THEN SMPT.FCLT_SEQ
						 ELSE NULL END AS FCLT_SEQ
				   , CASE
						 WHEN SSB.MU_MP_FLAG = 'S' THEN SMUT.FCLT_NM
						 WHEN SSB.MU_MP_FLAG = 'P' THEN SMPT.FCLT_NM
						 ELSE NULL END AS FCLT_NM
			  FROM (SELECT BASKET_SEQ, TICKET_SEQ, MEMBER_ID, MU_MP_FLAG, TICKET_NO
					FROM SERTB_SHOP_BASKET
					WHERE MEMBER_ID = #{id}) SSB
					   LEFT JOIN (SELECT TCK.MU_TICKET_SEQ
									   , CASE WHEN MIN(TCK.WEEK_FLAG) = 'D' THEN '[주중] ' WHEN MIN(TCK.WEEK_FLAG) = 'E' THEN '[주말] ' ELSE '[주중/주말] ' END || MIN(TCK.MU_TICKET_NM) || ' ' || MIN(TCK.MU_TICKET_SHORT_NM)  /* || CASE WHEN MIN(TCK.TICKET_LIMIT_CNT) <![CDATA[>]]> 0 THEN ' ' || MIN(TCK.TICKET_LIMIT_CNT) || '회권' ELSE '' END */ AS MU_TICKET_NM
									   , CASE WHEN MIN(TCK.WEEK_FLAG) = 'D' THEN '[주중] ' WHEN MIN(TCK.WEEK_FLAG) = 'E' THEN '[주말]' ELSE '[주중/주말]' END || MIN(TCK.MU_TICKET_NM) || ' ' || MIN(TCK.MU_TICKET_SHORT_NM)  /* || CASE WHEN MIN(TCK.TICKET_LIMIT_CNT) <![CDATA[>]]> 0 THEN ' ' || MIN(TCK.TICKET_LIMIT_CNT) || '회권' ELSE '' END  */  AS MU_TICKET_SHORT_NM
									   , SUM(CASE WHEN PRC.MU_TICKET_CLASS = 'NP' THEN NVL(PRC.SALE_AMT, 0) ELSE 0 END)                                                                                                                                                                                                        AS PRICE
									   , SUM(CASE WHEN PRC.MU_TICKET_CLASS = #{memberTypeNm} THEN NVL(PRC.SALE_AMT, 0) ELSE 0 END)                                                                                                                                                                                             AS MEMBER_PRICE
									   , MIN(FCLT.FCLT_SEQ)                                                                                                                                                                                                                                                                    AS FCLT_SEQ
									   , MIN(FCLT_NM)                                                                                                                                                                                                                                                                          AS FCLT_NM
								  FROM SERTB_MENU_UNIT_TICKET TCK
										   INNER JOIN SERTB_MENU_UNIT_TICKET_PRICE PRC
													  ON TCK.MU_TICKET_SEQ = PRC.MU_TICKET_SEQ
										   LEFT JOIN SERTB_FCLT FCLT
													 ON TCK.FCLT_SEQ = FCLT.FCLT_SEQ
								  WHERE TCK.MU_TICKET_START <![CDATA[<=]]> SYSDATE
									AND TCK.MU_TICKET_END <![CDATA[>=]]> SYSDATE
									AND PRC.MU_TICKET_CLASS IN ('NP', #{memberTypeNm})
									AND PRC.SALE_YN = 'Y'
								  GROUP BY TCK.MU_TICKET_SEQ) SMUT
								 ON SSB.MU_MP_FLAG = 'S' AND SSB.TICKET_SEQ = SMUT.MU_TICKET_SEQ
					   LEFT JOIN (SELECT PKG.MP_TICKET_SEQ
									   , (CASE WHEN MIN(PKG.WEEK_FLAG) = 'D' THEN '[주중] ' WHEN MIN(PKG.WEEK_FLAG) = 'E' THEN '[주말] ' ELSE '[주중/주말] ' END) || MIN(PKG.MP_TICKET_SHORT_NM) AS MU_TICKET_NM
									   , (CASE WHEN MIN(PKG.WEEK_FLAG) = 'D' THEN '[주중] ' WHEN MIN(PKG.WEEK_FLAG) = 'E' THEN '[주말] ' ELSE '[주중/주말] ' END) || MIN(PKG.MP_TICKET_SHORT_NM) AS MU_TICKET_SHORT_NM
									   , SUM(CASE WHEN PKG.MP_TICKET_CLASS = 'NP' AND NO = 1 THEN NVL(PKG.SALE_AMT, 0) ELSE 0 END)                                                       AS PRICE
									   , SUM(CASE WHEN PKG.MP_TICKET_CLASS = #{memberTypeNm} AND NO = 1 THEN NVL(PKG.SALE_AMT, 0) ELSE 0 END)                                            AS MEMBER_PRICE
									   , MIN(FCLT.FCLT_SEQ)                                                                                                                              AS FCLT_SEQ
									   , MIN(MP_TICKET_NM)                                                                                                                               AS FCLT_NM
								  FROM (SELECT ROW_NUMBER() OVER (PARTITION BY TCK.MP_TICKET_SEQ, PRC.MP_TICKET_CLASS ORDER BY DTL.MU_TICKET_SEQ, DTL.MU_TICKET_SEQ) NO
											 , TCK.MP_TICKET_SEQ
											 , TCK.MP_TICKET_NM
											 , TCK.MP_TICKET_SHORT_NM
											 , TCK.WEEK_FLAG
											 , DTL.MU_TICKET_SEQ
											 , PRC.MP_TICKET_CLASS
											 , PRC.SALE_AMT
										FROM SERTB_MENU_PKG_TICKET TCK
												 INNER JOIN SERTB_MENU_PKG_TICKET_DTL DTL
															ON TCK.MP_TICKET_SEQ = DTL.MP_TICKET_SEQ
												 INNER JOIN SERTB_MENU_PKG_TICKET_PRICE PRC
															ON DTL.MP_TICKET_SEQ = PRC.MP_TICKET_SEQ
										WHERE TCK.MP_TICKET_START <![CDATA[<=]]> SYSDATE
										  AND TCK.MP_TICKET_END <![CDATA[>=]]> SYSDATE
										  AND PRC.MP_TICKET_CLASS IN ('NP', #{memberTypeNm})
										  AND PRC.SALE_YN = 'Y') PKG
										   INNER JOIN SERTB_MENU_UNIT_TICKET SMUT
													  ON PKG.MU_TICKET_SEQ = SMUT.MU_TICKET_SEQ
										   LEFT JOIN SERTB_FCLT FCLT
													 ON SMUT.FCLT_SEQ = FCLT.FCLT_SEQ
								  GROUP BY PKG.MP_TICKET_SEQ) SMPT
								 ON SSB.MU_MP_FLAG = 'P' AND SSB.TICKET_SEQ = SMPT.MP_TICKET_SEQ) TMP
<![CDATA[
		WHERE TICKET_NO > 0
		  AND PRICE > 0
		  AND MEMBER_PRICE > 0
		ORDER BY FCLT_SEQ
		]]>
	</select>

	<select id="searchMypageWishList_Bak" resultType="MypageVO">
		/* MypageDAO.searchMypageWishList */

		SELECT *
		FROM (SELECT SSB.BASKET_SEQ
				   , SSB.TICKET_SEQ
				   , SSB.MU_MP_FLAG
				   , SSB.TICKET_NO
				   , CASE
						 WHEN SSB.MU_MP_FLAG = 'S' THEN SMUT.MU_TICKET_NM
						 WHEN SSB.MU_MP_FLAG = 'P' THEN SMPT.MP_TICKET_NM
						 ELSE NULL END AS TICKET_NM
				   , CASE
						 WHEN SSB.MU_MP_FLAG = 'S' THEN SMUT.MU_TICKET_SHORT_NM
						 WHEN SSB.MU_MP_FLAG = 'P' THEN SMPT.MP_TICKET_SHORT_NM
						 ELSE NULL END AS TICKET_SHORT_NM
				   , CASE
						 WHEN SSB.MU_MP_FLAG = 'S' THEN SMUT.PRICE
						 WHEN SSB.MU_MP_FLAG = 'P' THEN SMPT.PRICE
						 ELSE 0 END    AS PRICE
				   , CASE
						 WHEN SSB.MU_MP_FLAG = 'S' THEN SMUT.MEMBER_PRICE
						 WHEN SSB.MU_MP_FLAG = 'P' THEN SMPT.MEMBER_PRICE
						 ELSE 0 END    AS MEMBER_PRICE
				   , CASE
						 WHEN SSB.MU_MP_FLAG = 'S' THEN SMUT.FCLT_SEQ
						 WHEN SSB.MU_MP_FLAG = 'P' THEN SMPT.FCLT_SEQ
						 ELSE NULL END AS FCLT_SEQ
				   , CASE
						 WHEN SSB.MU_MP_FLAG = 'S' THEN SMUT.FCLT_NM
						 WHEN SSB.MU_MP_FLAG = 'P' THEN SMPT.FCLT_NM
						 ELSE NULL END AS FCLT_NM
			  FROM (SELECT BASKET_SEQ, TICKET_SEQ, MEMBER_ID, MU_MP_FLAG, TICKET_NO
					FROM SERTB_SHOP_BASKET
					WHERE MEMBER_ID = #{id}) SSB
					   LEFT JOIN (SELECT TCK.MU_TICKET_SEQ
									   , MIN(TCK.MU_TICKET_NM)                                                                     AS MU_TICKET_NM
									   , MIN(MU_TICKET_SHORT_NM)                                                                   AS MU_TICKET_SHORT_NM
									   , SUM(CASE WHEN PRC.MU_TICKET_CLASS = 'NP' THEN NVL(PRC.SALE_AMT, 0) ELSE 0 END)            AS PRICE
									   , SUM(CASE WHEN PRC.MU_TICKET_CLASS = #{memberTypeNm} THEN NVL(PRC.SALE_AMT, 0) ELSE 0 END) AS MEMBER_PRICE
									   , MIN(FCLT.FCLT_SEQ)                                                                        AS FCLT_SEQ
									   , MIN(FCLT_NM)                                                                              AS FCLT_NM
								  FROM SERTB_MENU_UNIT_TICKET TCK
										   INNER JOIN SERTB_MENU_UNIT_TICKET_PRICE PRC
													  ON TCK.MU_TICKET_SEQ = PRC.MU_TICKET_SEQ
										   INNER JOIN SERTB_FCLT FCLT
													  ON TCK.FCLT_SEQ = FCLT.FCLT_SEQ
			<![CDATA[
								  WHERE TCK.MU_TICKET_START <= SYSDATE
									AND TCK.MU_TICKET_END >= SYSDATE
									AND PRC.MU_TICKET_CLASS IN ('NP', #{memberTypeNm})
									AND PRC.SALE_YN = 'Y'
								  GROUP BY TCK.MU_TICKET_SEQ
		]]>
	) SMUT
								 ON SSB.MU_MP_FLAG = 'S' AND SSB.TICKET_SEQ = SMUT.MU_TICKET_SEQ
					   LEFT JOIN (SELECT TCK.MP_TICKET_SEQ
									   , MIN(TCK.MP_TICKET_NM)                                                                     AS MP_TICKET_NM
									   , MIN(MP_TICKET_SHORT_NM)                                                                   AS MP_TICKET_SHORT_NM
									   , SUM(CASE WHEN PRC.MP_TICKET_CLASS = 'NP' THEN NVL(PRC.SALE_AMT, 0) ELSE 0 END)            AS PRICE
									   , SUM(CASE WHEN PRC.MP_TICKET_CLASS = #{memberTypeNm} THEN NVL(PRC.SALE_AMT, 0) ELSE 0 END) AS MEMBER_PRICE
									   , TCK.MP_TICKET_SEQ                                                                         AS FCLT_SEQ
									   , MIN(TCK.MP_TICKET_NM)                                                                     AS FCLT_NM
								  FROM SERTB_MENU_PKG_TICKET TCK
										   INNER JOIN SERTB_MENU_PKG_TICKET_PRICE PRC
													  ON TCK.MP_TICKET_SEQ = PRC.MP_TICKET_SEQ
			<![CDATA[
								  WHERE TCK.MP_TICKET_START <= SYSDATE
									AND TCK.MP_TICKET_END >= SYSDATE
									AND PRC.MP_TICKET_CLASS IN ('NP', #{memberTypeNm})
									AND PRC.SALE_YN = 'Y'
								  GROUP BY TCK.MP_TICKET_SEQ
		]]>
	) SMPT
								 ON SSB.MU_MP_FLAG = 'P' AND SSB.TICKET_SEQ = SMPT.MP_TICKET_SEQ) TMP
<![CDATA[
		WHERE TICKET_NO > 0
		  AND PRICE > 0
		  AND MEMBER_PRICE > 0
		ORDER BY FCLT_SEQ
		]]>
	</select>

	<update id="wishListUpdate" parameterType="MypageVO">
		/* MypageDAO.wishListUpdate */
		UPDATE SERTB_SHOP_BASKET
		SET TICKET_NO = #{ticketNo}
		WHERE MEMBER_ID = #{id}
		  AND BASKET_SEQ = #{basketSeq}

	</update>

	<insert id="wishListInsert" parameterType="MypageVO">
		/* MypageDAO.wishListInsert */
		INSERT INTO SERTB_SHOP_BASKET(BASKET_SEQ, TICKET_SEQ, MEMBER_ID, MU_MP_FLAG, TICKET_NO, ISRT_ID, ISRT_IP, ISRT_DATE)
		VALUES (basket_seq_seq.NEXTVAL, #{ticketSeq}, #{id}, 'S', #{ticketNo}, 'ADMIN', '0.0.0.127', SYSDATE)
	</insert>

	<delete id="wishListDelete" parameterType="MypageVO">
		/* MypageDAO.wishListDelete */
		DELETE
		FROM SERTB_SHOP_BASKET
		WHERE BASKET_SEQ = #{basketSeq}
	</delete>
</mapper>
