<?xml version="1.0" encoding="UTF-8"?>
<!DOCTYPE mapper PUBLIC "-//mybatis.org//DTD Mapper 3.0//EN" "http://mybatis.org/dtd/mybatis-3-mapper.dtd">

<mapper namespace="com.plnc.user.payMent.service.impl.PaidDAO">
	<!-- 1:1 문의 저장 -->
	<insert id="insertPaid" parameterType="map">
		/*PaidDAO.insertPaid*/
		INSERT INTO ITREV_PAID (
			IP_PUR_NO
			, IP_AGENT_CD
			, IP_PAID_DT
			, IP_CARD_NO
			, IP_MID
			, IP_PURC_CODE
			, IP_PURC_NAME
			, IP_APPROVE_NO
			, IP_CARD_AMT
			, IP_DIVIDE_TERM
			, IP_CARD_CANCEL
			, IP_CANCEL_AMT
			, IP_PAID_STORE
			, IP_NET_AMT
			, IP_VAT_AMT
			, IP_SYNC
			, ISRT_ID
			, ISRT_IP
			, ISRT_DATE
		) VALUES (
			#{ipPurNo}
			, #{ipAgentCd}
			, #{ipPaidDt}
			, CRYPTIT_TYPE2.ENCRYPT(#{ipCardNo})
			, #{ipMid}
			, #{ipPurcCode}
			, #{ipPurcName}
			, #{ipApproveNo}
			, #{ipCardAmt}
			, #{ipDivideTerm}
			, #{ipCardCancel}
			, 0
			, #{ipPaidStore}
			, #{ipNetAmt}
			, #{ipVatAmt}
			, #{ipSync}
			, #{isrtId}
			, #{isrtIp}
			, SYSDATE
		)
	</insert>

	<update id="updatePaid" parameterType="map">
		/*PaidDAO.updatePaid*/
		UPDATE ITREV_PAID
		SET IP_CARD_CANCEL = #{ipCardCancel}
			, IP_CANCEL_DATE = #{ipCancelDate}
		    , IP_CANCEL_AMT = NVL(IP_CANCEL_AMT, 0) + NVL(#{ipCancelAmt}, 0)
			, IP_SYNC = 'U'
			, UPDT_ID = #{updtId}
			, UPDT_IP = #{updtIp}
			, UPDT_DATE = SYSDATE
		WHERE IP_PUR_NO = #{ipPurNo}
	</update>

	<select id="selectMaxCancelSequence" resultType="int">
		/*PaidDAO.selectMaxCancelSequence*/
		SELECT CASE WHEN COUNT(PV_PUR_NO) = 0 THEN 1 ELSE MAX(PV_CANCEL_SEQ) + 1 END AS MAX_PV_CANCEL_SEQ
		FROM ITREV_PAID_VOID
		WHERE PV_PUR_NO = #{ipPurNo}
	</select>

	<insert id="insertPaidVoid" parameterType="map">
		/*PaidDAO.insertPaidVoid*/
		INSERT INTO ITREV_PAID_VOID (
			PV_PUR_NO
			, PV_CANCEL_SEQ
			, PV_CANCEL_DT
			, PV_CANCEL_AMT
			, PV_CANCEL_NET
			, PV_CANCEL_VAT
			, PV_SYNC
			, ISRT_ID
			, ISRT_IP
			, ISRT_DATE
		) VALUES (
			#{pvPurNo}
			, #{pvCancelSeq}
			, #{pvCancelDt}
			, #{pvCancelAmt}
			, #{pvCancelNet}
			, #{pvCancelVat}
			, #{pvSync}
			, #{isrtId}
			, #{isrtIp}
			, SYSDATE
		)
	</insert>


	<!-- 유효기간 만료 티켓 업데이트 (사용중인 티켓) -->
	<update id="updateExpireDateTckState" >
		UPDATE  ITREV_ACTIVITY
		SET     IA_SYNC     =   'U'
		,       UPDT_DATE   =   SYSDATE
		,       UPDT_ID     =   #{updtId}
		,       UPDT_IP     =   #{updtIp}
		WHERE   IA_QRCODE   IN
		(
			SELECT  ITD.TK_QRCODE
			FROM    ITQR_TICKET_DTL ITD
			INNER   JOIN    SERTB_SHOP_PAYMENT_QRCODE   SSPQ
					ON      ITD.TK_QRCODE   =   SSPQ.PAYMENT_QRCODE
					AND     ITD.TK_STATE    =   '1'
		)
	</update>

	<!-- 지불내역 등록 후 선수금 접수번호 업데이트 [콘도]-->
	<update id="updatePaidRefOne">
		UPDATE  ITREV_PAID
		SET     IP_REF1 = #{prCode}
		WHERE   IP_PUR_NO IN
		(
			SELECT ORDER_NO
		    FROM   SERTB_CONDO_PAYMENT
		    WHERE ORDER_NO = #{orderNo}
		)
	</update>

	<!-- 지불내역 등록 및 취소를 위한 선수금 접수번호 조회 [콘도]-->
	<select id="selectPaidCondoInfo" resultType="PaidVO" parameterType="String">
		SELECT IP_CARD_NO as cardNo,
		       IP_PURC_NAME as cardName,
		       IP_APPROVE_NO as authCode,
		       IP_DIVIDE_TERM as cardQuota,
		       IP_REF1 as prCode,
		       IP_NET_AMT as netAmt,
		       IP_VAT_AMT as vatAmt
		FROM ITREV_PAID
		WHERE IP_PUR_NO = #{orderNo}
	</select>

	<!-- 지불내역 등록을 위한 암호화 폰번호 조회 -->
	<select id="selectUserHandPhoneTwo" resultType="String" parameterType="String">
		SELECT HANDPHONE2
		FROM TB_WMEM
		WHERE RESNO = #{resNo}
	</select>

</mapper>

