<?xml version="1.0" encoding="UTF-8"?>
<!DOCTYPE mapper PUBLIC "-//mybatis.org//DTD Mapper 3.0//EN" "http://mybatis.org/dtd/mybatis-3-mapper.dtd">

<mapper namespace="com.plnc.user.mber.service.impl.MberDAO">

	<!-- 아이디 중복 체크 -->
	<select id="selectUserIdCheck" parameterType="String" resultType="int">
		/* MberDAO.selectUserIdCheck */
		SELECT COUNT(X.ID) FROM (
			SELECT ID FROM TB_WMEM
			WHERE ID = #{id}
			UNION ALL
			SELECT ID FROM TB_WMEM_OUT
			WHERE ID = #{id}
		)X
	</select>
	
	<!-- 휴대폰번호 중복 체크 -->
	<select id="selectUserHandphoneCheck" parameterType="MberVO" resultType="int">
		/* MberDAO.selectUserHandphoneCheck */
			SELECT COUNT(ID) 
			FROM TB_WMEM
			WHERE HANDPHONE1 = #{handphone1}
			AND   HANDPHONE2 = CRYPTIT_TYPE2.ENCRYPT(#{handphone2})
			AND   HANDPHONE3 = #{handphone3}
			AND   KNAME      = #{kname}
			AND   BIRTH_DAY  = #{birthDay}
			AND   TRIM(ID) IS NOT NULL
	</select>
	
	<!-- 회원번호 체크 -->
	<select id="selectUserMemberNoCheck" parameterType="MberVO" resultType="int">
		/* MberDAO.selectUserMemberNoCheck */
			SELECT COUNT(*)
			FROM TB_WMEM
			WHERE MEMBER_NO  = #{memberNum}
	</select>
	
	<!-- 회원번호 2중 체크 -->
	<select id="selectUserMemberNoTwoCheck" parameterType="MberVO" resultType="int">
		/* MberDAO.selectUserMemberNoCheck */
			SELECT COUNT(*)
			FROM TB_WMEM
			WHERE MEMBER_NO  = #{memberNum}
			AND   HANDPHONE1 = #{handphone1}
			AND   HANDPHONE2 = CRYPTIT_TYPE2.ENCRYPT(#{handphone2})
			AND   HANDPHONE3 = #{handphone3}
			AND   KNAME      = #{kname}
	</select>
	
<!-- 	기존 회원 업데이트 -->
	<update id="mberSingupUpdate" parameterType="MberVO">
		UPDATE TB_WMEM
		SET	  ID			= #{id} 
		,   PASSWORD		= SHA256(#{password})
		,   MEMBER_ST		= 'UST01'
		,   EMAIL			= CRYPTIT_TYPE2.ENCRYPT(#{email})
		,   HOME_ZIP_CD		= #{homeZipCd}
		,   HOME_ADDR1		= #{homeAddr1}
		,   HOME_ADDR2		= #{homeAddr2}
		,	SMS_YN			= #{smsYn}
		,   EMAIL_YN		= #{emailYn}
		,   WM_SYNC			= 'U'
		,   EMD_NM			= #{emdNm}
		,   SIDO_NM			= #{sidoNm}
		,   SEX_CD			= #{sexCd}
		,	LUNAR_CD		= #{lunarCd}
		,   BIRTH_DAY		= #{birthDay}
		,	UPDT_ID			= #{id}
		,	UPDT_IP			= #{updtIp}
		,	UPDT_DATE		= SYSDATE
		,	PASSWORD_DATE   = SYSDATE
		WHERE MEMBER_NO  = #{memberNum}
		AND   HANDPHONE1 = #{handphone1}
		AND   HANDPHONE2 = CRYPTIT_TYPE2.ENCRYPT(#{handphone2})
		AND   HANDPHONE3 = #{handphone3}
		AND   KNAME      = #{kname}
	</update>
	
	<!-- resno번호 -->
	<select id="selectUserResno" parameterType="MberVO" resultType="String">
		/* MberDAO.selectUserResno */
		SELECT '91' || TO_CHAR(SYSDATE, 'YYMMDD')||LPAD(RESNO_SEQ.NEXTVAL,5,'00000') RESNO FROM DUAL
	</select>
	
	<!-- ser회원번호 -->
	<select id="selectUserMemberNo" parameterType="MberVO" resultType="String">
		/* MberDAO.selectUserMemberNo */
		SELECT '91'||LPAD(NVL(MAX(SUBSTR(MEMBER_NO,3,6)),0)+1,6,'000000') MEMBER_NO
		FROM  TB_WMEM
		WHERE COMPANY_CD = 'J10'
		AND   SUBSTR(MEMBER_NO, 1, 2) = '91'
	</select>
	
	<!-- 회원가입 -->
	<insert id="mberSingup" parameterType="MberVO">
		/* MberDAO.mberSingup */
		INSERT INTO TB_WMEM
		(
			  COMPANY_CD
			, ID
			, RESNO
			, PASSWORD
			, KNAME
			, ENG_NAME
			, CHN_NAME
			, ENTRY_CD
			, MEMBER_CD
			, MEMBER_TYPE
			, MEMBER_ST
			, MEMBER_NO
			, EMD_NM
			, SIDO_NM
			, SEX_CD
			, BIRTH_DAY
			, LUNAR_CD
			, HOME_ZIP_CD
			, HOME_ADDR1
			, HOME_ADDR2
			, HOME_TEL1
			, HOME_TEL2
			, HOME_TEL3
			, POST_YN
			, HANDPHONE1
			, HANDPHONE2
			, HANDPHONE3
			, SMS_YN
			, EMAIL
			, EMAIL_YN
			, WM_SYNC
			, ISRT_ID
			, ISRT_IP
			, ISRT_DATE
			, UPDT_ID
			, UPDT_IP
			, UPDT_DATE
			, PASSWORD_DATE
		)
		VALUES
		(
			  'J10'
			, #{id}
			, #{resno}
			, SHA256(#{password})
			, #{kname}
			, #{engName}
			, #{chnName}
			, '90'
			, '91'
			, #{memberType}
			, 'UST01'
			, #{memberNum}
			, #{emdNm}
			, #{sidoNm}
			, #{sexCd}
			, #{birthDay}
			, #{lunarCd}
			, #{homeZipCd}
			, #{homeAddr1}
			, #{homeAddr2}
			, #{homeTel1}
			, #{homeTel2}
			, #{homeTel3}
			, #{postYn}
			, #{handphone1}
			, CRYPTIT_TYPE2.ENCRYPT(#{handphone2})
			, #{handphone3}
			, #{smsYn}
			, CRYPTIT_TYPE2.ENCRYPT(#{email})
			, #{emailYn}
			, 'I'
			, #{id}
			, #{updtIp}
			, SYSDATE
			, #{id}
			, #{updtIp}
			, SYSDATE
			, SYSDATE
		)
	</insert>
	
	<!-- 아이디 찾기 -->
	<select id="myIdFind" parameterType="MberVO" resultType="String">
		/* MberDAO.myIdFind */
		SELECT ID
		FROM TB_WMEM
		WHERE KNAME 	 = #{kname}
		AND   HANDPHONE1 = #{handphone1}
		AND   HANDPHONE2  = CRYPTIT_TYPE2.ENCRYPT(#{handphone2})
		AND   HANDPHONE3 = #{handphone3}
		AND   ISRT_DATE = ( SELECT MAX(ISRT_DATE) FROM TB_WMEM 
								WHERE KNAME 	 = #{kname}
								AND   HANDPHONE1 = #{handphone1}
								AND   HANDPHONE2  = CRYPTIT_TYPE2.ENCRYPT(#{handphone2})
								AND   HANDPHONE3 = #{handphone3}
							)
	</select>
	
	<!-- 비밀번호 찾기 -->
	<select id="myPwdFind" parameterType="MberVO" resultType="int">
		/* MberDAO.myPwdFind */
		SELECT COUNT(ID)
		FROM TB_WMEM
		WHERE KNAME 	 = #{kname}
		<choose>
			<when test='id != null and id != ""'>
				AND   ID 		 = #{id}
			</when>
			<otherwise>
				AND ( MEMBER_NO = #{memberNum}
					OR
					  ID  = #{memberNum}
					)
			</otherwise>
		</choose>
		AND   HANDPHONE1 = #{handphone1}
		AND   HANDPHONE2  = CRYPTIT_TYPE2.ENCRYPT(#{handphone2})
		AND   HANDPHONE3 = #{handphone3}
	</select>
	
	<!-- 비밀번호 재설정 -->
	<update id="myPwdReset" parameterType="MberVO">
		/* MberDAO.myPwdReset */
		UPDATE TB_WMEM
		SET	  PASSWORD = SHA256(#{password})
		,	  UPDT_DATE	= SYSDATE
		,	  WM_SYNC = 'U'
		, 	  UPDT_IP =   #{updtIp}
		,	  PASSWORD_DATE = SYSDATE
		<choose>
			<when test='id != null and id != ""'>
				,	  UPDT_ID = #{id}
			</when>
			<otherwise>
				,	  UPDT_ID = (	SELECT	ID
									FROM	TB_WMEM
									WHERE	REPLACE(ID, ' ', '') IS NOT NULL
									AND 	(	MEMBER_NO = #{memberNum}
											OR 	ID			=	#{memberNum}
											)
									AND		HANDPHONE1 = #{handphone1}
									AND		HANDPHONE2  = CRYPTIT_TYPE2.ENCRYPT(#{handphone2})
									AND		HANDPHONE3 = #{handphone3}
								)
			</otherwise>
		</choose>
		WHERE 1=1
		<choose>
			<when test='id != null and id != ""'>
				AND ID = #{id}
			</when>
			<otherwise>
				AND ID		=	(	SELECT	ID
									FROM	TB_WMEM
									WHERE	REPLACE(ID, ' ', '') IS NOT NULL
									AND 	(	MEMBER_NO = #{memberNum}
											OR 	ID			=	#{memberNum}
											)
									AND		HANDPHONE1 = #{handphone1}
									AND		HANDPHONE2  = CRYPTIT_TYPE2.ENCRYPT(#{handphone2})
									AND		HANDPHONE3 = #{handphone3}
								)
			</otherwise>
		</choose> 
	</update>


	<!-- 로그인 이력 저장 -->
	<insert id="loginHistInsert" parameterType="MberVO">
		INSERT	INTO	TB_WMEM_LOGIN_HIST (
				COMPANY_CD
		,		ID
		,		RESNO
		,		LOGIN_SEQ
		,		LOGIN_DTIME
		,		LOGIN_IP
		)
		SELECT	COMPANY_CD
		,		ID
		,		NVL(RESNO, '-')
		,		(
					SELECT	NVL(MAX(TO_NUMBER(LOGIN_SEQ)), 0) + 1
					FROM	TB_WMEM_LOGIN_HIST
					WHERE	ID		=	#{id}
				)
		,		SYSDATE
		,		#{isrtIp}
		FROM	TB_WMEM
		WHERE	ID		=	#{id}
	</insert>


</mapper>

