<?xml version="1.0" encoding="UTF-8"?>
<!DOCTYPE mapper PUBLIC "-//mybatis.org//DTD Mapper 3.0//EN" "http://mybatis.org/dtd/mybatis-3-mapper.dtd">

<mapper namespace="com.plnc.user.inqry.service.impl.UserInqryDAO">

	<!-- 1:1목록 조회 -->
	<select id="selectInqryList" parameterType="UserInqryVO" resultType="UserInqryVO">
		/* UserInqryDAO.selectInqryList */
			SELECT X.ID
				 , X.INQRY_SN
				 , X.INQRY_SE
				 , X.INQRY_SJ
				 , X.INQRY_CN
				 , X.USE_AT
				 , X.ISRT_ID
				 , X.ISRT_DATE
				 , X.UPDT_ID
				 , X.UPDT_DATE
				 , X.ANSWER_SJ
				 , X.ANSWER_CN
				 , X.MNGR_ID
	             , X.ANSWER_AT
	             , X.ANSWER_ISRT_DATE
			  FROM (
					SELECT A.ID
					     , A.INQRY_SN
			 			 , A.INQRY_SE
					     , A.INQRY_SJ
						 , A.INQRY_CN
					     , A.USE_AT
					     , A.ISRT_ID
						 , TO_CHAR(A.ISRT_DATE,'YYYY.MM.DD HH24:MI') AS ISRT_DATE
						 , A.UPDT_ID
						 , TO_CHAR(A.UPDT_DATE,'YYYY.MM.DD HH24:MI') AS UPDT_DATE
					     , B.MNGR_ID
					     , B.ANSWER_SJ
					     , B.ANSWER_CN
	                        , CASE WHEN B.MNGR_ID IS NULL
				            THEN '미답변'
				            ELSE '답변완료'
				        END AS ANSWER_AT
	                       , TO_CHAR(B.ISRT_DATE,'YYYY.MM.DD HH24:MI') AS ANSWER_ISRT_DATE
					  FROM SERTB_INQRY A
		 			  LEFT JOIN SERTB_ANSWER B
		    			ON B.INQRY_SN = A.INQRY_SN
		    			AND B.ID = #{id}
					   WHERE A.ID  = #{id}
					   AND A.USE_AT = 'Y'
	                      ORDER BY A.ISRT_DATE DESC
				   ) X
	</select>
	
	<!-- 1:1 문의 저장 -->
	<insert id="insertInqry" parameterType="UserInqryVO">
		/*InqryDAO.insertInqry*/
		INSERT INTO SERTB_INQRY
		( 	  ID
			, INQRY_SN
			, INQRY_SE
			, INQRY_SJ
			, INQRY_CN
			, USE_AT
			, ISRT_ID
			, ISRT_IP
			, ISRT_DATE
			, UPDT_ID
			, UPDT_IP
			, UPDT_DATE
		) 
		VALUES
		(
			#{id}
		  , (SELECT NVL(MAX(INQRY_SN), 0) + 1 FROM SERTB_INQRY WHERE ID = #{id})
		  , #{inqrySe}
		  , #{inqrySj}
		  , #{inqryCn}
		  , 'Y'
		  , #{id}
		  , #{isrtIp}
		  , SYSDATE
		  , #{id}
		  , #{updtIp}
		  , SYSDATE
		)
	</insert>
	
	<!-- 1:1 문의 히스트 저장 -->
	<insert id="insertInqryHist" parameterType="UserInqryVO">
		/*InqryDAO.updateInqry*/
		INSERT INTO SERTB_INQRY_HIST
		(
		  ID
		, HIST_SN
		, INQRY_SN
		, INQRY_SE
		, INQRY_SJ
		, INQRY_CN
		, USE_AT
		, INQRY_DATE
		, ISRT_ID
		, ISRT_IP
		, ISRT_DATE
		
		) 
		SELECT ID
		,	   (SELECT NVL(MAX(HIST_SN), 0) + 1 FROM SERTB_INQRY_HIST WHERE ID = #{id} AND   INQRY_SN = #{inqrySn} )
		,	   INQRY_SN
		,	   INQRY_SE
		,	   INQRY_SJ
		,	   INQRY_CN
		,      USE_AT
		,      SYSDATE
		,	   #{id}
		,	   #{updtIp}
		,	   SYSDATE
		FROM SERTB_INQRY
		WHERE ID = #{id}
		AND   INQRY_SN = #{inqrySn}
	</insert>
	
	<!-- 1:1 문의 수정 -->
	<update id="updateInqry" parameterType="UserInqryVO">
		/*InqryDAO.updateInqry*/
		UPDATE  SERTB_INQRY
		SET		INQRY_CN	= #{inqryCn}
		,		INQRY_SJ	= #{inqrySj}
		,		UPDT_ID		= #{id} 
		,		UPDT_IP		= #{updtIp}
		,		UPDT_DATE	= SYSDATE
		WHERE   1 = 1   
		AND 	ID			= #{id}
		AND 	INQRY_SN	= #{inqrySn} 
	</update>
	
	<!-- 1:1문의  조회 -->
	<select id="selectInqryDatail" parameterType="UserInqryVO" resultType="UserInqryVO">
		/* UserFaqDAO.inqryMngrEmail */
		SELECT A.ID
		     , A.INQRY_SN
 			 , A.INQRY_SE
		     , A.INQRY_SJ
			 , A.INQRY_CN
		     , A.USE_AT
		     , A.ISRT_ID
			 , TO_CHAR(A.ISRT_DATE,'YYYY.MM.DD HH24:MI') AS ISRT_DATE
			 , A.UPDT_ID
			 , TO_CHAR(A.UPDT_DATE,'YYYY.MM.DD HH24:MI') AS UPDT_DATE
			 , CD.CL_NM
		  FROM SERTB_INQRY A
		  INNER JOIN SERTB_CL_CD CD
			ON CD.CL_GRP = 'INQSE' 
			AND A.INQRY_SE = CD.CL_CD
		   WHERE A.ID  = #{id}
		   AND   A.INQRY_SN = #{inqrySn}
	</select>
	
	<!-- 1:1 문의 삭제 -->
	<update id="deleteInqry" parameterType="UserInqryVO">
		/*InqryDAO.deleteInqry*/
			UPDATE  SERTB_INQRY
			SET		USE_AT	= 'N'
			,		UPDT_ID		= #{id} 
			,		UPDT_IP		= #{updtIp}
			,		UPDT_DATE	= SYSDATE
			WHERE   1 = 1   
			AND 	ID			= #{id}
			AND 	INQRY_SN	= #{inqrySn} 
	</update>
	
	<!-- 1:1문의 관리자 이메일 조회 -->
	<select id="inqryMngrEmail" parameterType="String" resultType="String">
		/* UserFaqDAO.inqryMngrEmail */
		SELECT CRYPTIT_TYPE2.DECRYPT(A.INQRY_MNGR_EMAIL) AS EMAIL
		FROM SERTB_INQRY_MNGR A
		WHERE A.INQRY_SE = #{inqrySe}
	</select>
	
	<!-- 1:1문의 공통 코드 조회 -->
	<select id="searchUserInqryClCd" parameterType="UserInqryVO" resultType="UserInqryVO">
		/* UserFaqDAO.searchUserFaqClCd */
		SELECT A.CL_CD
		,	   A.CL_NM
		FROM SERTB_CL_CD A
		WHERE A.CL_GRP = 'INQSE'
	</select>
	
</mapper>

