<?xml version="1.0" encoding="UTF-8"?>
<!DOCTYPE mapper PUBLIC "-//mybatis.org//DTD Mapper 3.0//EN" "http://mybatis.org/dtd/mybatis-3-mapper.dtd">

<mapper namespace="com.plnc.user.notice.service.impl.UserNoticeDAO">

	<!-- 공지사항 조회 -->
	<select id="selectNoticeList" parameterType="UserNoticeVO" resultType="UserNoticeVO">
		/* UserNoticeDAO.selectNoticeList */
		<include refid="cmmn.include.pageHeader" />
		SELECT ROWNUM as no
			 , X.NOTICE_SN
			 , X.NOTICE_SE
			 , X.NOTICE_SJ
			 , X.NOTICE_CN
			 , X.NOTICE_BGNDE
			 , X.NOTICE_ENDDE
			 , X.EXPSR_AT
			 , X.USE_AT
			 , TO_CHAR(X.ISRT_DATE,'YYYY.MM.DD') AS ISRT_DATE
		  FROM (
				SELECT ROWNUM as no
					 , A.NOTICE_SN
					 , A.NOTICE_SE
					 , A.NOTICE_SJ
					 , A.NOTICE_CN
					 , A.NOTICE_BGNDE
					 , A.NOTICE_ENDDE
					 , A.EXPSR_AT
					 , A.USE_AT
					 , A.ISRT_DATE
				  FROM SERTB_NOTICE A
	 			 WHERE A.USE_AT    = 'Y'
	 			 AND   A.EXPSR_AT  = 'Y'
				 ORDER BY A.UPDT_DATE DESC
			   ) X
		<include refid="cmmn.include.pageFooter" />
	</select>
	
	<!-- 공지사항 파업 조회 -->
	<select id="selectNoticePopupList" parameterType="UserNoticeVO" resultType="UserNoticeVO">
		/* UserNoticeDAO.selectNoticePopupList */
		SELECT X.NOTICE_SN
			 , X.NOTICE_SE
			 , X.NOTICE_SJ
			 , X.NOTICE_CN
			 , X.NOTICE_BGNDE
			 , X.NOTICE_ENDDE
			 , X.EXPSR_AT
			 , X.USE_AT
		  FROM (
				SELECT A.NOTICE_SN
					 , A.NOTICE_SE
					 , A.NOTICE_SJ
					 , A.NOTICE_CN
					 , A.NOTICE_BGNDE
					 , A.NOTICE_ENDDE
					 , A.EXPSR_AT
					 , A.USE_AT
				  FROM SERTB_NOTICE A
	 			 WHERE A.USE_AT    = 'Y'
	 			 AND   A.EXPSR_AT  = 'Y'
	 			 AND   A.NOTICE_SE = '2'
	 			 AND   A.MAIN_POP_AT = 'Y'
	 			 <![CDATA[
	 			 AND   A.NOTICE_ENDDE >= A.NOTICE_BGNDE
	 			 AND   SYSDATE >= A.NOTICE_BGNDE
	 			 AND   SYSDATE <= A.NOTICE_ENDDE
	 			 ]]>
				 ORDER BY A.UPDT_DATE DESC
			   ) X
	</select>
	
	<!-- 공지사항 전체 갯수 -->
	<select id="selectNoticeTotalCnt" parameterType="UserNoticeVO" resultType="int">
		SELECT COUNT(X.NOTICE_SN)
		  FROM (
				SELECT A.NOTICE_SN
					 , A.NOTICE_SE
					 , A.NOTICE_SJ
					 , A.NOTICE_CN
					 , A.NOTICE_BGNDE
					 , A.NOTICE_ENDDE
					 , A.EXPSR_AT
					 , A.USE_AT
					 , A.ISRT_DATE
				  FROM SERTB_NOTICE A
	 			 WHERE A.USE_AT    = 'Y'
	 			 AND   A.EXPSR_AT  = 'Y'
				 ORDER BY A.UPDT_DATE DESC
			   ) X
	</select>
	
	<!-- 공지사항 상세 조회 -->
	<select id="selectNoticeDetail" parameterType="UserNoticeVO" resultType="UserNoticeVO">
		<![CDATA[
		/*UserNoticeDAO.selectNoticeDetail*/
		SELECT A.NOTICE_SN
			 , A.NOTICE_SJ
			 , A.NOTICE_CN
			 , A.NOTICE_BGNDE
			 , A.NOTICE_ENDDE
			 , A.EXPSR_AT
			 , A.USE_AT
			 , TO_CHAR(A.ISRT_DATE,'YYYY.MM.DD') AS ISRT_DATE
		  FROM SERTB_NOTICE A
		 WHERE A.NOTICE_SN = #{noticeSn}
		]]>
	</select>
	
	<!-- 공지사항 파일 조회-->
	<select id="selectNoticeFile" parameterType="UserNoticeVO" resultType="UserNoticeVO">
		/*UserNoticeDAO.selectNoticeFile*/
		SELECT  A.URL
			  , A.NEW_FILE_NM
			  , A.BOARD_SN
		  FROM SERTB_FILE_INFO A
		 WHERE A.BOARD_SE = 'NOTICE'
		 <if test='noticeSn != null and noticeSn != ""'>
			 AND   A.BOARD_SN = #{noticeSn}
		 </if>
	</select>
	
</mapper>

