<?xml version="1.0" encoding="UTF-8"?>
<beans xmlns="http://www.springframework.org/schema/beans" xmlns:xsi="http://www.w3.org/2001/XMLSchema-instance"
	xsi:schemaLocation="http://www.springframework.org/schema/beans http://www.springframework.org/schema/beans/spring-beans-4.0.xsd">

	<bean id="sqlSession" class="org.mybatis.spring.SqlSessionFactoryBean">
		<property name="dataSource" ref="dataSource" />
		<property name="configLocation" value="classpath:/eGovframework/sqlmap/config/sql-mapper-config.xml" />
		<property name="mapperLocations" value="classpath:/eGovframework/sqlmap/mappers/oracle/**/*.xml" />
	</bean>

	<bean id="batchSqlSessionTemplate" name="batchSqlSessionTemplate" class="org.mybatis.spring.SqlSessionTemplate">
		<constructor-arg index="0" ref="sqlSession" />
		<!-- Batch 설정이 필요할때 
		<constructor-arg index="1" value="BATCH" />
		--> 
	</bean>
 
<!-- 	MapperConfigurer setup for MyBatis Database Layer with @Mapper("deptMapper") in DeptMapper Interface -->
	<bean class="org.mybatis.spring.mapper.MapperScannerConfigurer">
		<property name="basePackage" value="com.plnc.**.service.impl"/>
		<property name="sqlSessionFactoryBeanName" value="sqlSession"/>
		<property name="annotationClass" value="com.plnc.cmmn.mapper.OracleMapper"/>
	</bean>

</beans>