<?xml version="1.0" encoding="UTF-8"?>
<beans xmlns="http://www.springframework.org/schema/beans" xmlns:xsi="http://www.w3.org/2001/XMLSchema-instance"
        xmlns:p="http://www.springframework.org/schema/p"
        xmlns:context="http://www.springframework.org/schema/context"
        xmlns:mvc="http://www.springframework.org/schema/mvc"
        xsi:schemaLocation="http://www.springframework.org/schema/beans http://www.springframework.org/schema/beans/spring-beans-4.0.xsd
                http://www.springframework.org/schema/context http://www.springframework.org/schema/context/spring-context-4.0.xsd
                http://www.springframework.org/schema/mvc http://www.springframework.org/schema/mvc/spring-mvc-4.0.xsd">

	<mvc:annotation-driven/>
	<mvc:default-servlet-handler/>

    <context:component-scan base-package="com.plnc">
        <context:include-filter type="annotation" expression="org.springframework.stereotype.Controller"/>
        <context:exclude-filter type="annotation" expression="org.springframework.stereotype.Service"/>
        <context:exclude-filter type="annotation" expression="org.springframework.stereotype.Repository"/>
    </context:component-scan>

    <bean class="org.springframework.web.servlet.mvc.method.annotation.RequestMappingHandlerAdapter">
        <property name="webBindingInitializer">
            <bean class="com.plnc.cmmn.EgovBindingInitializer"/>
        </property>
    </bean>
    
    <!--  
    <bean class="org.springframework.web.servlet.mvc.method.annotation.RequestMappingHandlerMapping">
        <property name="interceptors">
            <list>
                <ref bean="localeChangeInterceptor" />
            </list>
        </property>
    </bean>
    -->
    
    <!-- session을 이용한 Locale 이용시 -->
    <!--  <bean id="localeResolver" class="org.springframework.web.servlet.i18n.SessionLocaleResolver" /> -->
    <!-- 쿠키를 이용한 Locale 이용시 2020.04.14 다국어 안쓰므로 제거
    <bean id="localeResolver" class="org.springframework.web.servlet.i18n.CookieLocaleResolver">
    	<property name="defaultLocale" value="ko_KR" />
    </bean>
    
    <mvc:interceptors>
		<bean id="localeChangeInterceptor" class="org.springframework.web.servlet.i18n.LocaleChangeInterceptor">
			<property name="paramName" value="language" />
		</bean>
	</mvc:interceptors>
	-->

    <bean class="com.plnc.cmmn.ex.CmmnExceptionResolver">
        <property name="defaultErrorView" value="/WEB-INF/views/cmmn/error/errorMessage"/>
        <property name="exceptionMappings">
            <props>
            	<!--  
                <prop key="org.springframework.dao.DataAccessException">error/dataAccessFailure</prop>
                <prop key="org.springframework.transaction.TransactionException">error/transactionFailure</prop>
                <prop key="egovframework.rte.fdl.cmmn.exception.EgovBizException">error/egovError</prop>
                <prop key="org.springframework.security.AccessDeniedException">error/egovError</prop>
                -->
                <prop key="com.plnc.cmmn.ex.CmmnMngrException">mngrError:/mngrError</prop>
            </props>
        </property>
    </bean>

	<bean id="beanNameViewResolver" class="org.springframework.web.servlet.view.BeanNameViewResolver">
		<property name="order" value="0"/>
	</bean>

	<!-- Json 연결 시작 -->
	<!-- Spring3 이상, jackson 라이브러리 2 이상일 때는 MappingJackson2JsonView 로 설정. -->
	<bean id="jsonMapper" class="com.fasterxml.jackson.databind.ObjectMapper" />
	
	<bean id="jsonView" class="org.springframework.web.servlet.view.json.MappingJackson2JsonView">
		<property name="objectMapper" ref="jsonMapper" />
	</bean>
	
	<bean class="org.springframework.http.converter.StringHttpMessageConverter">
		<property name="supportedMediaTypes">
			<list>
				<value>application/json;charset=UTF-8</value>
			</list>
		</property>
	</bean>
	
	<bean class="org.springframework.http.converter.json.MappingJackson2HttpMessageConverter">
		<property name="objectMapper" ref="jsonMapper"></property>
	</bean>
	
	<!-- Json 연결 종료 -->
	
	<!-- Resolver tiles 적용 시작 -->
	<bean id="viewResolver" class="org.springframework.web.servlet.view.UrlBasedViewResolver">
	   <property name="viewClass" value="org.springframework.web.servlet.view.tiles3.TilesView" />
	   <property name="order" value="1"/>
	</bean>

    <bean id="tilesConfigurer" class="org.springframework.web.servlet.view.tiles3.TilesConfigurer">
        <property name="definitions">
            <list>
                 <value>/WEB-INF/views/cmmn/tiles/tiles.xml</value>
            </list>
        </property>
    </bean>
	<!-- Resolver tiles 적용 종료 -->
	
	<!-- tiles 몾찾으면... 시작 -->	
	<bean class="org.springframework.web.servlet.view.InternalResourceViewResolver">
		<property name="order" value="2"/>
		<property name="prefix" value="/WEB-INF/views/" />
		<property name="suffix" value=".jsp" />
	</bean>
	<!-- tiles 몾찾으면... 종료 -->
	
    <!-- For Pagination Tag 스크립트 처리하기로함 
    <bean id="imageRenderer" class="egovframework.example.cmmn.web.EgovImgPaginationRenderer"/>
    <bean id="paginationManager" class="egovframework.rte.ptl.mvc.tags.ui.pagination.DefaultPaginationManager">
        <property name="rendererType">
            <map>
                <entry key="image" value-ref="imageRenderer"/>
            </map>
        </property>
    </bean>
    -->
	<!-- /For Pagination Tag -->

	<!-- 사용안함
    <mvc:view-controller path="/cmmn/validator.do" view-name="cmmn/validator"/>
    -->
    
</beans>