<?xml version="1.0" encoding="UTF-8"?>
<!DOCTYPE mapper PUBLIC "-//mybatis.org//DTD Mapper 3.0//EN" "http://mybatis.org/dtd/mybatis-3-mapper.dtd">

<mapper namespace="com.plnc.cmmn.security.service.impl.DynamicSecurityDAO">
	<!-- 관리자 부가정보 -->
	<select id="selectSecurityMngrInfo" parameterType="String" resultType="egovMap">
		<![CDATA[
			/* DynamicSecurityDAO.selectSecurityMngrInfo */
 		   SELECT  B.AUTH_CD 
 				, A.MNGR_ID   
 				, A.MNGR_NM   
 				, A.MNGR_JOB  
 				, A.MNGR_GRAD 
 			 FROM SERTB_MNGR A 
 			INNER JOIN SERTB_MNGR_AUTH B ON A.MNGR_ID = B.MNGR_ID 
 									   AND B.USE_AT = 'Y' 
 			WHERE A.MNGR_ID = #{mngrId} 
 			  AND A.USE_AT = 'Y' 
		]]>
	</select>
	
	<!-- 관리자 계정 조회 -->
	<select id="selectAuthenticationMngr" parameterType="String" resultType="egovMap">
		<![CDATA[
		/* DynamicSecurityDAO.selectAuthenticationMngr */
 		SELECT B.MNGR_ID AS username 
   		     , B.MNGR_PWD AS password 
  		  FROM SERTB_MNGR B 
   		 WHERE B.MNGR_ID = #{username} 
    		   AND B.USE_AT = 'Y' 
		]]>
	</select>
	
	<!-- 관리자 권한 조회 -->
	<select id="selectSecurityMngrRole" parameterType="String" resultType="egovMap">
		<![CDATA[
		/* DynamicSecurityDAO.selectSecurityMngrRole */
 		SELECT A.MNGR_ID AS username 
 			 , C.AUTH_CD AS role 
 		  FROM SERTB_MNGR A 
 		 INNER JOIN SERTB_MNGR_AUTH B ON A.MNGR_ID = B.MNGR_ID 
 		 INNER JOIN SERTB_AUTH C ON B.AUTH_CD = C.AUTH_CD 
 							   AND C.USE_AT = 'Y' 
 		 WHERE A.MNGR_ID = #{username} 
 		   AND A.USE_AT = 'Y' 
		]]>
	</select>
	
	<!--  비밀번호 매칭 -->
	<select id="selectSecurityUserPassword" parameterType="String" resultType="int">
		/* DynamicSecurityDAO.selectSecurityUserInfo */
		SELECT COUNT(A.MNGR_ID)
		  FROM SERTB_MNGR A
		 WHERE A.MNGR_PWD = SHA256(#{password})
		 AND   A.MNGR_ID = #{username}
	</select>
	
	<!-- 사용자의 메뉴권한 -->
	<select id="selectSecurityUserMenuList" parameterType="String" resultType="egovMap">
		/* DynamicSecurityDAO.selectSecurityUserMenuList */
		SELECT X.MENU_CD
		     , Z.MENU_NAVI
		     , Z.MENU_LVL
		     , Z.MENU_PARNTS_CD
		     , Z.MENU_URL
		     , Z.MENU_NM
		     , (
			  	SELECT MENU_URL
			  	  FROM SERTB_MENU
			  	 WHERE MENU_CD = Z.MENU_PARNTS_CD
			   ) AS MENU_PARNTS_URL
		     , Z.MENU_DSPLY_AT
		     , Z.MENU_ORDR
		     , Z.MENU_DC
		     , CASE WHEN (
				     		SELECT COUNT(*)
				     		  FROM SERTB_MENU I
				     		 WHERE I.MENU_CD LIKE CONCAT(Z.MENU_CD, '__%')
				     		   AND I.MENU_DSPLY_AT = 'Y' 
				     	  ) > 0
					THEN 'N'
					ELSE 'Y' END AS ISLEAF
		  FROM (
		        SELECT A.MENU_CD
				     , A.MENU_LVL
				     , CASE WHEN A.MENU_LVL > 1
					 		THEN A.MENU_PARNTS_CD
							ELSE A.MENU_CD  END AS SORT_ORD
					 , CASE WHEN A.MENU_LVL > 1
					 		THEN (
								  SELECT B.MENU_ORDR
								    FROM SERTB_MENU B
								   WHERE B.MENU_CD = SUBSTR(A.MENU_PARNTS_CD, 1, 5)
								  )
							ELSE A.MENU_ORDR  END AS MENU_ORDR
				   FROM SERTB_MENU A
				  WHERE NVL(LENGTH(A.MENU_URL), 0) = 0
					AND USE_AT = 'Y'
				  UNION ALL
				 SELECT A.MENU_CD
				      , A.MENU_LVL
				      , A.MENU_PARNTS_CD  AS SORT_ORD
				      , CASE WHEN A.MENU_LVL > 1	
					 		 THEN (
								   SELECT B.MENU_ORDR
								     FROM SERTB_MENU B
								    WHERE B.MENU_CD = SUBSTR(A.MENU_PARNTS_CD, 1, 5)
								  )
							 ELSE A.MENU_ORDR  END AS MENU_ORDR
				 FROM SERTB_MENU A
				WHERE NVL(LENGTH(A.MENU_URL), 0) > 0 
				  AND A.USE_AT = 'Y'
		       ) X
		 INNER JOIN SERTB_MENU Z ON X.MENU_CD 	= Z.MENU_CD
		                           AND Z.USE_AT 	= 'Y'
		 LEFT JOIN SERTB_AUTH_MENU W ON X.MENU_CD = W.MENU_CD
		 						   AND W.AUTH_CD = #{authCd}
		 WHERE Z.MENU_CD IN (
		                     SELECT MENU_CD
		                       FROM SERTB_AUTH_MENU
		                      WHERE W.AUTH_CD = #{authCd}
		                     )
		 ORDER BY X.MENU_ORDR, X.SORT_ORD, X.MENU_LVL, Z.MENU_ORDR ASC
	</select>
	
	<!-- 메뉴 네비게이션 목록 조회 -->
	<select id="selectSecurityMenuNaviList" parameterType="String" resultType="egovMap">
			/* DynamicSecurityDAO.selectSecurityMenuNaviList */
			SELECT A.MENU_URL
			     , A.MENU_NAVI
			  FROM SERTB_MENU A
			 WHERE A.MENU_CD IN (
			                     SELECT MENU_CD
			                       FROM SERTB_AUTH_MENU
			                      WHERE AUTH_CD = #{authCd}
			                     )
			   AND LENGTH(A.MENU_URL) > 0
			   AND A.USE_AT = 'Y'
	</select>
	
	<!-- 로그인 성공 -->
	<insert id="insertLoginSuccess" parameterType="String">
		<![CDATA[
		/* DynamicSecurityDAO.insertLoginSuccess */
<!-- 		INSERT INTO SERTB_LOGIN_DTLS -->
<!-- 		( -->
<!-- 		  USER_ID -->
<!-- 		, LOGIN_AT -->
<!-- 		, LOGIN_DT -->
<!-- 		, LOGIN_IP -->
<!-- 		) -->
<!-- 		VALUES -->
<!-- 		( -->
<!-- 		  #{username} -->
<!-- 		, '0' -->
<!-- 		, DATE_FORMAT(NOW(), '%Y%m%d%H%i%s') -->
<!-- 		, #{ip} -->
<!-- 		) -->
		]]>
	</insert>
	
	<!-- 로그인 실패 -->
	<insert id="insertLoginFailure" parameterType="String">
		<![CDATA[
		/* DynamicSecurityDAO.insertLoginFailure */
		INSERT INTO SERTB_LOGIN_DTLS
		(
		  USER_ID
		, LOGIN_AT
		, LOGIN_DT
		, LOGIN_IP
		)
		VALUES
		(
		  #{username}
		, '1'
		, DATE_FORMAT(NOW(), '%Y%m%d%H%i%s')
		, #{ip}
		)
		]]>
	</insert>
	
</mapper>
