<?xml version="1.0" encoding="UTF-8"?>
<!DOCTYPE mapper PUBLIC "-//mybatis.org//DTD Mapper 3.0//EN" "http://mybatis.org/dtd/mybatis-3-mapper.dtd">

<mapper namespace="com.plnc.cmmn.sys.service.impl.MenuMngDAO">

	<!-- 메뉴 목록 조회 -->
	<select id="searchMenuMngList" parameterType="MenuMngVO" resultType="MenuMngVO">
		<![CDATA[ 
			/* MenuMngDAO.searchMenuMngList */
 			SELECT 
			    LPAD(' ', 2*(MENU_LVL-1)) || MENU_NM AS MENU_NM, --레벨별 들여쓰기
			    MENU_CD,
			    MENU_PARNTS_CD ,
			    MENU_ORDR,
			    MENU_URL,
			    MENU_LVL
			FROM SERTB_MENU 
			WHERE MENU_DSPLY_AT = 'Y'
			AND USE_AT = 'Y'
			START WITH MENU_PARNTS_CD = 'MN'
			CONNECT BY PRIOR MENU_CD = MENU_PARNTS_CD
		]]>
	</select>
	
	<!-- 메뉴 단건 조회 -->
	<select id="searchMenuMng" parameterType="MenuMngVO" resultType="MenuMngVO">
		<![CDATA[
<!-- 			SELECT 			 -->
<!-- 			 	    MENU_CD -->
<!-- 			 	  , MENU_NM -->
<!-- 			 	  , MENU_URL -->
<!-- 			 	  , MENU_LVL -->
<!-- 			 	  , MENU_ORDR -->
<!-- 			 	  , MENU_NAVI -->
<!-- 			 	  , MENU_DC -->
<!-- 			 	  , MENU_PARNTS_CD -->
<!-- 			 	  , MENU_DSPLY_AT -->
<!-- 			 	  , MOBL_DSPLY_AT -->
<!-- 			 	  , USE_AT -->
<!-- 			 	  , REGIST_SN -->
<!-- 			 	  , DATE_FORMAT(REGIST_DT, '%Y-%m-%d') AS REGIST_DT -->
<!-- 			 	  , UPDT_SN -->
<!-- 			 	  , DATE_FORMAT(UPDT_DT, '%Y-%m-%d') AS UPDT_DT -->
<!-- 			  FROM SERTB_MENU -->
<!-- 			 WHERE 1 = 1 -->
<!-- 			 	AND MENU_CD = #{menuCd} -->
		]]>
	</select>
	
	<!-- 토탈 카운트 -->
	<select id="searchMenuMngTotalCount" resultType="int">
		<![CDATA[
			/* CodeMngDAO.selectCodeMngTotalCount */
<!-- 			SELECT FOUND_ROWS() -->
		]]>
	</select>
	
	<!-- 권한 메뉴 BTN 삭제 -->
	<delete id="removeAuthMenuBtn" parameterType="MenuMngVO">
<!-- 		DELETE FROM SERTB_AUTH_MENU -->
<!-- 		 WHERE 1 = 1 -->
<!-- 		   AND MENU_CD IN ( -->
<!-- 		   					SELECT MENU_CD -->
<!-- 		   					  FROM SERTB_MENU -->
<!-- 		   					 WHERE 1 = 1 -->
<!-- 		   					   AND (MENU_PARNTS_CD = #{menuCd} OR MENU_CD = #{menuCd}) -->
<!-- 		   				  ) -->
	</delete>
	
	<!-- 권한 메뉴 MAPNG 삭제 -->
	<delete id="removeAuthMenuMapng" parameterType="MenuMngVO">
<!-- 		DELETE FROM SERTB_AUTH_MENU -->
<!-- 		 WHERE 1 = 1 -->
<!-- 		   AND MENU_CD IN ( -->
<!-- 		   					SELECT MENU_CD -->
<!-- 		   					  FROM SERTB_MENU -->
<!-- 		   					 WHERE 1 = 1 -->
<!-- 		   					   AND (MENU_PARNTS_CD = #{menuCd} OR MENU_CD = #{menuCd}) -->
<!-- 		   				  ) -->
	</delete>
	

	<!-- 메뉴 삭제 -->	
	<delete id="removeMenuMng" parameterType="MenuMngVO">
<!-- 		DELETE FROM SERTB_MENU -->
<!-- 		 WHERE 1 = 1 -->
<!-- 		   AND (MENU_PARNTS_CD = #{menuCd} OR MENU_CD = #{menuCd}) -->
	</delete>
		
	<!-- 메뉴 등록 -->
	<update id="registMenuMng" parameterType="MenuMngVO">
		<selectKey keyProperty="menuCd" resultType="string" order="BEFORE">
			<choose>
			   	<when test='menuCd == null or menuCd == ""'>
			   		<choose>
			   			<when test="menuLevel == 1">
			   				<![CDATA[
<!-- 			   					SELECT CASE WHEN IFNULL(SUBSTR(MAX(MENU_CD), -3) + 1, 1) < 10	THEN CONCAT(#{menuParntsCd}, '00', IFNULL(SUBSTR(MAX(MENU_CD), -3) + 1, 1)) -->
<!-- 			   								WHEN IFNULL(SUBSTR(MAX(MENU_CD), -3) + 1, 1) < 100	THEN CONCAT(#{menuParntsCd}, '0', IFNULL(SUBSTR(MAX(MENU_CD), -3) + 1, 1)) -->
<!-- 			   								ELSE CONCAT(#{menuParntsCd} , IFNULL(SUBSTR(MAX(MENU_CD), -3) + 1, 1)) -->
<!-- 			   						   END AS MENU_CD -->
<!-- 			   					  FROM SERTB_MENU -->
<!-- 			   					 WHERE 1 = 1 -->
<!-- 			   					   AND MENU_PARNTS_CD = #{menuParntsCd} -->
			   				]]>
			   			</when>
			   			<otherwise>
			   				<![CDATA[
<!-- 			   					SELECT CASE WHEN IFNULL(SUBSTR(MAX(MENU_CD), -2) + 1, 1) < 10	THEN CONCAT(#{menuParntsCd}, '0', IFNULL(SUBSTR(MAX(MENU_CD), -2) + 1, 1)) -->
<!-- 			   								ELSE CONCAT(#{menuParntsCd}, IFNULL(SUBSTR(MAX(MENU_CD), -2) + 1, 1)) -->
<!-- 			   						   END AS MENU_CD -->
<!-- 			   					  FROM SERTB_MENU -->
<!-- 			   					 WHERE 1 = 1 -->
<!-- 			   					   AND MENU_PARNTS_CD = #{menuParntsCd} -->
			   				]]>
			   			</otherwise>
			   		</choose>
			   	</when>
			   	<otherwise>
<!-- 			   		SELECT #{menuCd} AS MENU_CD -->
<!-- 			   		  FROM DUAL -->
			   	</otherwise>
		   	</choose>
	    </selectKey>
<!-- 		INSERT INTO SERTB_MENU -->
<!-- 		( -->
<!-- 			MENU_CD -->
<!-- 		  , MENU_NM -->
<!-- 		  , MENU_URL -->
<!-- 		  , MENU_LVL -->
<!-- 		  , MENU_ORDR -->
<!-- 		  , MENU_NAVI -->
<!-- 		  , MENU_DC -->
<!-- 		  , MENU_PARNTS_CD -->
<!-- 		  , MENU_DSPLY_AT -->
<!-- 		  , MOBL_DSPLY_AT -->
<!-- 		  , USE_AT -->
<!-- 		  , REGIST_SN -->
<!-- 		  , REGIST_DT -->
<!-- 		  , UPDT_SN -->
<!-- 		  , UPDT_DT -->
<!-- 		) -->
<!-- 		VALUES -->
<!-- 		( -->
<!-- 			#{menuCd} -->
<!-- 		  , #{menuNm} -->
<!-- 		  , #{menuUrl} -->
<!-- 		  , #{menuLVl} -->
<!-- 		  , #{menuOrdr} -->
<!-- 		  , #{menuNavi} -->
<!-- 		  , #{menuDc} -->
<!-- 		  , #{menuParntsCd} -->
<!-- 		  , #{menuDsplyAt} -->
<!-- 		  , #{moblDsplyAt} -->
<!-- 		  , #{useAt} -->
<!-- 		  , #{seUserSn} -->
<!-- 		  , DATE_FORMAT(NOW(), '%Y%m%d%H%i%s') -->
<!-- 		  , #{seUserSn} -->
<!-- 		  , DATE_FORMAT(NOW(), '%Y%m%d%H%i%s') -->
<!-- 		) -->
<!-- 		ON DUPLICATE KEY -->
<!-- 		UPDATE  -->
<!-- 			   MENU_NM = {menuNm} -->
<!-- 			   MENU_URL = {menuUrl} -->
<!-- 			   MENU_LVL = #{menuLevel} -->
<!-- 		     , MENU_ORDR = #{menuOrdr} -->
<!-- 		     , MENU_NAVI = {menuNavi} -->
<!-- 		     , MENU_DC = {menuDc} -->
<!-- 		     , MENU_PARNTS_CD = #{menuParntsCd} -->
<!-- 		     , MENU_DSPLY_AT = #{menuDsplyAt} -->
<!-- 		     , MOBL_DSPLY_AT = #{moblDsplyAt} -->
<!-- 		     , USE_AT = #{useAt} -->
<!-- 			 , UPDT_SN = #{seUserSn} -->
<!-- 			 , UPDT_DT = DATE_FORMAT(NOW(), '%Y%m%d%H%i%s') -->
	</update>
</mapper>
