<?xml version="1.0" encoding="UTF-8"?>
<!DOCTYPE mapper PUBLIC "-//mybatis.org//DTD Mapper 3.0//EN" "http://mybatis.org/dtd/mybatis-3-mapper.dtd">

<mapper namespace="com.plnc.cmmn.sys.service.impl.CodeMngDAO">

	<!-- 분류코드 목록 조회 -->
	<select id="searchClGrpList" parameterType="ClGrpVO" resultType="ClGrpVO">
				<!-- <include refid="cmmn.include.pageHeader" /> -->

			/* CodeMngDAO.searchClGrpList */
			SELECT  X.CL_GRP
			 	  , X.CL_GRP_NM
			 	  , X.USE_AT
			 	  , X.ISRT_ID
				  , X.ISRT_IP
				  , X.ISRT_DATE
				  , X.UPDT_ID
				  , X.UPDT_IP
				  , X.UPDT_DATE

			  FROM (
					SELECT
					       A.CL_GRP
					     , A.CL_GRP_NM
					     , CASE WHEN LENGTH(A.CL_GRP_DC) > 10
								THEN CONCAT(SUBSTR(A.CL_GRP_DC, 1, 8), '...')
								ELSE A.CL_GRP_DC END AS CL_GRP_DC
					     , A.USE_AT
					     , A.ISRT_ID
						 , A.ISRT_IP
						 , A.ISRT_DATE
						 , A.UPDT_ID
						 , A.UPDT_IP
						 , A.UPDT_DATE
					  FROM SERTB_CL_GRP A
				 )  X
				  WHERE 1	=	1
				  <if test='searchTyCd != null and searchTyCd != "null" and searchTyCd != "" and "name".equals(searchTyCd)'>
				  	AND CL_GRP_NM LIKE '%'|| #{searchText}||'%'

				  </if>
				  <if test='searchTyCd != null and searchTyCd != "null" and searchTyCd != "" and "code".equals(searchTyCd)'>
				  	AND CL_GRP LIKE '%'|| #{searchText}||'%'
				  </if>
				  <if test='searchTyCd != null and searchTyCd != "null" and searchTyCd != "" and "total".equals(searchTyCd)'>
				  	AND CL_GRP_NM LIKE '%'|| #{searchText}||'%' OR CL_GRP LIKE '%'|| #{searchText}||'%'
				  </if>
				  ORDER BY X.UPDT_DATE

				  <!-- <include refid="cmmn.include.pageFooter" /> -->
	</select>

	<!-- 분류코드상세  조회 -->
	<select id="searchClGrp" parameterType="ClGrpVO" resultType="ClGrpVO">
		/* CodeMngDAO.searchClGrp */
			SELECT
				  CL_GRP
			  	, CL_GRP_NM
			  	, CL_GRP_DC
			  	, USE_AT
       			, ISRT_ID
				, ISRT_IP
				, ISRT_DATE
				, UPDT_ID
				, UPDT_IP
				, UPDT_DATE
  			FROM SERTB_CL_GRP A
 			WHERE 1=1
 			AND A.CL_GRP = #{clGrp}

	</select>

	<!-- 분류코드 토탈 카운트 -->
	<select id="searchClGrpCount" resultType="int">
			/* CodeMngDAO.searchClGrpCount */
			SELECT  COUNT(X.CL_GRP)
			  FROM (
					SELECT
					       A.CL_GRP
					     , A.CL_GRP_NM
					     , CASE WHEN LENGTH(A.CL_GRP_DC) > 10
								THEN CONCAT(SUBSTR(A.CL_GRP_DC, 1, 8), '...')
								ELSE A.CL_GRP_DC END AS CL_GRP_DC
					     , A.USE_AT
					     , A.ISRT_ID
						 , A.ISRT_IP
						 , A.ISRT_DATE
						 , A.UPDT_ID
						 , A.UPDT_IP
						 , A.UPDT_DATE
					  FROM SERTB_CL_GRP A
				 )  X
				  WHERE 1	=	1
				  <if test='searchTyCd != null and searchTyCd != "null" and searchTyCd != "" and "name".equals(searchTyCd)'>
				  	AND CL_GRP_NM LIKE '%'|| #{searchText}||'%'

				  </if>
				  <if test='searchTyCd != null and searchTyCd != "null" and searchTyCd != "" and "code".equals(searchTyCd)'>
				  	AND CL_GRP LIKE '%'|| #{searchText}||'%'
				  </if>
				  <if test='searchTyCd != null and searchTyCd != "null" and searchTyCd != "" and "total".equals(searchTyCd)'>
				  	AND CL_GRP_NM LIKE '%'|| #{searchText}||'%' OR CL_GRP LIKE '%'|| #{searchText}||'%'
				  </if>
	</select>

	<!-- 분류코드 등록 -->
	<insert id="registClgrp" parameterType="ClGrpVO">
			/* CodeMngDAO.registClgrp */
			<![CDATA[
			INSERT INTO SERTB_CL_GRP
			(
				CL_GRP
			  , CL_GRP_NM
			  , CL_GRP_DC
			  , USE_AT
			  , ISRT_ID
			  , ISRT_IP
			  , ISRT_DATE
			  , UPDT_ID
			  , UPDT_IP
			  , UPDT_DATE
			)
			SELECT
					#{clGrp}
				  ,	#{clGrpNm}
			 	  ,	#{clGrpDc}
				  , #{useAt}
				  , #{isrtId}
				  , #{isrtIp}
				  , SYSDATE
				  , #{updtId}
				  , #{updtIp}
				  , SYSDATE
			FROM	DUAL
			WHERE	1 = 1
			AND		(SELECT COUNT(1) FROM SERTB_CL_GRP WHERE CL_GRP = #{clGrp} ) < 1
			]]>
	</insert>

	<!-- 분류코드 수정 -->
	<insert id="modifyClGrp" parameterType="ClGrpVO">
		/* CodeMngDAO.modifyClGrp */
		UPDATE SERTB_CL_GRP
		SET CL_GRP_NM	=	#{clGrpNm}
		,	CL_GRP_DC	=	#{clGrpDc}
		,	USE_AT		=	#{useAt}
		,	UPDT_ID 	= #{updtId}
		,	UPDT_IP 	= #{updtIp}
		,	UPDT_DATE	=	SYSDATE
		WHERE CL_GRP	=	#{clGrp}
	</insert>

	<!-- 시설 구분 조회 -->
	<select id="searchClCdList" parameterType="ClCdVO" resultType="ClCdVO">
		/* CodeMngDAO.searchClCdList */
		SELECT CL_GRP,
			   CL_CD,
			   CL_NM,
			   CL_ORDR,
			   CL_VAL,
			   CL_DC,
			   USE_AT,
			   ISRT_ID,
			   ISRT_IP,
			   ISRT_DATE,
			   UPDT_ID,
			   UPDT_IP,
			   UPDT_DATE
		FROM SERTB_CL_CD
		WHERE CL_GRP LIKE '%' || #{clGrp} || '%'
		ORDER BY CL_ORDR
	</select>

	<!-- 분류코드 토탈 카운트 -->
	<select id="searchClCdCount" resultType="int">
			/* CodeMngDAO.searchClCdCount */
			SELECT  COUNT(X.CL_GRP)
			  FROM (
					SELECT
					       A.CL_GRP
					     , A.CL_CD
					     , A.CL_NM
					     , A.CL_ORDR
					     , A.CL_VAL
					     , A.CL_DC
					     , A.USE_AT
					     , A.ISRT_ID
						 , A.ISRT_IP
						 , A.ISRT_DATE
						 , A.UPDT_ID
						 , A.UPDT_IP
						 , A.UPDT_DATE
					  FROM SERTB_CL_CD A
					   WHERE A.CL_GRP LIKE '%'|| #{clGrp}||'%'
				 )  X
	</select>

	<!-- 공통코드 상세 등록 -->
	<insert id="registClCd" parameterType="ClCdVO">
			/* CodeMngDAO.registClCd */
			<![CDATA[
			INSERT INTO SERTB_CL_CD
			(
				CL_GRP
			  , CL_CD
			  , CL_NM
			  , CL_ORDR
			  , CL_VAL
			  , CL_DC
			  , USE_AT
			  , ISRT_ID
			  , ISRT_IP
			  , ISRT_DATE
			  , UPDT_ID
			  , UPDT_IP
			  , UPDT_DATE
			)
			SELECT
					#{clGrp}
				  ,	#{clCd}
			 	  ,	#{clNm}
				  , #{clOrdr}
				  , #{clVal}
				  , #{clDc}
				  , #{useAt}
				  , #{isrtId}
				  , #{isrtIp}
				  , SYSDATE
				  , #{updtId}
				  , #{updtIp}
				  , SYSDATE
			FROM	DUAL
			WHERE	1 = 1
			AND	(SELECT COUNT(1) FROM SERTB_CL_CD  WHERE CL_GRP =#{clGrp} AND CL_CD = #{clCd} ) < 1
			]]>
	</insert>

	<!-- 공통코드 상세 수정 -->
	<insert id="modifyClCd" parameterType="ClCdVO">
		/* CodeMngDAO.modifyClCd */
		UPDATE SERTB_CL_CD
		SET  CL_NM    = #{clNm}
		,	 CL_DC   = #{clDc}
		,	 USE_AT  = #{useAt}
		,	 CL_VAL  = #{clVal}
		,	 CL_ORDR = #{clOrdr}
		,	 UPDT_ID = #{updtId}
		,	 UPDT_IP = #{updtIp}
		,	 UPDT_DATE =	SYSDATE
		WHERE CL_CD	 = #{clCd}
	</insert>

	<!-- 공통코드 상세 조회 -->
	<select id="searchClCd" parameterType="ClCdVO" resultType="ClCdVO">
		/* CodeMngDAO.searchClCd */
	  	SELECT CL_GRP
			 , CL_CD
			 , CL_NM
		     , CL_ORDR
		     , CL_VAL
		     , CL_DC
		     , USE_AT
		     , ISRT_ID
		     , ISRT_IP
			 , ISRT_DATE
			 , UPDT_ID
			 , UPDT_IP
			 , UPDT_DATE
		  FROM SERTB_CL_CD
		 WHERE
		 	CL_GRP = #{clGrp}
			AND CL_CD = #{clCd}
	</select>

	<!-- 공통코드 삭제 -->
	<delete id="deleteClGrp" parameterType="ClGrpVO">
		/* CodeMngDAO.deleteClGrp */
		DELETE FROM SERTB_CL_GRP
		WHERE  CL_GRP = #{clGrp}
	</delete>

	<!-- 공통코드 삭제 -->
	<delete id="deleteClCd" parameterType="ClCdVO">
		/* CodeMngDAO.deleteClGrp */
		DELETE FROM SERTB_CL_CD
		WHERE  1 = 1
		<if test="clGrp != null and clGrp != ''">
			AND CL_GRP = #{clGrp}
		</if>
		<if test="clCd != null and clCd != ''">
			AND	   CL_CD  = #{clCd}
		</if>
	</delete>

	<!-- 시설목록 조회 -->
	<select id="selectFcltList" resultType="java.util.HashMap">
	/* mngr-prd-sql.selectFlctList */
		SELECT
			FCLT_SEQ
			, FCLT_NM
			, FCLT_CLASS
		FROM SERTB_FCLT
		WHERE DEL_YN != 'Y'
		<if test='fclt_class != "" and fclt_class != null'>
			AND FCLT_CLASS = #{fclt_class}
		</if>
	</select>

	<select id="selectGrpList" resultType="java.util.HashMap">
		SELECT /* 상품그룹 조회 */
			   PG.GR_LOC,
			   PG.GR_CODE,
			   PG.GR_DESC,
			   SF.FCLT_CLASS
		  FROM P_GROUP PG,
		       P_PLACE PP,
		       SERTB_FCLT SF
		 WHERE SF.DEL_YN = 'N'
		   AND PG.GR_LOC = PP.PL_OUTLET_CD
		   AND PP.PL_CODE = SF.FCLT_SEQ
		   AND LENGTH(PG.GR_CODE) = 3
		<if test='fcltClass != "" and fcltClass != null'>
			AND SF.FCLT_CLASS = #{fcltClass}
		</if>
		<if test='fcltSeq != "" and fcltSeq != null'>
			AND SF.FCLT_SEQ = #{fcltSeq}
		</if>
	</select>
</mapper>
