<?xml version="1.0" encoding="UTF-8"?>
<!DOCTYPE mapper PUBLIC "-//mybatis.org//DTD Mapper 3.0//EN" "http://mybatis.org/dtd/mybatis-3-mapper.dtd">

<mapper namespace="com.plnc.cmmn.script.service.impl.ScriptDAO">

	<!-- 공통코드 정보 조회 -->
	<select id="selectCmmnCdList" parameterType="ClCdVO" resultType="egovMap">
		/* ScriptDAO.selectCmmnCdList */
		SELECT X.* FROM (
			SELECT A.CL_GRP
				  , A.CL_GRP_NM
				  , B.CL_CD
				  , B.CL_NM
				  , B.CL_ORDR
				 FROM SERTB_CL_GRP A
				INNER JOIN SERTB_CL_CD B ON A.CL_GRP = B.CL_GRP
											  AND B.USE_AT = 'Y'
				WHERE 1=1
				AND A.CL_GRP = #{clGrp}
				AND A.USE_AT = 'Y'
			) X
		ORDER BY X.CL_ORDR
	</select>
	
	<!-- 첨부파일 정보 목록 조회 -->
	<select id="selectAttachInfo" parameterType="AttachVO" resultType="AttachVO">
			/* ScriptDAO.selectAttachInfo */
			SELECT  BOARD_SE
				,	BOARD_SN
				,	FILE_SN
				,	ORGN_FILE_NM
				,	NEW_FILE_NM
				,	SAVE_PATH
				,	URL
				,	USE_AT
			  FROM SERTB_FILE_INFO
			 WHERE 1 = 1
			   AND BOARD_SE = #{boardSe}
			   AND BOARD_SN = #{boardSn}
	</select>
	
	<!-- 파일 삭제 -->
	<delete id="deleteFile" parameterType="AttachVO" >
			/* ScriptDAO.deleteFile */
			DELETE FROM SERTB_FILE_INFO
			 WHERE BOARD_SE = #{boardSe}
			   AND BOARD_SN = #{boardSn}
	</delete>

<!-- 	첨부파일 등록 -->
	<insert id="attachFileSave" parameterType="AttachVO">
		<selectKey keyProperty="fileSn" resultType="Integer" order="BEFORE"> 
			SELECT (NVL(MAX(FILE_SN),0)+1) FROM SERTB_FILE_INFO WHERE BOARD_SE= #{boardSe} AND BOARD_SN = #{boardSn} 
		</selectKey>
		<![CDATA[
		/* scriptDAO.attachFileSave */
		INSERT INTO 
			SERTB_FILE_INFO (
				BOARD_SE,
				BOARD_SN,
				FILE_SN,
				ORGN_FILE_NM,
				NEW_FILE_NM,
				SAVE_PATH,
				URL,
				USE_AT,
				EXPSR_ORDR,
				ISRT_ID,
				ISRT_IP,
				ISRT_DATE
			) VALUES
			(
				#{boardSe},
				#{boardSn},
				#{fileSn},
				#{orgnFileNm},
				#{newFileNm},
				#{savePath},
				#{url},
				'Y',
				#{expsrOrdr},
				#{isrtId},
				#{isrtIp},
				SYSDATE
			)
		]]>
	</insert>
	<!-- 이미지 파일등록 -->
	<insert id="insertImageFile" parameterType="java.util.HashMap">
		<![CDATA[
		/* scriptDAO.insertImageFile */
		INSERT INTO
			SERTB_FILE_INFO (
				BOARD_SE,
				BOARD_SN,
				FILE_SN,
				ORGN_FILE_NM,
				NEW_FILE_NM,
				SAVE_PATH,
				URL,
				USE_AT,
				EXPSR_ORDR,
				ISRT_ID,
				ISRT_IP,
				ISRT_DATE
			) VALUES
			(
				#{boardSe},
				#{boardSn},
				#{fileSn},
				#{orgnFileNm},
				#{newFileNm},
				#{savePath},
				#{url},
				'Y',
				#{expsrOrdr},
				#{isrtId},
				#{isrtIp},
				SYSDATE
			)
		]]>
	</insert>
	<!-- 첨부파일 정보 목록 조회 : 단일 -->
	<select id="selectSingleFile" parameterType="java.util.HashMap" resultType="java.util.HashMap">
		/* ScriptDAO.selectSingleFile */
		SELECT
			BOARD_SE
			, TO_CHAR(BOARD_SN) AS BOARD_SN
			, TO_CHAR(FILE_SN) AS FILE_SN
			, ORGN_FILE_NM
			, NEW_FILE_NM
			, SAVE_PATH
			, URL
			, USE_AT
		FROM SERTB_FILE_INFO
		WHERE 1 = 1
			AND BOARD_SE = #{boardSe}
			AND BOARD_SN = #{boardSn}
			AND FILE_SN = #{fileSn}
	</select>
	<!-- 첨부파일 정보 목록 조회 : 단일 -->
	<select id="selectMultiFile" parameterType="java.util.HashMap" resultType="java.util.HashMap">
		/* ScriptDAO.selectMultiFile */
		SELECT
			BOARD_SE
			 , TO_CHAR(BOARD_SN) AS BOARD_SN
			 , TO_CHAR(FILE_SN) AS FILE_SN
			 , ORGN_FILE_NM
			 , NEW_FILE_NM
			 , SAVE_PATH
			 , URL
			 , USE_AT
		FROM SERTB_FILE_INFO
		WHERE 1 = 1
		  AND BOARD_SE = #{boardSe}
		  AND BOARD_SN = #{boardSn}
		  AND FILE_SN IN (3, 4, 5, 6, 7)
	</select>
	<!-- 파일 삭제 -->
	<delete id="deleteImageFile" parameterType="java.util.HashMap" >
		/* ScriptDAO.deleteImageFile */
		DELETE FROM SERTB_FILE_INFO
		WHERE BOARD_SE = #{boardSe}
			AND BOARD_SN = #{boardSn}
			AND FILE_SN = #{fileSn}
	</delete>
	<!-- 파일정보 수정 -->
	<update id="updateImageFile" parameterType="java.util.HashMap">
		/* ScriptDAO.updateImageFile */
		UPDATE SERTB_FILE_INFO
		SET FILE_SN = #{fileSn}, EXPSR_ORDR = #{expsrOrdr}
		WHERE BOARD_SE = #{boardSe}
		  AND BOARD_SN = #{boardSn}
		  AND FILE_SN = #{oldFileSn}
	</update>
</mapper>
