<?xml version="1.0" encoding="UTF-8"?>
<!DOCTYPE mapper PUBLIC "-//mybatis.org//DTD Mapper 3.0//EN" "http://mybatis.org/dtd/mybatis-3-mapper.dtd">

<mapper namespace="com.plnc.cmmn.sys.service.impl.AuthorMngDAO">

	<!-- 권한 목록 조회 -->
	<select id="selectAuthorMngList" parameterType="AuthorMngVO" resultType="AuthorMngVO">
			/* AuthorMngDAO.selectAuthorMngList */
<!-- 			SELECT SQL_CALC_FOUND_ROWS -->
<!-- 			       X.AUTH_CD -->
<!-- 			     , X.AUTH_NM -->
<!-- 			     , X.AUTH_DC -->
<!-- 			     , X.AUTH_BASIC_AT -->
<!-- 			     , X.USE_AT -->
<!-- 			     , X.REGIST_SN -->
<!-- 			     , X.REGIST_DT -->
<!-- 			     , X.UPDT_SN -->
<!-- 			     , X.UPDT_DT -->
<!-- 			  FROM ( -->
<!-- 						SELECT @RNUM := @RNUM + 1 AS NO -->
<!-- 					     , A.AUTH_CD -->
<!-- 					     , A.AUTH_NM -->
<!-- 					     , CASE WHEN LENGTH(A.AUTH_DC) > 10 -->
<!-- 									THEN CONCAT(SUBSTR(A.AUTH_DC, 1, 8), '...') -->
<!-- 									ELSE A.AUTH_DC END AS AUTH_DC -->
<!-- 					     , A.AUTH_BASIC_AT -->
<!-- 					     , A.USE_AT -->
<!-- 					     , A.REGIST_SN -->
<!-- 					     , DATE_FORMAT(A.REGIST_DT, '%Y-%m-%d %H:%i:%s') AS REGIST_DT -->
<!-- 					     , A.UPDT_SN -->
<!-- 					     , DATE_FORMAT(A.UPDT_DT, '%Y-%m-%d %H:%i:%s') AS UPDT_DT -->
<!-- 					  FROM SERTB_AUTH A -->
<!-- 					 INNER JOIN (SELECT @RNUM := 0) AS R -->
<!-- 					 WHERE 1=1 -->
<!-- 		 -->
<!-- 					   <if test='authNm != null and authNm != ""'> -->
<!-- 					   AND A.AUTH_NM 	LIKE CONCAT('%', #{authNm}, '%') -->
<!-- 					   </if> -->
<!-- 					   <if test='useAt != null and useAt != ""'> -->
<!-- 					   AND A.USE_AT		= #{useAt} -->
<!-- 					   </if> -->
<!-- 					 ORDER BY A.AUTH_CD -->
<!-- 					) AS X -->
<!-- 			LIMIT #{offsetIndex}, #{pageSize} -->
	</select>
	
	<!-- 권한 조회 -->
	<select id="selectAuthorMng" parameterType="AuthorMngVO" resultType="AuthorMngVO">
			/* AuthorMngDAO.selectAuthorMng */
			SELECT AUTH_CD
			     , AUTH_NM
				 , AUTH_DC
				 , AUTH_BASIC_AT
			     , USE_AT
			     , REGIST_SN
			     , REGIST_DT
			     , UPDT_SN
			     , UPDT_DT
			  FROM SERTB_AUTH
			 WHERE 1=1
			   AND AUTH_CD = #{authCd}
	</select>
	
	<!-- 권한 등록 -->
	<insert id="insertAuthorMng" parameterType="AuthorMngVO">
		<![CDATA[
			/* AuthorMngDAO.insertAuthorMng */
<!-- 			INSERT INTO SERTB_AUTH -->
<!-- 				( -->
<!-- 				  AUTH_CD -->
<!-- 				, AUTH_NM -->
<!-- 				, AUTH_DC -->
<!-- 				, AUTH_BASIC_AT -->
<!-- 				, USE_AT -->
<!-- 				, REGIST_SN -->
<!-- 				, REGIST_DT -->
<!-- 				, UPDT_SN -->
<!-- 				, UPDT_DT -->
<!-- 				) -->
<!-- 				VALUES -->
<!-- 				( -->
<!-- 				  CONCAT('ROLE_', UPPER(#{authCd})) -->
<!-- 				, #{authNm} -->
<!-- 				, #{authDc} -->
<!-- 				, #{authBasicAt} -->
<!-- 				, #{useAt} -->
<!-- 				, #{registSn} -->
<!-- 				, DATE_FORMAT(NOW(), '%Y%m%d%H%i%s') -->
<!-- 				, #{updtSn} -->
<!-- 				, DATE_FORMAT(NOW(), '%Y%m%d%H%i%s') -->
<!-- 			) -->
		]]>
	</insert>
	
	<!-- 권한 수정 -->
	<update id="updateAuthorMng" parameterType="AuthorMngVO">
		<![CDATA[
			/* AuthorMngDAO.updateAuthorMng */
<!-- 			UPDATE SERTB_AUTH -->
<!-- 			   SET AUTH_BASIC_AT  	= #{authBasicAt} -->
<!-- 			     , USE_AT           = #{useAt} -->
<!-- 			     , UPDT_SN          = #{updtSn} -->
<!-- 			     , UPDT_DT          = DATE_FORMAT(NOW(), '%Y%m%d%H%i%s') -->
<!-- 			 WHERE AUTH_CD          = #{AUTH_CD} -->
		]]>
	</update>
	
	<!-- 기본사용 수정 -->
	<update id="updateAuthorMngBasicYn" parameterType="AuthorMngVO">
		<![CDATA[
			/* AuthorMngDAO.updateAuthorMng */
<!-- 			UPDATE SERTB_AUTH -->
<!-- 			   SET AUTH_BASIC_AT  = 'N' -->
<!-- 			     , UPDT_SN          = #{updtSn} -->
<!-- 			     , UPDT_DT          = DATE_FORMAT(NOW(), '%Y%m%d%H%i%s') -->
<!-- 			 WHERE AUTH_CD        <> #{AUTH_CD} -->
		]]>
	</update>
	
	<!-- 권한 메뉴 목록 조회 -->
	<select id="selectAuthorMngMenuList" parameterType="AuthorMngVO" resultType="AuthorMngMenuVO">
			/* AuthorMngDAO.selectAuthorMngMenuList */
<!-- 			SELECT #{authorId} AS AUTHOR_ID -->
<!-- 			     , X.MENU_CD -->
<!-- 			     , X.MENU_LVL -->
<!-- 			     , Z.MENU_ORDR -->
<!-- 			     , Z.MENU_PARNTS_CD -->
<!-- 			     , CASE WHEN ( -->
<!-- 					     		SELECT COUNT(*) -->
<!-- 					     		  FROM SERTB_MENU I -->
<!-- 					     		 WHERE I.MENU_CD LIKE CONCAT(Z.MENU_CD, '__%') -->
<!-- 					     	  ) > 0 -->
<!-- 						THEN 'N'  -->
<!-- 						ELSE 'Y' END AS ISLEAF -->
<!-- 			     , CASE WHEN LENGTH(Z.MENU_URL) = 0 -->
<!-- 		     			THEN 'N' -->
<!-- 		     			ELSE 'Y' END 			AS AUTHOR_MENU_BTN_YN -->
<!-- 			  FROM ( -->
<!-- 			         SELECT A.MENU_CD -->
<!-- 					     , A.MENU_LVL -->
<!-- 					     , CASE WHEN A.MENU_LVL > 1 -->
<!-- 						 		THEN A.MENU_PARNTS_CD -->
<!-- 								ELSE A.MENU_CD  END AS SORT_ORD -->
<!-- 						 , CASE WHEN A.MENU_LVL > 1 -->
<!-- 						 		THEN ( -->
<!-- 									  SELECT B.MENU_ORDR -->
<!-- 									    FROM SERTB_MENU B -->
<!-- 									   WHERE B.MENU_CD = SUBSTR(A.MENU_PARNTS_CD, 1, 5) -->
<!-- 									  ) -->
<!-- 								ELSE A.MENU_ORDR  END AS MENU_ORDR -->
<!-- 					   FROM SERTB_MENU A -->
<!-- 					  WHERE IFNULL(LENGTH(A.MENU_URL), 0) = 0 -->
<!-- 						AND USE_AT = 'Y' -->
<!-- 					  UNION ALL -->
<!-- 					 SELECT A.MENU_CD -->
<!-- 					      , A.MENU_LVL -->
<!-- 					      , A.MENU_PARNTS_CD  AS SORT_ORD -->
<!-- 					      , CASE WHEN A.MENU_LVL > 1	 -->
<!-- 						 		 THEN ( -->
<!-- 									   SELECT B.MENU_ORDR -->
<!-- 									     FROM SERTB_MENU B -->
<!-- 									    WHERE B.MENU_CD = SUBSTR(A.MENU_PARNTS_CD, 1, 5) -->
<!-- 									  ) -->
<!-- 								 ELSE A.MENU_ORDR  END AS MENU_ORDR -->
<!-- 					 FROM SERTB_MENU A -->
<!-- 					WHERE IFNULL(LENGTH(A.MENU_URL), 0) > 0  -->
<!-- 					  AND A.USE_AT = 'Y' -->
<!-- 			       ) X -->
<!-- 			 INNER JOIN SERTB_MENU Z ON X.MENU_CD = Z.MENU_CD -->
<!-- 			 						   AND Z.USE_AT = 'Y' -->
<!-- 			 ORDER BY X.MENU_ORDR, X.SORT_ORD, X.MENU_LVL, CAST(Z.MENU_ORDR AS UNSIGNED) ASC -->
	</select>
	
	<!-- 권한 메뉴 등록 -->
	<insert id="insertAuthorMngMenu" parameterType="AuthorMngMenuVO">
		<![CDATA[
			/* AuthorMngDAO.insertAuthorMngMenu */
<!-- 			INSERT INTO SERTB_AUTH_MENU -->
<!-- 			( -->
<!-- 			  AUTHOR_CD -->
<!-- 			, MENU_CD -->
<!-- 			, REGIST_SN -->
<!-- 			, REGIST_DT -->
<!-- 			, UPDT_SN -->
<!-- 			, UPDT_DT -->
<!-- 			) -->
<!-- 			SELECT X.AUTHOR_CD -->
<!-- 			     , X.MENU_CD -->
<!-- 			     , X.REGI_USER_ID -->
<!-- 			     , X.REGI_DT -->
<!-- 			     , X.UPDT_USER_ID -->
<!-- 			     , X.UPDT_DT -->
<!-- 			  FROM ( -->
<!-- 					SELECT #{authorCd} AS AUTHOR_CD -->
<!-- 					     , MENU_CD -->
<!-- 					     , #{seUserSn} AS REGI_USER_ID -->
<!-- 					     , DATE_FORMAT(NOW(), '%Y%m%d%H%i%s') AS REGI_DT -->
<!-- 					     , #{seUserSn} AS UPDT_USER_ID -->
<!-- 					     , DATE_FORMAT(NOW(), '%Y%m%d%H%i%s') AS UPDT_DT -->
<!-- 					  FROM SERTB_MENU -->
<!-- 					 WHERE MENU_CD = #{menuCd} -->
<!-- 				   ) AS X -->
<!-- 			ON DUPLICATE KEY UPDATE UPDT_SN = #{seUserId} -->
<!-- 								  , UPDT_DT = DATE_FORMAT(NOW(), '%Y%m%d%H%i%s') -->
		]]>
	</insert>

	<!-- 권한 메뉴 삭제 -->
	<delete id="deleteAuthorMngMenu" parameterType="AuthorMngMenuVO">
		<![CDATA[
			/* AuthorMngDAO.deleteAuthorMngMenu */
<!-- 			DELETE FROM SERTB_AUTH_MENU -->
<!-- 			 WHERE AUTHOR_CD 	= #{authorCd} -->
		]]>
	</delete>
	
	
	<!-- 권한 공통 목록 조회 -->
	<select id="selectAuthorCmmnList" parameterType="AuthorMngVO" resultType="AuthorMngVO">
		<![CDATA[
			/* AuthorMngDAO.selectAuthorCmmnList */
<!-- 			SELECT X.DTL_CD -->
<!-- 			     , X.DTL_CD_NM -->
<!-- 			  FROM ( -->
<!-- 					SELECT ''		AS DTL_CD -->
<!-- 					     , '회원권한'	AS DTL_CD_NM -->
<!-- 					UNION ALL -->
<!-- 					SELECT A.AUTH_CD AS DTL_CD -->
<!-- 					     , A.AUTH_NM AS DTL_CD_NM -->
<!-- 					  FROM SERTB_AUTH A -->
<!-- 					 WHERE A.USE_AT = 'Y' -->
<!-- 					) AS X -->
<!-- 			 ORDER BY X.DTL_CD -->
		]]>
	</select>
	
	<!-- 토탈 카운트 -->
	<select id="selectAuthorMngTotalCount" resultType="int">
		<![CDATA[
		/* AuthorMngDAO.selectAuthorMngTotalCount */
<!-- 		SELECT FOUND_ROWS() -->
		]]>
	</select>	
	
</mapper>
