<?xml version="1.0" encoding="UTF-8"?>
<beans xmlns="http://www.springframework.org/schema/beans" xmlns:xsi="http://www.w3.org/2001/XMLSchema-instance"
	xmlns:jdbc="http://www.springframework.org/schema/jdbc"
	xsi:schemaLocation="http://www.springframework.org/schema/beans http://www.springframework.org/schema/beans/spring-beans-4.0.xsd
        http://www.springframework.org/schema/jdbc  http://www.springframework.org/schema/jdbc/spring-jdbc-4.0.xsd">

    <bean id="dataSource" class="org.apache.commons.dbcp.BasicDataSource" destroy-method="close">
    	<property name="driverClassName" value="${jdbc.oracle.driverClassName}"/>
        <property name="url" value="${jdbc.oracle.url}" />
        <property name="username" value="${jdbc.oracle.username}"/>
        <property name="password" value="${jdbc.oracle.password}"/>
        <property name="validationQuery"	value="SELECT 1 FROM DUAL"/>
        <property name="testOnBorrow"		value="true"/>
    </bean>
    
</beans>
