<?xml version="1.0" encoding="UTF-8"?>
<beans:beans xmlns="http://www.springframework.org/schema/security"
    xmlns:beans="http://www.springframework.org/schema/beans"
	xmlns:xsi="http://www.w3.org/2001/XMLSchema-instance"
	xsi:schemaLocation="http://www.springframework.org/schema/security http://www.springframework.org/schema/security/spring-security.xsd
		http://www.springframework.org/schema/beans http://www.springframework.org/schema/beans/spring-beans-4.3.xsd">

	<http pattern="/" 						security="none"/>
	<http pattern="/upload/**" 				security="none"/>
	<http pattern="/resources/**" 			security="none"/>
	
	<http pattern="/mngrResource/css/**" 	security="none"/>
	<http pattern="/mngrResource/images/**" security="none"/>
	<http pattern="/mngrResource/js/**" 	security="none"/>
	
	<http pattern="/favicon.ico" 	security="none"/>
	
	<http auto-config="true" use-expressions="true" >

		<intercept-url pattern="${ssl.pattern}" requires-channel="https"/>		
		<intercept-url pattern="/cmmn/sys/**" access="permitAll"/>
		<intercept-url pattern="/user/sample/**" access="permitAll"/>

		<intercept-url pattern="/mngr/**"	access="hasRole('ROLE_ADMIN')
												 or hasRole('ROLE_ADMIN_MAIN')
												 or hasRole('ROLE_ADMIN_FINA')
												 or hasRole('ROLE_CS')
												 or hasRole('ROLE_CLIENT')" />
		<intercept-url pattern="/mngrMain.do" access="hasRole('ROLE_ADMIN')
													 or hasRole('ROLE_ANONYMOUS')
													 or hasRole('ROLE_ADMIN_MAIN')
													 or hasRole('ROLE_ADMIN_FINA')
													 or hasRole('ROLE_CS')
													 or hasRole('ROLE_CLIENT')"/>
		
		<intercept-url pattern="/user/**" access="hasRole('ROLE_USER')" />
		<intercept-url pattern="/userMain.do" access="hasRole('ROLE_USER') or hasRole('ROLE_ANONYMOUS')" />

		<form-login login-processing-url="/j_spring_security_check.do"
					login-page="/mngrMain.do"
					username-parameter="userId"
					password-parameter="userPw"
					authentication-success-handler-ref="accessSuccessHandler"
					authentication-failure-handler-ref="accessFailureHandler"
					/>
		
		<anonymous granted-authority="ROLE_ANONYMOUS"/>
		
		<custom-filter before="SESSION_MANAGEMENT_FILTER" 	ref="sessionManagementFilter"/>
			
		<session-management>
			<concurrency-control max-sessions="5" expired-url="/bfMngrLogout.do?typeCode=2"/>
		</session-management>
		
		<access-denied-handler ref="cmmnAccessDeniedHandler"/>
		
		<csrf disabled="false"/>
		
	</http>
	
	<beans:bean id="sessionManagementFilter" class="org.springframework.security.web.session.SessionManagementFilter">
	   <beans:constructor-arg name="securityContextRepository" ref="httpSessionSecurityContextRepository" />
	   <beans:property name="invalidSessionStrategy" ref="cmmnInvalidSessionStrategyFilter" />
	</beans:bean>

	<beans:bean id="httpSessionSecurityContextRepository" class="org.springframework.security.web.context.HttpSessionSecurityContextRepository"/>
	
	<beans:bean id="cmmnInvalidSessionStrategyFilter" class="com.plnc.cmmn.security.CmmnInvalidSessionStrategyFilter">
	</beans:bean>
	
	<beans:bean id="cmmnAccessDeniedHandler" class="com.plnc.cmmn.security.CmmnAccessDeniedHandler">
		<beans:property name="accessDeniedUrl" value="/error/errorDenied.do"/>
	</beans:bean> 
	
<!-- 	<beans:bean id="bcryptPasswordEncoder" class="org.springframework.security.crypto.bcrypt.BCryptPasswordEncoder" /> -->
	<beans:bean id="accessSuccessHandler" class="com.plnc.cmmn.security.CmmnAuthenticationSuccessHandler" />
	<beans:bean id="accessFailureHandler" class="com.plnc.cmmn.security.CmmnAuthenticationFailureHandler" />
	
	<authentication-manager alias="authenticationManager">
		<authentication-provider ref="cmmnAuthenticationProvider" />
	</authentication-manager>
	
	<beans:bean id="cmmnAuthenticationProvider" class="com.plnc.cmmn.security.CmmnAuthenticationProvider"/>
	<beans:bean id="cmmnUserDetailsService" class="com.plnc.cmmn.security.service.impl.CmmnUserDetailsService"/>
	<beans:bean id="cmmnPasswordEncoder" class="com.plnc.cmmn.security.service.impl.CmmnUserPassword" />

</beans:beans>