<?xml version="1.0" encoding="UTF-8"?>
<beans xmlns="http://www.springframework.org/schema/beans" xmlns:xsi="http://www.w3.org/2001/XMLSchema-instance"
	xmlns:context="http://www.springframework.org/schema/context"
	xsi:schemaLocation="http://www.springframework.org/schema/beans http://www.springframework.org/schema/beans/spring-beans-4.0.xsd
        http://www.springframework.org/schema/context http://www.springframework.org/schema/context/spring-context-4.0.xsd">

    <context:component-scan base-package="com.plnc">
       <context:exclude-filter type="annotation" expression="org.springframework.stereotype.Controller" />
    </context:component-scan>

	<bean id="messageSource" class="org.springframework.context.support.ReloadableResourceBundleMessageSource">
		<property name="basenames">
			<list>
				<value>classpath:/eGovframework/message/message</value>
				<!-- eGov 설정 사용시
				<value>classpath:/egovframework/rte/fdl/idgnr/messages/idgnr</value>
				<value>classpath:/egovframework/rte/fdl/property/messages/properties</value>
				-->
			</list>
		</property>
		<property name="alwaysUseMessageFormat" value="true"/>
		<property name="cacheSeconds">
			<value>60</value>
		</property>
	</bean>	
	
	<bean id="config" class="org.springframework.beans.factory.config.PropertyPlaceholderConfigurer">
		<property name="location" value="classpath:/eGovframework/config/#{systemProperties['spring.profiles.active']}/config.properties" />
		<property name="fileEncoding" value="UTF-8"/>
	</bean>
	
	<bean id="messageSourceAccessor" class="org.springframework.context.support.MessageSourceAccessor">
		<constructor-arg ref="messageSource"/>
	</bean>
	
	<bean id="message" class="com.plnc.cmmn.msg.MessageManager">
		<property name="messageSourceAccessor" ref="messageSourceAccessor"/>
	</bean>

	<bean id="leaveaTrace" class="egovframework.rte.fdl.cmmn.trace.LeaveaTrace">
		<property name="traceHandlerServices">
			<list>
				<ref bean="traceHandlerService" />
			</list>
		</property>
	</bean>

	<bean id="traceHandlerService" class="egovframework.rte.fdl.cmmn.trace.manager.DefaultTraceHandleManager">
		<property name="reqExpMatcher">
			<ref bean="antPathMater" />
		</property>
		<property name="patterns">
			<list>
				<value>*</value>
			</list>
		</property>
		<property name="handlers">
			<list>
				<ref bean="defaultTraceHandler" />
			</list>
		</property>
	</bean>
	
	<!-- MULTIPART RESOLVERS -->
    <!-- regular spring resolver 10MB로 제한 (1024*1024*10 = 10485760) -->    
    <!-- regular spring resolver 10MB로 제한 (1024*1024*20 = 20971520) -->    
    <bean id="spring.RegularCommonsMultipartResolver" class="org.springframework.web.multipart.commons.CommonsMultipartResolver">
        <property name="maxUploadSize" value="20971520" />
        <property name="maxInMemorySize" value="20971520" />
    </bean>
 
 	<!-- custom multi file resolver 클래스 구현해야하나?
    <bean id="local.MultiCommonsMultipartResolver" class="com.plnc.cmmn.web.EgovMultipartResolver">
        <property name="maxUploadSize" value="100000000" />
        <property name="maxInMemorySize" value="100000000" />
    </bean>
    -->
	
	<bean id="antPathMater" class="org.springframework.util.AntPathMatcher" />
	<bean id="defaultTraceHandler" class="egovframework.rte.fdl.cmmn.trace.handler.DefaultTraceHandler" />
	 
	 <!-- alias name="local.MultiCommonsMultipartResolver" alias="multipartResolver" /-->  
    <alias name="spring.RegularCommonsMultipartResolver" alias="multipartResolver" />

</beans>
