<?xml version="1.0" encoding="UTF-8"?>
<beans xmlns="http://www.springframework.org/schema/beans" xmlns:xsi="http://www.w3.org/2001/XMLSchema-instance"
	xmlns:tx="http://www.springframework.org/schema/tx"
	xmlns:aop="http://www.springframework.org/schema/aop"
	xsi:schemaLocation="http://www.springframework.org/schema/beans http://www.springframework.org/schema/beans/spring-beans-4.0.xsd
    	http://www.springframework.org/schema/tx http://www.springframework.org/schema/tx/spring-tx-4.0.xsd
    	http://www.springframework.org/schema/aop http://www.springframework.org/schema/aop/spring-aop-4.0.xsd">
    	
	<!-- 2020.09.01 @Transactional 어노테이션 -->
	<tx:annotation-driven/>
	<!-- 프로젝내 2개가 돌아가므로 선언적으로는 처리가 쉽지않아 주석 2020.09.01 선언적 트랜젝션 사용시 주석해제 0 -->
	<bean id="txManager" class="org.springframework.jdbc.datasource.DataSourceTransactionManager">
		<property name="dataSource" ref="dataSource"/>
	</bean>
 	
 	
	

	<!-- 프로젝내 2개가 돌아가므로 선언적으로는 처리가 쉽지않아 주석 2020.09.01 선언적 트랜젝션 사용시 주석해제 1
	<tx:advice id="txAdvice" transaction-manager="txManager">
		<tx:attributes>
			<tx:method name="*" rollback-for="CmmnUserException"/>
		</tx:attributes>
	</tx:advice>
	-->
	
	<!-- 프로젝내 2개가 돌아가므로 선언적으로는 처리가 쉽지않아 주석 2020.09.01 선언적 트랜젝션 사용시 주석해제 2
	<aop:config>
		<aop:pointcut id="requiredTx" expression="execution(* com.plnc.**..impl.*Impl.*(..))"/>
		<aop:advisor advice-ref="txAdvice" 		pointcut-ref="requiredTx" />
	</aop:config>
	-->
	
	<!-- Multiple datasource 구성  -->
	<!-- Database 1 
	<bean id="txManagerMy" class="org.springframework.jdbc.datasource.DataSourceTransactionManager">
		<property name="dataSource" ref="dataSourceMy"/>
	</bean>

	<tx:advice id="txAdviceMy" transaction-manager="txManagerMy">
		<tx:attributes>
			<tx:method name="*" rollback-for="Exception"/>
		</tx:attributes>
	</tx:advice>
	-->

	<!-- Database 2 
	<bean id="txManagerOra" class="org.springframework.jdbc.datasource.DataSourceTransactionManager">
		<property name="dataSource" ref="dataSourceOra"/>
	</bean>

	<tx:advice id="txAdviceOra" transaction-manager="txManagerOra">
		<tx:attributes>
			<tx:method name="*" rollback-for="Exception"/>
		</tx:attributes>
	</tx:advice>
	-->
	
	<!-- 밀티 구성시 디렉토리 구분하여 나누던가 해야함 (여기 아닌가?;;)
	<aop:config>
		<aop:pointcut id="requiredTx" expression="execution(* com.plnc.**..impl.*Impl.*(..))"/>
		<aop:advisor advice-ref="txAdviceMy" 	pointcut-ref="requiredTx" />
		<aop:advisor advice-ref="txAdviceOra" 	pointcut-ref="requiredTx" />
	</aop:config>
	-->

</beans>
