<?xml version="1.0" encoding="UTF-8"?>
<!DOCTYPE mapper PUBLIC "-//mybatis.org//DTD Mapper 3.0//EN" "http://mybatis.org/dtd/mybatis-3-mapper.dtd">

<mapper namespace="com.plnc.mngr.fclMng.service.impl.FclMngDAO">

	<!-- 시설관리 목록 건수 -->
	<select id="searchFclMngListCnt" resultType="java.lang.Integer">
		/* FclMngDAO.searchFclMngListCnt */
		SELECT COUNT(SF.FCLT_SEQ) AS CNT
		  FROM P_PLACE PP,
     		   SYCODE SC,
      		   SERTB_FCLT SF   
	  	 WHERE DEL_YN = 'N'
  		   AND PP.PL_CODE = SF.FCLT_SEQ
  		   AND SF.CD_CODE = PP.PL_OUTLET_CD
  		   AND PP.PL_OUTLET_CD = SC.CD_CODE
		<if test='startDate !=null and startDate != ""'>
			<if test='endDate !=null and endDate != ""'>
			AND TO_CHAR(PP.ISRT_DATE, 'YYYY-MM-DD') BETWEEN #{startDate} AND #{endDate}
			</if>
		</if>
		<!-- 시설구분 -->
		<if test='fcltClass !=null and fcltClass != ""'>
			AND SF.FCLT_CLASS = #{fcltClass}
		</if>
		<!-- 시설명 -->
		<if test='fcltNm !=null and fcltNm != ""'>
			AND SF.FCLT_NM LIKE '%'||#{fcltNm}||'%'
		</if>
	</select>
	
	<!-- 시설관리 목록 조회 -->
	<select id="searchFclMngList" resultType="java.util.HashMap">
	/* FclMngDAO.searchFclMngList */
		<include refid="cmmn.include.pageHeader" />
		SELECT ROW_NUMBER() OVER(ORDER BY SF.ORDR) NO,
       		   PP.PL_CODE,
       		   SF.FCLT_NM,
       		   SF.FCLT_SEQ,
       		   SC.CD_CLASS,
       		   SC.CD_CODE,
       		   SF.FCLT_CLASS,
       		   PP.ISRT_ID,
		       TO_CHAR(PP.ISRT_DATE, 'YYYY-MM-DD HH24:MI') AS ISRT_DATE,
		       PP.UPDT_ID,
		       TO_CHAR(PP.UPDT_DATE, 'YYYY-MM-DD HH24:MI') AS UPDT_DATE
		  FROM P_PLACE PP,
     		   SYCODE SC,
      		   SERTB_FCLT SF   
	  	 WHERE DEL_YN = 'N'
  		   AND PP.PL_CODE = SF.FCLT_SEQ
  		   AND SF.CD_CODE = PP.PL_OUTLET_CD
  		   AND PP.PL_OUTLET_CD = SC.CD_CODE
		<if test='startDate !=null and startDate != ""'>
			<if test='endDate !=null and endDate != ""'>
			AND TO_CHAR(PP.ISRT_DATE, 'YYYY-MM-DD') BETWEEN #{startDate} AND #{endDate}
			</if>
		</if>
		<!-- 시설구분 -->
		<if test='fcltClass !=null and fcltClass != ""'>
			AND SF.FCLT_CLASS = #{fcltClass}
		</if>
		<!-- 시설명 -->
		<if test='fcltNm !=null and fcltNm != ""'>
			AND SF.FCLT_NM LIKE '%'||#{fcltNm}||'%'
		</if>
		ORDER BY ORDR
		<include refid="cmmn.include.pageFooter" />
	</select>
	
	<!-- 시설관리 단건 조회 -->
	<select id="searchFclMng" resultType="java.util.HashMap">
	/* FclMngDAO.searchFclMng */
		SELECT 
       		   PP.PL_CODE,
       		   SF.FCLT_NM,
       		   SF.FCLT_SEQ,
       		   SF.SL_CMT,
       		   SF.LIMIT_DESC,
       		   SC.CD_CLASS,
       		   SC.CD_CODE,
       		   SF.FCLT_CLASS,
       		   PP.ISRT_ID,
		       TO_CHAR(PP.ISRT_DATE, 'YYYY-MM-DD HH24:MI') AS ISRT_DATE,
		       PP.UPDT_ID,
		       TO_CHAR(PP.UPDT_DATE, 'YYYY-MM-DD HH24:MI') AS UPDT_DATE
		  FROM P_PLACE PP,
     		   SYCODE SC,
      		   SERTB_FCLT SF   
	  	 WHERE DEL_YN = 'N'
  		   AND PP.PL_CODE = SF.FCLT_SEQ
  		   AND SF.CD_CODE = PP.PL_OUTLET_CD
  		   AND PP.PL_OUTLET_CD = SC.CD_CODE
  		   AND SF.FCLT_SEQ = #{fcltSeq}
	</select>

	<!-- FCLT_SEQ 시퀀스 채번 -->
	<select id="getFcltSequence"  resultType="string">
		/* FclMngDAO.getFcltSequence */
		SELECT FCLT_SEQ_SEQ.NEXTVAL FROM DUAL
	</select>
	<!-- FCLT_DTL_SEQ 시퀀스 채번 -->
	<select id="getFcltDtlSequence"  resultType="string">
		/* FclMngDAO.getFcltDtlSequence */
		SELECT FCLT_DTL_SEQ_SEQ.NEXTVAL FROM DUAL
	</select>
	<!-- P_PLACE 시퀀스 채번 -->
	<select id="getPlaceSequence"  resultType="string">
		/* FclMngDAO.getPlaceSequence */
		SELECT CASE WHEN COUNT(PL_CODE) = 0 THEN '10' ELSE TO_CHAR(MAX(TO_NUMBER(PL_CODE)) + 1) END
		FROM P_PLACE
	</select>
	<select id="getFcltOrder"  resultType="int">
		/* FclMngDAO.getPlaceSequence */
		SELECT CASE WHEN COUNT(FCLT_SEQ) = 0 THEN 1 ELSE MAX(ORDR) + 1 END AS ORDR
		FROM SERTB_FCLT WHERE FCLT_CLASS = 'ACTIVITY'
	</select>
	<!-- 시설관리 목록 등록 -->
	<insert id="insertFclt" parameterType="java.util.HashMap">
		/* FclMngDAO.insertFclt */
		INSERT INTO SERTB_FCLT (
			 FCLT_SEQ
			, FCLT_NM
			, SL_CMT
			, LIMIT_DESC
			, FCLT_CLASS
			, DEL_YN
			, CD_CLASS
			, ISRT_ID
			, ISRT_IP
			, ISRT_DATE
			, ORDR
		) VALUES (
			#{fcltSequence}
			, #{fcltNm}
			, #{slCmt}
			, #{limitDesc}
			, #{fcltClass}
			, 'N'
			, 'FO042'
			, #{isrtId}
			, #{isrtIp}
			, SYSDATE
			, #{ordr}
		)
	</insert>
	<!-- P_PLACE 데이터 등록 -->
	<insert id="insertPlace" parameterType="java.util.HashMap">
		/* FclMngDAO.insertPlace */
		INSERT INTO P_PLACE (
			PL_CODE
			, PL_DESC
			, PL_REMARK
			, PL_START_DT
			, PL_END_DT
			, PL_SYNC
			, ISRT_ID
			, ISRT_IP
			, ISRT_DATE
		) VALUES (
			#{plCode}
			, #{plDesc}
			, #{plRemark}
			, SYSDATE
			, TO_DATE('29991231235959', 'YYYYMMDDHH24MISS')
			, 'I'
			, #{isrtId}
			, #{isrtIp}
			, SYSDATE
		)
	</insert>
	<!-- P_PLACE 데이터 등록 -->
	<insert id="insertFcltDtl" parameterType="java.util.HashMap">
		/* FclMngDAO.insertFcltDtl */
		INSERT INTO SERTB_FCLT_DTL(
			FCLT_DTL_SEQ
			, FCLT_SEQ
			, DTL_MENU
			, DTL_DESC
			, DTL_ORDR
			, DEL_YN
			, ISRT_ID
			, ISRT_IP
			, ISRT_DATE
			, IMG_YN
		) VALUES (
			#{fcltDtlSeq}
			, #{fcltSeq}
			, #{dtlMenu}
			, #{dtlDesc}
			, #{dtlOrdr}
			, 'N'
			, #{isrtId}
			, #{isrtIp}
			, SYSDATE
			, #{imgYn}
		)
	</insert>
	<!-- 시설관리 목록 등록 -->
	<insert id="registFclMng" parameterType="java.util.HashMap">
	/* FclMngDAO.registFclMng */
		INSERT INTO SERTB_MENU_PKG
		(    MENU_PKG_SEQ
		    ,MENU_PKG_NM
		    ,MU_ONOFF_KB
		    ,MU_AGENT_CD
		    ,SL_CMT
		    ,LIMIT_DESC
		    ,DEL_YN
		    ,ISRT_ID
		    ,ISRT_DATE)
		VALUES
		(   MENU_PKG_SEQ_SEQ.NEXTVAL
		    , #{pkg_prdnm}
		    , #{pkg_onoff}
		    , #{pkg_agent}
		    , #{pkg_slcmt}
		    , #{pkg_desc} 
		    , default
		    , #{isrt_id}
		    , SYSDATE
		)
	</insert>
	
	<!-- 시설관리 목록 수정 -->
	<update id="modifyFclMng" parameterType="java.util.HashMap">
		/* FclMngDAO.modifyFclMng */
		UPDATE SERTB_MENU_PKG
		SET
		    MENU_PKG_NM  = #{pkg_prdnm}
		    ,MU_ONOFF_KB = #{pkg_onoff} 
		    ,MU_AGENT_CD = #{pkg_agent} 
		    ,SL_CMT      = #{pkg_slcmt}
		    ,LIMIT_DESC  = #{pkg_desc}
		    ,UPDT_ID     = #{updt_id}
		    ,UPDT_DATE   = SYSDATE
		WHERE MENU_PKG_SEQ = #{pkg_seq}
	</update>
	
	<!-- 시설관리 목록 삭제 -->
	<update id="deleteFclMng" parameterType="java.util.HashMap">
		/* FclMngDAO.deleteFclMng */
		UPDATE SERTB_MENU_PKG
		SET
		    DEL_YN       = 'Y'
		    ,UPDT_ID     = #{updt_id}
		    ,UPDT_DATE   = SYSDATE
		WHERE MENU_PKG_SEQ = #{pkg_seq}
	</update>
	<!-- 수정할 시설 조회 -->
	<select id="selectFclMng" resultType="java.util.HashMap">
		/* FclMngDAO.selectFclMng */
		SELECT
			FCLT.FCLT_SEQ
			, MIN(FCLT.FCLT_NM) AS FCLT_NM
			, MIN(FCLT.SL_CMT) AS SL_CMT
			, MIN(FCLT.LIMIT_DESC) AS LIMIT_DESC
			, MIN(FCLT.FCLT_CLASS) AS FCLT_CLASS
			, MIN(FCLT.DEL_YN) AS DEL_YN
			, MIN(FCLT.CD_CLASS) AS CD_CLASS
			, MIN(FCLT.CD_CODE) AS CD_CODE
			, CASE WHEN (MIN(FCLT.CD_CODE) IS NOT NULL) OR (SUM(CASE WHEN MGRP.FCLT_SEQ IS NULL THEN 0 ELSE 1 END) > 0) OR (SUM(CASE WHEN TGRP.FCLT_SEQ IS NULL THEN 0 ELSE 1 END) > 0) THEN 'N' ELSE 'Y' END AS DEL_ENABLE_YN
		FROM SERTB_FCLT FCLT
		LEFT JOIN SERTB_MENU_GRP MGRP
			ON FCLT.FCLT_SEQ = MGRP.FCLT_SEQ
		LEFT JOIN SERTB_TICKET_GRP TGRP
			ON FCLT.FCLT_SEQ = TGRP.FCLT_SEQ
		WHERE FCLT.FCLT_SEQ = #{fcltSeq}
		GROUP BY FCLT.FCLT_SEQ
	</select>
	<!-- 수정할 시설 상세 조회 -->
	<select id="listFcltDtl" resultType="java.util.HashMap">
		/* FclMngDAO.listFcltDtl */
		SELECT
			FCLT_DTL_SEQ
			 , FCLT_SEQ
			 , DTL_MENU
			 , CASE WHEN CEIL(LENGTH(DTL_DESC)/2000) >= 1 THEN DBMS_LOB.SUBSTR(DTL_DESC, 2000, 1) ELSE NULL END DTL_DESC_1
			 , CASE WHEN CEIL(LENGTH(DTL_DESC)/2000) >= 2 THEN DBMS_LOB.SUBSTR(DTL_DESC, 2000, 2001) ELSE NULL END DTL_DESC_2
			 , CASE WHEN CEIL(LENGTH(DTL_DESC)/2000) >= 3 THEN DBMS_LOB.SUBSTR(DTL_DESC, 2000, 4001) ELSE NULL END DTL_DESC_3
			 , CASE WHEN CEIL(LENGTH(DTL_DESC)/2000) >= 4 THEN DBMS_LOB.SUBSTR(DTL_DESC, 2000, 6001) ELSE NULL END DTL_DESC_4
			 , CASE WHEN CEIL(LENGTH(DTL_DESC)/2000) >= 5 THEN DBMS_LOB.SUBSTR(DTL_DESC, 2000, 8001) ELSE NULL END DTL_DESC_5
			 , CASE WHEN CEIL(LENGTH(DTL_DESC)/2000) >= 6 THEN DBMS_LOB.SUBSTR(DTL_DESC, 2000, 10001) ELSE NULL END DTL_DESC_6
			 , CASE WHEN CEIL(LENGTH(DTL_DESC)/2000) >= 7 THEN DBMS_LOB.SUBSTR(DTL_DESC, 2000, 12001) ELSE NULL END DTL_DESC_7
			 , IMG_YN
		FROM SERTB_FCLT_DTL
		WHERE FCLT_SEQ = #{fcltSeq}
			AND DEL_YN = 'N'
		ORDER BY DTL_ORDR
	</select>
	<!-- 시설관리 목록 업데이트 -->
	<update id="updateFclt" parameterType="java.util.HashMap">
		/* FclMngDAO.updateFclt */
		UPDATE SERTB_FCLT
		SET FCLT_NM = #{fcltNm}, SL_CMT = #{slCmt}, LIMIT_DESC = #{limitDesc}, FCLT_CLASS = #{fcltClass}, UPDT_ID = #{updtId}, UPDT_IP = #{updtIp}, UPDT_DATE = SYSDATE
		WHERE FCLT_SEQ = #{fcltSeq}
	</update>
	<!-- 시설관리 삭제 -->
	<update id="deleteFclt" parameterType="java.util.HashMap">
		/* FclMngDAO.deleteFclt */
		UPDATE SERTB_FCLT
		SET DEL_YN = 'Y', UPDT_ID = #{updtId}, UPDT_IP = #{updtIp}, UPDT_DATE = SYSDATE
		WHERE FCLT_SEQ = #{fcltSeq}
	</update>
	<!-- 시설관리 목록 업데이트 -->
	<update id="updatePlace" parameterType="java.util.HashMap">
		/* FclMngDAO.updatePlace */
		UPDATE P_PLACE SET PL_DESC = #{plDesc}, PL_REMARK = #{plRemark}, PL_SYNC = 'U', UPDT_ID = #{updtId}, UPDT_IP = #{updtIp}, UPDT_DATE = SYSDATE
		WHERE PL_OUTLET_CD = #{plOutletCd}
	</update>
	<!-- 상세메뉴 삭제 -->
	<update id="deleteFcltDtl" parameterType="java.util.HashMap">
		/* FclMngDAO.deleteFcltDtl */
		UPDATE SERTB_FCLT_DTL SET DEL_YN = 'Y', UPDT_ID = #{updtId}, UPDT_IP = #{updtIp}, UPDT_DATE = SYSDATE
		WHERE FCLT_DTL_SEQ = #{fcltDtlSeq}
	</update>
	<!-- 상세메뉴 업데이트 -->
	<update id="updateFcltDtl" parameterType="java.util.HashMap">
		/* FclMngDAO.updateFcltDtl */
		UPDATE SERTB_FCLT_DTL SET DTL_MENU = #{dtlMenu}, DTL_DESC = #{dtlDesc}, UPDT_ID = #{updtId}, UPDT_IP = #{updtIp}, UPDT_DATE = SYSDATE, IMG_YN = #{imgYn}
		WHERE FCLT_DTL_SEQ = #{fcltDtlSeq}
	</update>
	<!-- 수정할 시설 상세 조회 -->
	<select id="listTotalFcltDtl" resultType="java.util.HashMap">
		/* FclMngDAO.listTotalFcltDtl */
		SELECT
			TO_CHAR(FCLT_DTL_SEQ) AS FCLT_DTL_SEQ
			 , TO_CHAR(FCLT_SEQ) AS FCLT_SEQ
			 , DTL_MENU
			 , IMG_YN
		FROM SERTB_FCLT_DTL
		WHERE FCLT_SEQ = #{fcltSeq}
	</select>
	<!-- 시설관리 목록 등록 -->
	<insert id="insertFcltWaiting" parameterType="string">
		/* FclMngDAO.insertFcltWaiting */
		INSERT INTO SERTB_FCLT_WAITING(FCLT_SEQ, D_START_TM, D_END_TM, E_START_TM, E_END_TM, STATUS, WAITING_TM)
		VALUES(#{fcltSeq}, '10:00:00', '18:00:00', '10:00:00', '18:00:00', '2', 10)
	</insert>
	<!-- 정렬할 시설 조회 -->
	<select id="listFcltOrder" resultType="java.util.HashMap">
		/* FclMngDAO.listFcltOrder */
		SELECT
			FCLT_SEQ
			 , FCLT_NM
			 , ORDR
		FROM SERTB_FCLT
		WHERE FCLT_CLASS = 'ACTIVITY'
			AND DEL_YN = 'N'
		ORDER BY ORDR
	</select>
	<update id="updateFcltOrder" parameterType="java.util.HashMap">
		/* FclMngDAO.updateFcltOrder */
		UPDATE SERTB_FCLT SET ORDR = #{ordr}
		WHERE FCLT_SEQ = #{fcltSeq}
	</update>
</mapper>
