<?xml version="1.0" encoding="UTF-8"?>
<!DOCTYPE mapper PUBLIC "-//mybatis.org//DTD Mapper 3.0//EN" "http://mybatis.org/dtd/mybatis-3-mapper.dtd">

<mapper namespace="com.plnc.mngr.tckSng.service.impl.TckSngDAO">

	<!-- PrdMngSql -->

	<!-- 단일 상품 티켓 목록 건수 -->
	<select id="searchTckSngListCnt" resultType="java.lang.Integer">
		/* TckMngDAO.searchTckSngListCnt */
		SELECT COUNT(PM.M_LOC) AS CNT
		FROM P_MENU PM,
			 SYCODE SC,
			 (SELECT SALE_YN, M_MENU, MU_TICKET_SEQ
			  FROM SERTB_MENU_UNIT_TICKET_PRICE
			  WHERE MU_TICKET_CLASS IN ('AP', 'GP', 'RP')) TC,
			 SERTB_FCLT SF,
			 P_PLACE PP,
			 P_GROUP PG
		WHERE PM.M_LOC = SC.CD_CODE
		  AND PM.M_MENU = TC.M_MENU
		  AND SC.CD_CODE = SF.CD_CODE
		  AND PG.GR_LOC = PP.PL_OUTLET_CD
		  AND PG.GR_CODE = PM.M_GROUP
		  AND PP.PL_CODE = SF.FCLT_SEQ
		  AND SF.DEL_YN		=	'N'
		  AND LENGTH(PG.GR_CODE) = 3
		  AND LENGTH(PM.M_MENU) = 5
		  AND M_CLASS IN ('O1')
		<if test='startDate != null and startDate != ""'>
			<if test='endDate != null and endDate != ""'>
				AND PM.ISRT_DATE BETWEEN TO_DATE(#{startDate} || ' 00:00:00', 'YYYY-MM-DD HH24:MI:SS') AND TO_DATE(#{endDate} || ' 23:59:59', 'YYYY-MM-DD HH24:MI:SS')
			</if>
		</if>
		<!-- 시설구분 -->
		<if test='fcltClass != null and fcltClass != ""'>
			AND SF.FCLT_CLASS = #{fcltClass}
		</if>
		<!-- 시설명 -->
		<if test='fcltItem != null and fcltItem != ""'>
			AND SF.FCLT_SEQ = #{fcltItem}
		</if>
		<!-- 상품그룹명 -->
		<if test='menuGrpNm != null and menuGrpNm != ""'>
			AND PG.GR_LOC = #{menuGrpNm}
			AND PG.GR_CODE = #{grCode}
		</if>
		<!--단일상품명  -->
		<if test='menuUnitNm != null and menuUnitNm != ""'>
			AND PM.M_LOC = #{menuUnitNm}
			AND PM.M_MENU = #{mMenu}
		</if>
		<!-- 티켓구분 -->
		<if test='muTicketClass != null and muTicketClass != ""'>
			AND PM.M_REF3 = #{muTicketClass}
		</if>
		<choose>
			<!-- 판매중 -->
			<when test='muTicketSt != null and muTicketSt == "Y"'>
				AND TC.SALE_YN = 'Y'
			</when>
			<!-- 판매중지 -->
			<when test='muTicketSt != null and muTicketSt == "N"'>
				AND TC.SALE_YN = 'N'
			</when>
		</choose>
		<!-- 티켓명 -->
		<if test='muTicketNm != null and muTicketNm != ""'>
			AND SMT.MU_TICKET_NM LIKE '%'||#{muTicketNm}||'%'
		</if>
	</select>

	<!-- 단일 상품명 조회 -->
	<select id="selectSngPrdList" resultType="java.util.HashMap">
		/* SngPrdDAO.selectSngPrdList */
		SELECT PM.M_LOC,
     		 PM.M_MENU,
      		 PM.M_DESC
		FROM P_MENU PM,
			 SYCODE SC,
			 (SELECT SALE_YN, M_MENU, MU_TICKET_SEQ
			  FROM SERTB_MENU_UNIT_TICKET_PRICE
			  WHERE MU_TICKET_CLASS IN ('AP', 'GP', 'RP')) TC,
			 SERTB_FCLT SF,
			 P_PLACE PP,
			 P_GROUP PG
		WHERE PM.M_LOC = SC.CD_CODE
		  AND PM.M_MENU = TC.M_MENU
		  AND SC.CD_CODE = SF.CD_CODE
		  AND PG.GR_LOC = PP.PL_OUTLET_CD
		  AND PG.GR_CODE = PM.M_GROUP
		  AND PP.PL_CODE = SF.FCLT_SEQ
		  AND LENGTH(PG.GR_CODE) = 3
		  AND LENGTH(PM.M_MENU) = 5
		  AND M_CLASS IN ('O1')
		<!-- 시설구분 -->
		<if test='fcltClass != null and fcltClass != ""'>
			AND SF.FCLT_CLASS = #{fcltClass}
		</if>
		<!-- 시설명 -->
		<if test='fcltItem != null and fcltItem != ""'>
			AND SF.FCLT_SEQ = #{fcltItem}
		</if>
		<!-- 상품그룹명 -->
		<if test='menuGrpNm != null and menuGrpNm != ""'>
			AND PG.GR_LOC = #{menuGrpNm}
			AND PG.GR_CODE = #{grCode}
		</if>
	</select>

	<select id="selectMenuUnitList" resultType="java.util.HashMap">
		/* selectMenuUnitList */
		SELECT MENU_UNIT_NM, GR_LOC, GR_CODE, MENU_UNIT_SEQ, MU_AGENT_CD
		FROM SERTB_MENU_UNIT
		WHERE 1=1
		<if test='gr_loc != null and gr_loc != ""'>
			AND GR_LOC = #{gr_loc}
			AND GR_CODE = #{gr_code}
		</if>
	</select>

	<select id="selectUnitProdTicket" resultType="java.util.HashMap">
		SELECT /* selectUnitProdTicket - 단위상품티켓 */
		    MU_TICKET_SEQ
		     , MU_TICKET_NM
		     , MU_TICKET_SHORT_NM
		FROM SERTB_MENU_UNIT_TICKET
		WHERE FCLT_SEQ = #{fclt_seq}
		  AND MENU_GRP_SEQ = #{menu_grp_seq}
		  AND MENU_UNIT_SEQ = #{menu_unit_seq}
	</select>

	<!-- 티켓 분류 조회 -->
	<select id="selectTckGrpList" resultType="java.util.HashMap">
		/* TckSngDAO.selectTckGrpList */
		SELECT PP.PL_CODE,
			STG.FCLT_CLASS,
			STG.TICKET_GRP_SEQ,
			STG.TICKET_GRP_NM,
			STG.TICKET_LIMIT_CNT,
			STG.WEEK_FLAG,
			SF.FCLT_SEQ
		FROM P_PLACE PP,
			SERTB_FCLT SF,
			SERTB_TICKET_GRP STG
		WHERE PP.PL_CODE = SF.FCLT_SEQ
			AND SF.FCLT_SEQ = STG.FCLT_SEQ
		<if test='fcltClass != null and fcltClass != ""'>
			AND SF.FCLT_CLASS = #{fcltClass}
		</if>
		<if test='fcltItem != null and fcltItem != ""'>
			AND SF.FCLT_SEQ = #{fcltItem}
		</if>
	</select>

	<!-- 단일 상품 티켓 목록 조회 -->
	<select id="searchTckSngList" resultType="java.util.HashMap">
		/* SngPrdDAO.searchTckSngList */
		<include refid="cmmn.include.pageHeader"/>
		SELECT ROWNUM NO, X.*
		FROM (SELECT PM.M_LOC,
					 SF.FCLT_NM,
					 PM.M_DESC,
					 PM.M_MENU,
					 PM.M_DNAME,
					 PM.M_ABBR,
					 TC.MU_TICKET_SEQ,
					 TO_CHAR(PM.M_AMOUNT, 'fm999,999,999,999')      AS M_AMOUNT,
					 PM.M_REF3,
					 PM.ISRT_ID,
					 TO_CHAR(PM.ISRT_DATE, 'YYYY-MM-DD HH24:MI')    AS ISRT_DATE,
					 PM.UPDT_ID,
					 TO_CHAR(PM.UPDT_DATE, 'YYYY-MM-DD HH24:MI')    AS UPDT_DATE,
					 DECODE(NVL(TRIM(TC.SALE_YN), 'N'), 'Y', '판매중', '종료') AS STATUS,
					 CASE
						 WHEN M_REF3 = 'N' THEN 1
						 WHEN M_REF3 = 'G' THEN 2
						 WHEN M_REF3 = 'R' THEN 3
						 ELSE 4
						 END                                        AS GRADESORT
			  FROM P_MENU PM,
				   SYCODE SC,
				   (SELECT SALE_YN, M_MENU, MU_TICKET_SEQ
					FROM SERTB_MENU_UNIT_TICKET_PRICE
					WHERE MU_TICKET_CLASS IN ('AP', 'GP', 'RP')) TC,
				   SERTB_FCLT SF,
				   P_PLACE PP,
				   P_GROUP PG
			  WHERE PM.M_LOC = SC.CD_CODE
				AND PM.M_MENU = TC.M_MENU
				AND SC.CD_CODE = SF.CD_CODE
				AND PG.GR_LOC = PP.PL_OUTLET_CD
				AND PG.GR_CODE = PM.M_GROUP
				AND PP.PL_CODE = SF.FCLT_SEQ
				AND SF.DEL_YN		=	'N'
				AND LENGTH(PG.GR_CODE) = 3
				AND LENGTH(PM.M_MENU) = 5
				AND M_CLASS IN ('O1')
		<if test='startDate != null and startDate != ""'>
			<if test='endDate != null and endDate != ""'>
				AND PM.ISRT_DATE BETWEEN TO_DATE(#{startDate} || ' 00:00:00', 'YYYY-MM-DD HH24:MI:SS') AND TO_DATE(#{endDate} || ' 23:59:59', 'YYYY-MM-DD HH24:MI:SS')
			</if>
		</if>
		<!-- 시설구분 -->
		<if test='fcltClass != null and fcltClass != ""'>
			AND SF.FCLT_CLASS = #{fcltClass}
		</if>
		<!-- 시설명 -->
		<if test='fcltItem != null and fcltItem != ""'>
			AND SF.FCLT_SEQ = #{fcltItem}
		</if>
		<!-- 상품그룹명 -->
		<if test='menuGrpNm != null and menuGrpNm != ""'>
			AND PG.GR_LOC = #{menuGrpNm}
			AND PG.GR_CODE = #{grCode}
		</if>
		<!--단일상품명  -->
		<if test='menuUnitNm != null and menuUnitNm != ""'>
			AND PM.M_LOC = #{menuUnitNm}
			AND PM.M_MENU = #{mMenu}
		</if>
		<!-- 티켓구분 -->
		<if test='muTicketClass != null and muTicketClass != ""'>
			AND PM.M_REF3 = #{muTicketClass}
		</if>
		<choose>
			<!-- 판매중 -->
			<when test='muTicketSt != null and muTicketSt == "Y"'>
				AND TC.SALE_YN = 'Y'
			</when>
			<!-- 판매중지 -->
			<when test='muTicketSt != null and muTicketSt == "N"'>
				AND TC.SALE_YN = 'N'
			</when>
		</choose>
		<!-- 티켓명 -->
		<if test='muTicketNm != null and muTicketNm != ""'>
			AND PM.M_DESC LIKE '%'||#{menuUnitNm}||'%'
		</if>
		ORDER BY PM.M_LOC, PM.M_GROUP, GRADESORT ) X
		<include refid="cmmn.include.pageFooter"/>
	</select>

	<select id="searchTckSng" resultType="java.util.HashMap">
		SELECT /* TckMngDAO.searchTckSng - 단일 상품 티켓 목록 단건 조회  */
			SF.FCLT_SEQ,
			SF.FCLT_CLASS,
			SF.FCLT_NM,
			PP.PL_CODE,
			PG.GR_LOC,
			PG.GR_CODE,
			PG.GR_DESC,
			SMT.MU_TICKET_SEQ,
			SMT.MENU_GRP_SEQ,
			SMT.MENU_UNIT_SEQ,
			SMT.TICKET_GRP_SEQ,
			SMT.MU_TICKET_NM,
			SMT.MU_TICKET_SHORT_NM,
			SMT.WEEK_FLAG,
			TO_CHAR(PM.M_FROM, 'YYYY-MM-DD') AS M_FROM_STR,
			TO_CHAR(PM.M_TO, 'YYYY-MM-DD')   AS M_TO_STR,
			TC.*,
			PM.*,
			CASE
				WHEN MU_TICKET_CLASS = 'AP' THEN 1
				WHEN MU_TICKET_CLASS = 'GP' THEN 2
				ELSE 3
				END                          AS GRADESORT
		FROM P_MENU PM,
			 SYCODE SC,
			 (SELECT MU_TICKET_SEQ,
					 MU_TICKET_CLASS,
					 TICKET_TYPE,
					 SALE_YN,
					 SALE_AMT,
					 TAX_YN,
					 TAX_RATE,
					 TAX_AMT,
					 IND_TAX_YN,
					 IND_TAX_RATE,
					 IND_TAX_AMT,
					 EDU_TAX_YN,
					 EDU_TAX_RATE,
					 EDU_TAX_AMT,
					 AGR_FSH_TAX_YN,
					 AGR_FSH_TAX_RATE,
					 AGR_FSH_TAX_AMT,
					 FUND_TAX_YN,
					 FUND_TAX_RATE,
					 FUND_TAX_AMT,
					 M_MENU
			  FROM SERTB_MENU_UNIT_TICKET_PRICE
			  WHERE MU_TICKET_CLASS IN ('AP', 'GP', 'RP')
				AND MU_TICKET_SEQ IN (#{mu_ticket_seq})) TC,
			 SERTB_FCLT SF,
			 SERTB_MENU_UNIT_TICKET SMT,
			 P_PLACE PP,
			 P_GROUP PG
		WHERE PM.M_LOC = SC.CD_CODE
		  AND PM.M_MENU = TC.M_MENU
		  AND SC.CD_CODE = SF.CD_CODE
		  AND PG.GR_LOC = PP.PL_OUTLET_CD
		  AND PG.GR_CODE = PM.M_GROUP
		  AND PP.PL_CODE = SF.FCLT_SEQ
		  AND TC.MU_TICKET_SEQ = SMT.MU_TICKET_SEQ
		  AND SF.DEL_YN IN ('N')
		  AND LENGTH(PG.GR_CODE) = 3
		ORDER BY GRADESORT
	</select>

	<select id="searchTckSng4Np" resultType="java.util.HashMap">
		SELECT /*searchTckSng4Np*/
		    *
		FROM SERTB_MENU_UNIT_TICKET_PRICE
		WHERE MU_TICKET_CLASS IN ('NP')
		  AND MU_TICKET_SEQ IN (#{mu_ticket_seq})
	</select>

	<!-- 티켓 분류 목록 수정 -->
	<update id="modifyTckSng" parameterType="java.util.HashMap">
		/* TckMngDAO.modifyTckMng */
		UPDATE SERTB_MENU_GRP
		SET FCLT_CLASS    = #{fcltClass}
		  , FCLT_SEQ      = #{fcltList}
		  , MENU_GRP_NM   = #{prdName}
		  , MENU_GRP_DESC = #{prdDesc}
		WHERE MENU_GRP_SEQ = #{menuGrpSeq}
	</update>

	<!-- 티켓 분류 목록 삭제 -->
	<update id="deleteTckSng" parameterType="java.util.HashMap">
		/* TckMngDAO.deleteTckMng */
		UPDATE SERTB_MENU_GRP
		SET DEL_YN = 'Y'
		WHERE MENU_GRP_SEQ = #{menuGrpSeq}
	</update>

	<update id="mergePMenu" parameterType="com.plnc.mngr.tckSng.service.SertbPmenuVo">
		MERGE INTO P_MENU
		USING DUAL
		ON (M_LOC = nvl(GETPLACECODE(#{fclt_list}), #{grLoc}) AND M_MENU = #{m_menu})
		WHEN MATCHED THEN
			UPDATE
			SET M_DESC      = #{m_dname}
			  , M_DNAME     = #{m_dname}
			  , M_ABBR      = #{m_abbr}
			  , M_CLASS     = #{m_class}
			  , M_GROUP     = #{gr_code}
			  , M_TYPE      = #{m_type}
			  , M_AMOUNT    = #{m_amount}
			  , M_PRICE     = #{m_price}
			  , M_TAX       = #{m_vat}
			  , M_TAX1      = #{m_tax1}
			  , M_TAX2      = #{m_tax2}
			  , M_TAX3      = #{m_tax3}
			  , M_TAX4      = #{m_tax4}
			  , M_FROM      = #{m_dcfrom}
			  , M_TO        = #{m_dcto}
			  , M_TICKET_YN = 'Y'
			  , M_TICKET_QT = #{m_ticket_qt}
			  , M_REF3      = #{ticket_price_type}
			  , M_REF4      = #{useAt}
			  , M_REF5      = '3'
			  , M_SYNC      = 'U'
			  , UPDT_ID     = #{updt_id}
			  , UPDT_IP     = #{ACCESS_IP}
			  , UPDT_DATE   = sysdate
		WHEN NOT MATCHED THEN
			INSERT (
			        M_LOC
			        , M_MENU
			        , M_DESC
			        , M_DNAME
			        , M_ABBR
			        , M_CLASS
			        , M_GROUP
			        , M_TYPE
			        , M_AMOUNT
			        , M_PRICE
			        , M_TAX
			        , M_TAX1
			        , M_TAX2
			        , M_TAX3
			        , M_TAX4
			        , M_FROM
			        , M_TO
			        , M_TICKET_YN
			        , M_TICKET_QT
			        , M_REF3
			        , M_REF4
			        , M_REF5
			        , M_SYNC
			        , ISRT_ID
			        , ISRT_IP
			        , ISRT_DATE)
			VALUES (
					nvl(GETPLACECODE(#{fclt_list}), #{grLoc})
			        , #{m_menu}
			        , #{m_dname}
			        , #{m_dname}
			        , #{m_abbr}
			        , nvl(#{m_class}, 'O1')
			        , #{gr_code}
			        , #{m_type}
			        , #{m_amount}
			        , #{m_price}
			        , #{m_vat}
			        , #{m_tax1}
			        , #{m_tax2}
			        , #{m_tax3}
			        , #{m_tax4}
			        , #{m_dcfrom}
			        , #{m_dcto}
			        , 'Y'
			        , #{m_ticket_qt}
			        , #{ticket_price_type}
			        , #{useAt}
			        , '3'
			        , 'I'
			        , #{isrt_id}
			        , #{ACCESS_IP}
			        , sysdate)
	</update>

	<update id="mergeMenuUnitTicket" parameterType="com.plnc.mngr.tckSng.service.SertbPmenuVo">
		MERGE INTO SERTB_MENU_UNIT_TICKET
		USING DUAL
		ON (MU_TICKET_SEQ = #{mu_ticket_seq})
		WHEN MATCHED THEN
			UPDATE
			SET TICKET_GRP_SEQ     = #{popTicketGrp}
			  , MU_TICKET_NM       = #{m_abbr_1}
			  , MU_TICKET_SHORT_NM = #{m_abbr_2}
			  , MU_TICKET_START    = #{m_dcfrom}
			  , MU_TICKET_END      = #{m_dcto}
			  , TICKET_LIMIT_CNT   = #{m_ticket_qt}
			  , WEEK_FLAG          = #{useAt}
			  , UPDT_ID            = #{updt_id}
			  , UPDT_DATE          = sysdate
		WHEN NOT MATCHED THEN
			INSERT (MU_TICKET_SEQ, FCLT_CLASS, FCLT_SEQ, MENU_GRP_SEQ, MENU_UNIT_SEQ, TICKET_GRP_SEQ, MU_TICKET_NM, MU_TICKET_SHORT_NM, MU_TICKET_START, MU_TICKET_END, TICKET_LIMIT_CNT, WEEK_FLAG, ISRT_ID, ISRT_DATE)
			VALUES (#{mu_ticket_seq}, #{fclt_class}, #{fclt_seq}, #{gr_code}, #{menu_unit_seq}, #{popTicketGrp}, #{m_abbr_1}, #{m_abbr_2}, #{m_dcfrom}, #{m_dcto}, #{m_ticket_qt}, #{useAt}, #{isrt_id}, sysdate)
	</update>

	<update id="mergeMenuUnitTicketPrice" parameterType="com.plnc.mngr.tckSng.service.SertbPmenuVo">
		MERGE INTO SERTB_MENU_UNIT_TICKET_PRICE
		USING DUAL
		ON (MU_TICKET_SEQ = #{mu_ticket_seq} and MU_TICKET_CLASS = #{ticket_price_type} || 'P')
		WHEN MATCHED THEN
			UPDATE
			SET SALE_YN         = #{sale_yn}
			  , SALE_AMT        = #{m_amount}
			  , TAX_YN          = #{m_vat}
			  , TAX_AMT         = #{m_tax_amount}
			  , IND_TAX_YN      = #{m_tax1}
			  , IND_TAX_AMT     = #{m_tax1_amount}
			  , EDU_TAX_YN      = #{m_tax2}
			  , EDU_TAX_AMT     = #{m_tax2_amount}
			  , AGR_FSH_TAX_YN  = #{m_tax3}
			  , AGR_FSH_TAX_AMT = #{m_tax3_amount}
			  , FUND_TAX_YN     = #{m_tax4}
			  , FUND_TAX_AMT    = #{m_tax4_amount}
			  , UPDT_ID         = #{updt_id}
			  , UPDT_DATE       = sysdate
		WHEN NOT MATCHED THEN
			INSERT (MU_TICKET_SEQ, MU_TICKET_CLASS, M_MENU, TICKET_TYPE, SALE_YN, SALE_AMT, TAX_YN, TAX_RATE, TAX_AMT, IND_TAX_YN, IND_TAX_RATE, IND_TAX_AMT, EDU_TAX_YN, EDU_TAX_RATE, EDU_TAX_AMT, AGR_FSH_TAX_YN, AGR_FSH_TAX_RATE, AGR_FSH_TAX_AMT, FUND_TAX_YN, FUND_TAX_RATE, FUND_TAX_AMT, ISRT_ID, ISRT_DATE)
			VALUES (#{mu_ticket_seq}, #{ticket_price_type} || 'P', #{m_menu}, 'BASIC', #{sale_yn}, #{m_amount}, #{m_vat}, 10, #{m_tax_amount}, #{m_tax1}, 0, #{m_tax1_amount}, #{m_tax2}, 0, #{m_tax2_amount}, #{m_tax3}, 0, #{m_tax3_amount}, #{m_tax4} ,0 ,#{m_tax4_amount}, #{isrt_id}, sysdate)
	</update>

	<select id="getMuTicketSeq" resultType="int">
		SELECT /* getMuTicketSeq - 단일티켓상품 채번 */
			MU_TICKET_SEQ_SEQ.NEXTVAL
		FROM DUAL
	</select>

	<select id="makeMMenuCode" resultType="String">
		SELECT /* makeMMenuCode - M_MENU 채번 */
		    MAKEMMENUCODE()
		FROM DUAL
	</select>

	<select id="makeMMenuCode6" resultType="String">
		SELECT /* makeMMenuCode - M_MENU 채번 */
			MAKEMMENUCODE6(#{m_loc})
		FROM DUAL
	</select>

	<select id="getMLoc" resultType="String">
		SELECT /* getMLoc - M_MENU 채번 */
			GETPLACECODE(#{fclt_list})
		FROM DUAL
	</select>

	<delete id="delTicket" parameterType="String">
		DECLARE
		BEGIN
			DELETE FROM SERTB_MENU_UNIT_TICKET_PRICE WHERE M_MENU = #{m_menu};
			DELETE FROM P_MENU WHERE M_MENU = #{m_menu};
		END;
	</delete>
</mapper>
