<?xml version="1.0" encoding="UTF-8"?>
<!DOCTYPE mapper PUBLIC "-//mybatis.org//DTD Mapper 3.0//EN" "http://mybatis.org/dtd/mybatis-3-mapper.dtd">

<mapper namespace="com.plnc.mngr.tckPkg.service.impl.TckPkgDAO">

	<!-- PrdMngSql -->

	<!-- 패키지 상품 티켓 목록 조회 건수 -->
	<select id="searchTckPkgListCnt" resultType="java.lang.Integer">
		/* TckPkgDAO.searchTckPkgListCnt */
		SELECT COUNT(PM.M_MENU) AS CNT
		FROM P_MENU PM,
			 SYCODE SC,
			 (SELECT SALE_YN, M_MENU, MP_TICKET_SEQ, MP_TICKET_CLASS, SALE_AMT
			  FROM SERTB_MENU_PKG_TICKET_PRICE
			  WHERE MP_TICKET_CLASS IN ('AP', 'GP', 'RP')) TC,
			 SERTB_FCLT SF,
			 SERTB_MENU_PKG_TICKET SMPT,
			 P_PLACE PP,
			 P_GROUP PG,
			 SERTB_P_GROUP SPG
		WHERE TC.MP_TICKET_SEQ = SMPT.MP_TICKET_SEQ
		  AND PM.M_LOC = SC.CD_CODE
		  AND PM.M_MENU = TC.M_MENU
		  AND SC.CD_CODE = SF.CD_CODE
		  AND PG.GR_LOC = PP.PL_OUTLET_CD
		  AND PG.GR_CODE = PM.M_GROUP
		  AND PP.PL_CODE = SF.FCLT_SEQ
		  AND PG.GR_CODE = SPG.GR_CODE(+)
		  AND PG.GR_LOC = SPG.GR_LOC(+)
		  AND SPG.USE_YN IN ('Y')
		  AND LENGTH(PG.GR_CODE) = 3
		  AND LENGTH(PM.M_MENU) = 5
		  AND M_TYPE = 'M'
		  AND M_CLASS IN ('O2')
		<if test='startDate != null and startDate != ""'>
			<if test='endDate != null and endDate != ""'>
				AND PM.ISRT_DATE BETWEEN TO_DATE(#{startDate} || ' 00:00:00', 'YYYY-MM-DD HH24:MI:SS') AND TO_DATE(#{endDate} || ' 23:59:59', 'YYYY-MM-DD HH24:MI:SS')
			</if>
		</if>
		<!-- 티켓구분 -->
		<if test='mpTicketClass != null and mpTicketClass != ""'>
			AND TC.MP_TICKET_CLASS = #{mpTicketClass}
		</if>
		<choose>
			<!-- 판매중 -->
			<when test='mpTicketSt != null and mpTicketSt == "Y"'>
				AND TC.SALE_YN = 'Y'
			</when>
			<!-- 판매중지 -->
			<when test='mpTicketSt != null and mpTicketSt == "N"'>
				AND TC.SALE_YN = 'N'
			</when>
		</choose>
		<!-- 패키지상품명 -->
		<if test='menuPkgNm != null and menuPkgNm != ""'>
			AND PM.M_LOC = #{menuPkgNm}
			AND PM.M_MENU = #{mMenu}
		</if>
		<!-- 티켓명 -->
		<if test='mpTicketNm != null and mpTicketNm != ""'>
			AND SMPT.MP_TICKET_NM LIKE '%'||#{mpTicketNm}||'%'
		</if>
	</select>

	<!-- 패키지 상품명 조회 -->
	<select id="searchMenuPkgNmList" resultType="java.util.HashMap">
		/* TckPkgDAO.searchMenuPkgNmList */
		SELECT MENU_PKG_SEQ
			 , MENU_PKG_NM
		FROM SERTB_MENU_PKG
		ORDER BY ISRT_DATE DESC
	</select>

	<!-- 패키지 상품 티켓 목록 조회 -->
	<select id="searchTckPkgList" resultType="java.util.HashMap">
		/* TckPkgDAO.searchTckPkgList */
		<include refid="cmmn.include.pageHeader"/>
		SELECT ROWNUM AS NO, TT.*
		FROM (SELECT PM.M_REF3,
					 PM.M_LOC,
					 SMPT.MP_TICKET_NM,
					 PM.M_DESC,
					 PM.M_MENU,
					 TO_CHAR(TC.SALE_AMT, 'fm999,999,999,999')             AS M_AMOUNT,
					 PM.ISRT_ID,
					 TO_CHAR(PM.ISRT_DATE, 'YYYY-MM-DD HH24:MI')           AS ISRT_DATE,
					 PM.UPDT_ID,
					 TO_CHAR(PM.UPDT_DATE, 'YYYY-MM-DD HH24:MI')           AS UPDT_DATE,
					 DECODE(NVL(TRIM(TC.SALE_YN), 'N'), 'Y', '판매중', '종료')  AS STATUS,
					 DECODE(NVL(TRIM(SMPT.USE_YN), '0'), '0', '미등록', '등록') AS USE_YN,
					 CASE
						 WHEN M_REF3 = 'N' THEN 1
						 WHEN M_REF3 = 'G' THEN 2
						 WHEN M_REF3 = 'R' THEN 3
						 ELSE 4
						 END                                               AS GRADESORT
			  FROM P_MENU PM,
				   SYCODE SC,
				   (SELECT SALE_YN, M_MENU, MP_TICKET_SEQ, MP_TICKET_CLASS, SALE_AMT
					FROM SERTB_MENU_PKG_TICKET_PRICE
					WHERE MP_TICKET_CLASS IN ('AP', 'GP', 'RP')) TC,
				   SERTB_FCLT SF,
				   SERTB_MENU_PKG_TICKET SMPT,
				   P_PLACE PP,
				   P_GROUP PG,
				   SERTB_P_GROUP SPG
			  WHERE TC.MP_TICKET_SEQ = SMPT.MP_TICKET_SEQ
				AND PM.M_LOC = SC.CD_CODE
				AND PM.M_MENU = TC.M_MENU
				AND SC.CD_CODE = SF.CD_CODE
				AND PG.GR_LOC = PP.PL_OUTLET_CD
				AND PG.GR_CODE = PM.M_GROUP
				AND PP.PL_CODE = SF.FCLT_SEQ
				AND PG.GR_CODE = SPG.GR_CODE(+)
				AND PG.GR_LOC = SPG.GR_LOC(+)
				AND SPG.USE_YN IN ('Y')
				AND LENGTH(PG.GR_CODE) = 3
				AND LENGTH(PM.M_MENU) = 5
				AND M_TYPE = 'M'
				AND M_CLASS IN ('O2')
		<if test='startDate != null and startDate != ""'>
			<if test='endDate != null and endDate != ""'>
				AND PM.ISRT_DATE BETWEEN TO_DATE(#{startDate} || ' 00:00:00', 'YYYY-MM-DD HH24:MI:SS') AND TO_DATE(#{endDate} || ' 23:59:59', 'YYYY-MM-DD HH24:MI:SS')
			</if>
		</if>
		<!-- 티켓구분 -->
		<if test='mpTicketClass != null and mpTicketClass != ""'>
			AND TC.MP_TICKET_CLASS = #{mpTicketClass}
		</if>
		<choose>
			<!-- 판매중 -->
			<when test='mpTicketSt != null and mpTicketSt == "Y"'>
				AND TC.SALE_YN = 'Y'
			</when>
			<!-- 판매중지 -->
			<when test='mpTicketSt != null and mpTicketSt == "N"'>
				AND TC.SALE_YN = 'N'
			</when>
		</choose>
		<!-- 패키지상품명 -->
		<if test='menuPkgNm != null and menuPkgNm != ""'>
			AND PM.M_LOC = #{menuPkgNm}
			AND PM.M_MENU = #{mMenu}
		</if>
		<!-- 티켓명 -->
		<if test='mpTicketNm != null and mpTicketNm != ""'>
			AND SMPT.MP_TICKET_NM LIKE '%'||#{mpTicketNm}||'%'
		</if>
		ORDER BY PM.M_LOC, PM.M_GROUP, GRADESORT )TT
		<include refid="cmmn.include.pageFooter"/>
	</select>

	<select id="searchTckPkg" resultType="java.util.HashMap">
		/* TckPkgDAO.searchTckPkg */
		SELECT TICKET_GRP_SEQ
			 , getFcltClsNm(FCLT_CLASS)                 as FCLT_CLASS_NM
			 , getFcltNm(FCLT_SEQ)                      as FCLT_NM
			 , TICKET_GRP_NM
			 , ISRT_ID
			 , TO_CHAR(ISRT_DATE, 'YYYY-MM-DD HH24:MI') AS ISRT_DATE
			 , UPDT_ID
			 , TO_CHAR(UPDT_DATE, 'YYYY-MM-DD HH24:MI') AS UPDT_DATE
		FROM SERTB_TICKET_GRP
		WHERE TICKET_GRP_SEQ = #{ticketGrpSeq}
	</select>

	<select id="getPkgTckGrp" resultType="java.util.HashMap">
		SELECT /* TckPkgDAO.getPkgTckGrp - 패키지티켓분류 */
			TICKET_GRP_SEQ,
			TICKET_GRP_NM
		FROM SERTB_TICKET_GRP
		WHERE MENU_CLASS IN ('1')
		ORDER BY TICKET_GRP_SEQ
	</select>

	<insert id="registTckPkg" parameterType="java.util.HashMap">
		/* TckPkgDAO.registTckPkg */
		INSERT INTO SERTB_MENU_GRP( MENU_GRP_SEQ
								  , FCLT_CLASS
								  , FCLT_SEQ
								  , MENU_GRP_NM
								  , MENU_GRP_DESC
								  , DEL_YN
								  , ISRT_ID
								  , ISRT_DATE)
		VALUES ( MENU_GRP_SEQ_SEQ.NEXTVAL
			   , #{fcltClass}
			   , #{fcltList}
			   , #{prdName}
			   , #{prdDesc}
			   , 'N'
			   , #{isrtId}
			   , SYSDATE)
	</insert>

	<update id="modifyTckPkg" parameterType="java.util.HashMap">
		/* TckPkgDAO.modifyTckPkg */
		UPDATE SERTB_MENU_GRP
		SET FCLT_CLASS    = #{fcltClass}
		  , FCLT_SEQ      = #{fcltList}
		  , MENU_GRP_NM   = #{prdName}
		  , MENU_GRP_DESC = #{prdDesc}
		WHERE MENU_GRP_SEQ = #{menuGrpSeq}
	</update>

	<update id="deleteTckPkg" parameterType="java.util.HashMap">
		/* TckPkgDAO.deleteTckPkg */
		UPDATE SERTB_MENU_GRP
		SET DEL_YN = 'Y'
		WHERE MENU_GRP_SEQ = #{menuGrpSeq}
	</update>

	<select id="searchPkgTicket" resultType="java.util.HashMap">
		SELECT /* searchPkgTicket */
			PG.GR_LOC,
			PG.GR_CODE,
			SMPT.MENU_PKG_SEQ,
			SMPT.TICKET_GRP_SEQ,
			SMPT.WEEK_FLAG,
			SMPT.MP_TICKET_SEQ,
			SMPT.PM_TICKET_QT,
			SMPT.MP_TICKET_NM,
			SMPT.MP_TICKET_SHORT_NM,
			SMPT.USE_YN,
			SMG.MENU_PKG_NM,
			PM.M_MENU,
			PM.M_DNAME,
			PM.M_ABBR,
			TO_CHAR(PM.M_FROM, 'YYYY-MM-DD') AS M_FROM_STR,
			TO_CHAR(PM.M_TO, 'YYYY-MM-DD')   AS M_TO_STR
		FROM P_MENU PM,
			 SYCODE SC,
			 (SELECT SALE_YN, M_MENU, MP_TICKET_SEQ, MP_TICKET_CLASS, SALE_AMT
			  FROM SERTB_MENU_PKG_TICKET_PRICE
			  WHERE MP_TICKET_CLASS IN ('AP', 'GP', 'RP')) TC,
			 SERTB_FCLT SF,
			 SERTB_MENU_PKG SMG,
			 SERTB_MENU_PKG_TICKET SMPT,
			 P_PLACE PP,
			 P_GROUP PG,
			 SERTB_P_GROUP SPG
		WHERE TC.MP_TICKET_SEQ = SMPT.MP_TICKET_SEQ
		  AND PM.M_LOC = SC.CD_CODE
		  AND PM.M_MENU = TC.M_MENU
		  AND SC.CD_CODE = SF.CD_CODE
		  AND PG.GR_LOC = PP.PL_OUTLET_CD
		  AND PG.GR_CODE = PM.M_GROUP
		  AND PP.PL_CODE = SF.FCLT_SEQ
		  AND SMPT.MENU_PKG_SEQ = SMG.MENU_PKG_SEQ
		  AND PG.GR_CODE = SPG.GR_CODE(+)
		  AND PG.GR_LOC = SPG.GR_LOC(+)
		  AND SPG.USE_YN IN ('Y')
		  AND LENGTH(PG.GR_CODE) = 3
		  AND LENGTH(PM.M_MENU) = 5
		  AND M_TYPE = 'M'
		  AND M_CLASS IN ('O2')
		  AND PM.M_LOC = #{m_loc}
		  AND PM.M_MENU = #{m_menu}
	</select>

	<select id="getMpTicketSeq" resultType="int">
		SELECT /* getMpTicketSeq - 패키지티켓상품 채번 */
			MP_TICKET_SEQ_SEQ.NEXTVAL
		FROM DUAL
	</select>

	<select id="getPkgUnitTickets" resultType="java.util.HashMap">
		SELECT CASE
				   WHEN UPPER(TB.FCLT_CLASS) = 'FOODZONE' THEN '푸드존'
				   ELSE '액티비티'
			END                                                                                                     AS FCLT_CLASS_NAME
			 , GETFCLTNM(TB.FCLT_SEQ)                                                                               AS FCLT_NAME
			 , (SELECT GR_DESC FROM P_GROUP WHERE GR_LOC = GETPLACECODE(TB.FCLT_SEQ) AND GR_CODE = TB.MENU_GRP_SEQ) AS GR_DESC
			 , (SELECT MENU_UNIT_NM FROM SERTB_MENU_UNIT WHERE MENU_UNIT_SEQ = TB.MENU_UNIT_SEQ)                    AS MENU_UNIT_NM
			 , TB.MU_TICKET_NM || ' ' || TB.MU_TICKET_SHORT_NM                                                      AS TICKET_NM
		FROM SERTB_MENU_PKG_TICKET_DTL TA
				 INNER JOIN SERTB_MENU_UNIT_TICKET TB ON (TA.MU_TICKET_SEQ = TB.MU_TICKET_SEQ)
		WHERE MP_TICKET_SEQ IN (#{seq})
	</select>

	<update id="mergeMenuPkgTicket" parameterType="com.plnc.mngr.tckSng.service.SertbPmenuVo">
		MERGE INTO SERTB_MENU_PKG_TICKET
		USING DUAL
		ON (MP_TICKET_SEQ = #{mp_ticket_seq})
		WHEN MATCHED THEN
			UPDATE
			SET TICKET_GRP_SEQ     = #{pkgTckGrpList}
			  , MP_TICKET_NM       = #{m_dname}
			  , MP_TICKET_SHORT_NM = #{m_abbr}
			  , MP_TICKET_START    = #{m_dcfrom}
			  , MP_TICKET_END      = #{m_dcto}
			  , WEEK_FLAG          = #{useAt}
			  , PM_TICKET_QT       = #{m_ticket_qt}
			  , UPDT_ID            = #{updt_id}
			  , UPDT_DATE          = sysdate
		WHEN NOT MATCHED THEN
			INSERT ( MP_TICKET_SEQ
				   , MENU_PKG_SEQ
				   , TICKET_GRP_SEQ
				   , MP_TICKET_NM
				   , MP_TICKET_SHORT_NM
				   , MP_TICKET_START
				   , MP_TICKET_END
				   , DEL_YN
				   , WEEK_FLAG
				   , ISRT_ID
				   , ISRT_DATE
				   , PM_TICKET_QT
				   , USE_YN
				   , PM_LOC
				   , PM_MENU)
			VALUES ( #{mp_ticket_seq}
				   , #{menuPkgNmPopup}
				   , #{pkgTckGrpList}
				   , #{m_dname}
				   , #{m_abbr}
				   , #{m_dcfrom}
				   , #{m_dcto}
				   , 'N'
				   , #{useAt}
				   , #{isrt_id}
				   , sysdate
				   , #{m_ticket_qt}
				   , '0'
				   , GETPLACECODE(#{fclt_list})
				   , #{m_menu})
	</update>

	<update id="mergeMenuPkgTicketDtl" parameterType="com.plnc.mngr.tckSng.service.SertbPmenuVo">
		MERGE INTO SERTB_MENU_PKG_TICKET_DTL
		USING DUAL
		ON (MP_TICKET_SEQ = #{mp_ticket_seq} AND MU_TICKET_SEQ = #{mu_ticket_seq})
		WHEN MATCHED THEN
			UPDATE
			SET SA_AMT    = #{sa_amt}
			  , UPDT_ID   = #{updt_id}
			  , UPDT_IP   = #{ACCESS_IP}
			  , UPDT_DATE = sysdate
		WHEN NOT MATCHED THEN
			INSERT (MP_TICKET_DTL_SEQ, MP_TICKET_SEQ, MU_TICKET_SEQ, DEL_YN, SA_AMT, ISRT_ID, ISRT_DATE, ISRT_IP)
			VALUES (MP_TICKET_DTL_SEQ_SEQ.NEXTVAL, #{mp_ticket_seq}, #{mu_ticket_seq}, 'N', 0, #{isrt_id}, sysdate, #{ACCESS_IP})
	</update>


	<update id="mergePPkgMenu" parameterType="com.plnc.mngr.tckSng.service.SertbPmenuVo">
		MERGE INTO P_PKGMENU
		USING DUAL
		ON (PM_LOC = #{pm_loc} and PM_MENU = #{pm_menu} and PM_USE_LOC = #{pm_use_loc} and PM_ADDMENU = #{pm_addmenu})
		WHEN MATCHED THEN
			UPDATE
			SET PM_TICKET_QT = #{m_ticket_qt}
			  , UPDT_ID      = #{updt_id}
			  , UPDT_IP      = #{ACCESS_IP}
			  , UPDT_DATE    = sysdate
		WHEN NOT MATCHED THEN
			INSERT (PM_LOC, PM_MENU, PM_USE_LOC, PM_ADDMENU, PM_TICKET_QT, PM_REF1, PM_REF2, PM_REF3, PM_SYNC, ISRT_ID, ISRT_IP, ISRT_DATE)
			VALUES (GETPLACECODE(#{fclt_list}), #{m_menu}, #{pm_use_loc}, #{pm_addmenu}, #{m_ticket_qt}, ' ', ' ', ' ', 'I', #{isrt_id}, #{ACCESS_IP}, sysdate)
	</update>

	<update id="mergeMenuPkgTicketPrice" parameterType="com.plnc.mngr.tckSng.service.SertbPmenuVo">
		MERGE INTO SERTB_MENU_PKG_TICKET_PRICE
		USING DUAL
		ON (M_MENU = #{m_menu} and MP_TICKET_CLASS = #{ticket_price_type} || 'P')
		WHEN MATCHED THEN
			UPDATE
			SET SALE_YN         = nvl(#{sale_yn}, 'N')
			  , SALE_AMT        = #{m_amount}
			  , TAX_YN          = #{m_vat}
			  , TAX_AMT         = #{m_tax_amount}
			  , IND_TAX_YN      = #{m_tax1}
			  , IND_TAX_AMT     = #{m_tax1_amount}
			  , EDU_TAX_YN      = #{m_tax2}
			  , EDU_TAX_AMT     = #{m_tax2_amount}
			  , AGR_FSH_TAX_YN  = #{m_tax3}
			  , AGR_FSH_TAX_AMT = #{m_tax3_amount}
			  , FUND_TAX_YN     = #{m_tax4}
			  , FUND_TAX_AMT    = #{m_tax4_amount}
			  , UPDT_ID         = #{updt_id}
			  , UPDT_DATE       = sysdate
		WHEN NOT MATCHED THEN
			INSERT (MP_TICKET_PRICE_SEQ, MP_TICKET_SEQ, MP_TICKET_CLASS, M_MENU, SALE_YN, SALE_AMT, TAX_YN, TAX_RATE, TAX_AMT, IND_TAX_YN, IND_TAX_RATE, IND_TAX_AMT, EDU_TAX_YN, EDU_TAX_RATE, EDU_TAX_AMT, AGR_FSH_TAX_YN, AGR_FSH_TAX_RATE, AGR_FSH_TAX_AMT, FUND_TAX_YN, FUND_TAX_RATE, FUND_TAX_AMT, ISRT_ID, ISRT_DATE)
			VALUES (MP_TICKET_PRICE_SEQ_SEQ.NEXTVAL, #{mp_ticket_seq}, #{ticket_price_type} || 'P', #{m_menu}, 'N', 0, '0', 0.00, 0, '0', 0.00, 0, '0', 0.00, 0, '0', 0.00, 0, '0', 0.00, 0, #{isrt_id}, sysdate)
	</update>
	<update id="updatePkgTicket" parameterType="java.util.HashMap">
		DECLARE
		BEGIN
			UPDATE SERTB_MENU_PKG_TICKET
			SET MP_TICKET_SHORT_NM = #{m_abbr}
			WHERE MP_TICKET_SEQ = #{mp_ticket_seq};

			UPDATE P_MENU
			SET M_DESC  = #{m_dname}
			  , M_DNAME = #{m_dname}
			  , M_ABBR  = #{m_abbr}
			WHERE M_LOC = #{grLoc}
			  AND M_MENU = #{m_menu};
		END;
	</update>

	<update id="updatePkgTicketUse" parameterType="java.util.HashMap">
		UPDATE SERTB_MENU_PKG_TICKET
		SET USE_YN = '1'
		WHERE MP_TICKET_SEQ = #{mp_ticket_seq}
	</update>

	<select id="searchTckPkg4Np" resultType="java.util.HashMap">
		SELECT /*searchTckPkg4Np*/
			*
		FROM SERTB_MENU_PKG_TICKET_PRICE
		WHERE MP_TICKET_CLASS IN ('NP')
		  AND MP_TICKET_SEQ IN (#{mp_ticket_seq})
	</select>
	<select id="searchPkgTicketPopup" resultType="java.util.HashMap">
		SELECT /* searchPkgTicketPopup - 단일 상품 티켓 목록 단건 조회  */
			PP.PL_CODE,
			PG.GR_LOC,
			PG.GR_CODE,
			PG.GR_DESC,
			TC.*,
			PM.*,
			CASE
				WHEN MP_TICKET_CLASS = 'AP' THEN 1
				WHEN MP_TICKET_CLASS = 'GP' THEN 2
				ELSE 3
				END AS GRADESORT
		FROM P_MENU PM,
			 SYCODE SC,
			 (SELECT MP_TICKET_SEQ,
					 MP_TICKET_CLASS,
					 SALE_YN,
					 SALE_AMT,
					 TAX_YN,
					 TAX_RATE,
					 TAX_AMT,
					 IND_TAX_YN,
					 IND_TAX_RATE,
					 IND_TAX_AMT,
					 EDU_TAX_YN,
					 EDU_TAX_RATE,
					 EDU_TAX_AMT,
					 AGR_FSH_TAX_YN,
					 AGR_FSH_TAX_RATE,
					 AGR_FSH_TAX_AMT,
					 FUND_TAX_YN,
					 FUND_TAX_RATE,
					 FUND_TAX_AMT,
					 M_MENU
			  FROM SERTB_MENU_PKG_TICKET_PRICE
			  WHERE MP_TICKET_CLASS IN ('AP', 'GP', 'RP')
				AND MP_TICKET_SEQ IN (#{mp_ticket_seq})) TC,
			 SERTB_FCLT SF,
			 SERTB_MENU_PKG_TICKET SMPT,
			 P_PLACE PP,
			 P_GROUP PG,
			 SERTB_P_GROUP SPG
		WHERE PM.M_LOC = SC.CD_CODE
		  AND PM.M_MENU = TC.M_MENU
		  AND SC.CD_CODE = SF.CD_CODE
		  AND PG.GR_LOC = PP.PL_OUTLET_CD
		  AND PG.GR_CODE = PM.M_GROUP
		  AND PP.PL_CODE = SF.FCLT_SEQ
		  AND TC.MP_TICKET_SEQ = SMPT.MP_TICKET_SEQ
		  AND PG.GR_CODE = SPG.GR_CODE(+)
		  AND PG.GR_LOC = SPG.GR_LOC(+)
		  AND SPG.USE_YN IN ('Y')
		  AND LENGTH(PG.GR_CODE) = 3
		ORDER BY GRADESORT
	</select>

	<delete id="removePkgTicket" parameterType="java.util.HashMap">
		DECLARE
		BEGIN
			DELETE FROM SERTB_MENU_PKG_TICKET_PRICE WHERE M_MENU = #{m_menu};
			DELETE FROM P_MENU WHERE M_LOC = #{m_loc} and M_MENU = #{m_menu};
			DELETE FROM P_PKGMENU WHERE PM_USE_LOC = #{m_loc} and PM_ADDMENU = #{m_menu};
		END;
	</delete>
	<delete id="removePkg" parameterType="java.util.HashMap">
		DECLARE
		BEGIN
			DELETE FROM SERTB_MENU_PKG_TICKET WHERE MP_TICKET_SEQ = #{mp_ticket_seq};
			DELETE FROM SERTB_MENU_PKG_TICKET_DTL WHERE MP_TICKET_SEQ = #{mp_ticket_seq};
			DELETE FROM P_MENU WHERE M_MENU in (SELECT M_MENU FROM SERTB_MENU_PKG_TICKET_PRICE WHERE MP_TICKET_SEQ = #{mp_ticket_seq});
			DELETE FROM P_PKGMENU WHERE PM_MENU in (SELECT M_MENU FROM SERTB_MENU_PKG_TICKET_PRICE WHERE MP_TICKET_SEQ = #{mp_ticket_seq});
			DELETE FROM SERTB_MENU_PKG_TICKET_PRICE WHERE MP_TICKET_SEQ = #{mp_ticket_seq};
		END;
	</delete>
	<update id="updatePkgPMenu" parameterType="com.plnc.mngr.tckSng.service.SertbPmenuVo">
		UPDATE P_MENU
		SET M_AMOUNT  = #{m_amount}
		  , M_PRICE   = #{m_price}
		  , M_TAX     = #{m_vat}
		  , M_TAX1    = #{m_tax1}
		  , M_TAX2    = #{m_tax2}
		  , M_TAX3    = #{m_tax3}
		  , M_TAX4    = #{m_tax4}
		  , UPDT_ID   = #{updt_id}
		  , UPDT_IP   = #{ACCESS_IP}
		  , UPDT_DATE = SYSDATE
		WHERE (M_LOC = #{m_loc} AND M_MENU = #{m_menu})
	</update>
	<insert id="insertPkgPMenu" parameterType="com.plnc.mngr.tckSng.service.SertbPmenuVo">
		INSERT INTO P_MENU( M_LOC
						  , M_MENU
						  , M_DESC
						  , M_DNAME
						  , M_ABBR
						  , M_CLASS
						  , M_GROUP
						  , M_TYPE
						  , M_AMOUNT
						  , M_PRICE
						  , M_TAX
						  , M_TAX1
						  , M_TAX2
						  , M_TAX3
						  , M_TAX4
						  , M_FROM
						  , M_TO
						  , M_TICKET_YN
						  , M_TICKET_QT
						  , M_REF3
						  , M_REF4
						  , M_REF5
						  , M_SYNC
						  , ISRT_ID
						  , ISRT_IP
						  , ISRT_DATE)
		VALUES ( #{m_loc}
			   , #{m_menu}
			   , #{m_dname}
			   , #{m_dname}
			   , #{m_abbr}
			   , nvl(#{m_class}, 'O1')
			   , #{gr_code}
			   , #{m_type}
			   , #{m_amount}
			   , #{m_price}
			   , #{m_vat}
			   , #{m_tax1}
			   , #{m_tax2}
			   , #{m_tax3}
			   , #{m_tax4}
			   , #{m_dcfrom}
			   , #{m_dcto}
			   , 'Y'
			   , #{m_ticket_qt}
			   , #{ticket_price_type}
			   , #{useAt}
			   , '3'
			   , 'I'
			   , #{isrt_id}
			   , #{ACCESS_IP}
			   , sysdate)
	</insert>

	<select id="getPkgUnitTicketsPriceSum" resultType="java.util.HashMap">
		SELECT T1.MU_TICKET_CLASS,
			   PRICE,
			   T2.MU_TICKET_SEQ,
			   SALE_AMT,
			   T3.TICKET_NM,
			   (SALE_AMT / PRICE) AS CALC,
			   CASE
				   WHEN T1.MU_TICKET_CLASS = 'NP' THEN 1
				   WHEN T1.MU_TICKET_CLASS = 'AP' THEN 2
				   WHEN T1.MU_TICKET_CLASS = 'GP' THEN 3
				   ELSE 4
				   END            AS GRADESORT
		FROM (SELECT MU_TICKET_CLASS,
					 SUM(SALE_AMT) AS PRICE
			  FROM (SELECT TA.*
					FROM SERTB_MENU_UNIT_TICKET_PRICE TA,
						 SERTB_MENU_PKG_TICKET_DTL TB
					WHERE TA.MU_TICKET_SEQ = TB.MU_TICKET_SEQ
					  AND TB.MP_TICKET_SEQ = #{mp_ticket_seq}
					  AND MU_TICKET_CLASS IN ('NP', 'AP', 'GP', 'RP'))
			  GROUP BY MU_TICKET_CLASS) T1,
			 (SELECT TA.*
			  FROM SERTB_MENU_UNIT_TICKET_PRICE TA,
				   SERTB_MENU_PKG_TICKET_DTL TB
			  WHERE TA.MU_TICKET_SEQ = TB.MU_TICKET_SEQ
				AND TB.MP_TICKET_SEQ = #{mp_ticket_seq}
				AND MU_TICKET_CLASS IN ('NP', 'AP', 'GP', 'RP')) T2,
			 (SELECT TA.MU_TICKET_SEQ, TA.MU_TICKET_NM || ' ' || TA.MU_TICKET_SHORT_NM AS TICKET_NM
			  FROM SERTB_MENU_UNIT_TICKET TA,
				   SERTB_MENU_PKG_TICKET_DTL TB
			  WHERE TA.MU_TICKET_SEQ = TB.MU_TICKET_SEQ
				AND TB.MP_TICKET_SEQ = #{mp_ticket_seq}) T3
		WHERE T1.MU_TICKET_CLASS = T2.MU_TICKET_CLASS
		  AND T2.MU_TICKET_SEQ = T3.MU_TICKET_SEQ
		ORDER BY GRADESORT, MU_TICKET_SEQ
	</select>

	<select id="getPkgMenuInfo" resultType="java.util.HashMap">
		SELECT GETMLOCINPMENU(TA.M_MENU) AS pm_loc,
			   TA.M_MENU                 AS pm_menu,
			   GETMLOCINPMENU(TB.M_MENU) AS pm_use_loc,
			   TA.M_MENU                 AS pm_addmenu
		FROM (SELECT *
			  FROM SERTB_MENU_PKG_TICKET_DTL TA,
				   SERTB_MENU_PKG_TICKET_PRICE TB
			  WHERE TA.MP_TICKET_SEQ = TB.MP_TICKET_SEQ
				AND TA.MP_TICKET_SEQ = #{mp_ticket_seq}
				AND TB.MP_TICKET_CLASS IN ('AP', 'GP', 'RP')) TA,
			 SERTB_MENU_UNIT_TICKET_PRICE TB
		WHERE TA.MU_TICKET_SEQ = TB.MU_TICKET_SEQ
		  AND TA.MP_TICKET_CLASS = TB.MU_TICKET_CLASS
		  AND TB.TICKET_TYPE IN ('BASIC')
		  AND TB.MU_TICKET_CLASS IN ('AP', 'GP', 'RP')
	</select>

	<insert id="insertPkgMenu" parameterType="java.util.HashMap">
		MERGE INTO P_PKGMENU
		USING DUAL
		ON (PM_LOC = #{PM_LOC} AND PM_MENU = #{PM_MENU} AND PM_ADDMENU = #{PM_ADDMENU})
		WHEN MATCHED THEN
			UPDATE
			SET UPDT_ID   = #{updt_id}
			  , UPDT_IP   = #{ACCESS_IP}
			  , UPDT_DATE = sysdate
		WHEN NOT MATCHED THEN
			INSERT (PM_LOC, PM_MENU, PM_USE_LOC, PM_ADDMENU, PM_SYNC, ISRT_ID, ISRT_IP, ISRT_DATE)
			VALUES (#{PM_LOC}, #{PM_MENU}, #{PM_USE_LOC}, #{PM_ADDMENU}, 'I', #{isrt_id}, #{ACCESS_IP}, sysdate)
	</insert>
</mapper>