<?xml version="1.0" encoding="UTF-8"?>
<!DOCTYPE mapper PUBLIC "-//mybatis.org//DTD Mapper 3.0//EN" "http://mybatis.org/dtd/mybatis-3-mapper.dtd">

<mapper namespace="com.plnc.mngr.notice.service.impl.NoticeDAO">

	<!--공지사항 목록 -->
	<select id="selectNoticeList" parameterType="NoticeVO" resultType="NoticeVO">
		<include refid="cmmn.include.pageHeader" />
		SELECT  ROWNUM as no
			,	X.NOTICE_SN
			,   X.NOTICE_SE
			,   X.NOTICE_SJ
			,   X.NOTICE_CN
			,   X.NOTICE_BGNDE
			,   X.NOTICE_ENDDE
			,   X.INQIRE_CNT
			,   X.EXPSR_AT
			,   X.USE_AT
			,   X.MAIN_POP_AT
			,   X.ISRT_ID
			,   TO_CHAR(X.ISRT_DATE,'YYYY-MM-DD') AS ISRT_DATE
			,   X.UPDT_ID
			,   TO_CHAR(X.UPDT_DATE,'YYYY-MM-DD') AS UPDT_DATE
			,   X.ISRT_NM
			,   X.UPDT_NM
			FROM (
				SELECT  ROWNUM as no
				,		A.NOTICE_SN
				,       A.NOTICE_SE
				,       A.NOTICE_SJ
				,       A.NOTICE_CN
				,       A.NOTICE_BGNDE
				,       A.NOTICE_ENDDE
				,       A.INQIRE_CNT
				,       A.EXPSR_AT
				,       A.USE_AT
				,       A.MAIN_POP_AT
				,       A.ISRT_ID
				,       A.ISRT_DATE
				,       A.UPDT_ID
				,       A.UPDT_DATE
				,		ISRT.MNGR_NM AS ISRT_NM
				,		UPDT.MNGR_NM AS UPDT_NM
				FROM SERTB_NOTICE A
				INNER JOIN SERTB_MNGR ISRT
                ON ISRT.MNGR_ID = A.ISRT_ID
                INNER JOIN SERTB_MNGR UPDT
                ON UPDT.MNGR_ID = A.UPDT_ID
                WHERE 1=1
                <if test='searchFromDt != null and searchFromDt != "" and searchToDt != null and searchToDt != ""'>
			  		AND A.ISRT_DATE BETWEEN TO_DATE(CONCAT(REPLACE(#{searchFromDt}, '-', ''), '000000'),'YYYYMMDDHH24MISS') AND TO_DATE(CONCAT(REPLACE(#{searchToDt}, '-', ''), '235959'),'YYYYMMDDHH24MISS')
			     </if>
			     <if test='searchSeType != null and searchSeType != ""'>
			  		AND A.NOTICE_SE = #{searchSeType}
			     </if>
			     <if test='searchType == "1"'>
			     	AND A.NOTICE_SJ LIKE '%'||#{searchText}||'%'
			     </if>
			     <if test='searchType == "2"'>
			     	AND A.NOTICE_CN LIKE '%'||#{searchText}||'%'
			     </if>
			     <if test='searchType == "0"'>
			  		AND (A.NOTICE_SJ LIKE '%'||#{searchText}||'%' OR A.NOTICE_CN LIKE '%'||#{searchText}||'%')
			     </if>
			     
				ORDER BY ISRT_DATE DESC
		)X
		<include refid="cmmn.include.pageFooter" />
		
	</select>

	<!-- 공지사항 목록 총건수  -->
	<select id="selectNoticeTotalCnt" parameterType="NoticeVO" resultType="int">
		
		SELECT  COUNT(A.NOTICE_SN)
		FROM SERTB_NOTICE A
		WHERE 1=1
		<if test='searchFromDt != null and searchFromDt != "" and searchToDt != null and searchToDt != ""'>
	  		AND A.ISRT_DATE BETWEEN TO_DATE(CONCAT(REPLACE(#{searchFromDt}, '-', ''), '000000'),'YYYYMMDDHH24MISS') AND TO_DATE(CONCAT(REPLACE(#{searchToDt}, '-', ''), '235959'),'YYYYMMDDHH24MISS')
	    </if>
	    <if test='searchSeType != null and searchSeType != ""'>
  			AND A.NOTICE_SE = #{searchSeType}
     	</if>
	    <if test='searchType == "1"'>
	    	AND A.NOTICE_SJ LIKE '%'||#{searchText}||'%'
	    </if>
	    <if test='searchType == "2"'>
	    	AND A.NOTICE_CN LIKE '%'||#{searchText}||'%'
	    </if>
	    <if test='searchType == "0"'>
	  		AND (A.NOTICE_SJ LIKE '%'||#{searchText}||'%' OR A.NOTICE_CN LIKE '%'||#{searchText}||'%')
	    </if>
	    
	
	</select>

	<!-- 공지사항 상세조회 -->
	<select id="searchMngrNotice" parameterType="NoticeVO" resultType="NoticeVO">
		<![CDATA[
		/* NoticeDAO.selectMngrNotice */
		SELECT A.NOTICE_SN
			 , A.NOTICE_SE
			 , A.NOTICE_SJ
			 , A.NOTICE_CN
			 , TO_CHAR(A.NOTICE_BGNDE,'YYYY-MM-DD') AS NOTICE_BGNDE
			 , TO_CHAR(A.NOTICE_ENDDE,'YYYY-MM-DD') AS NOTICE_ENDDE
			 , A.EXPSR_AT
			 , A.USE_AT
			 , A.MAIN_POP_AT 
			 , A.ISRT_ID
			 , TO_CHAR(A.ISRT_DATE,'YYYY-MM-DD') AS ISRT_DATE
			 , A.UPDT_ID
			 , TO_CHAR(A.UPDT_DATE,'YYYY-MM-DD') AS UPDT_DATE
		  FROM SERTB_NOTICE A
		 WHERE NOTICE_SN = #{noticeSn}
		]]>
	</select>
	
	<!-- 공지사항 등록 -->
	<insert id="registNotice" parameterType="NoticeVO">
		/* NoticeDAO.registNotice */
			INSERT INTO SERTB_NOTICE
			(
			  NOTICE_SN
			, NOTICE_SE
			, NOTICE_SJ
			, NOTICE_CN
			, NOTICE_BGNDE
			, NOTICE_ENDDE
			, INQIRE_CNT
			, EXPSR_AT
			, USE_AT
			, MAIN_POP_AT
			, ISRT_ID
			, ISRT_IP
			, ISRT_DATE
			, UPDT_ID
			, UPDT_IP
			, UPDT_DATE
			) 
			VALUES
			(
			  NOTICE_SN.NEXTVAL
			, #{noticeSe}
			, #{noticeSj}
			, #{noticeCn}
			<choose>
				<when test='noticeBgnde != null and noticeBgnde != ""'>
					, TO_DATE(#{noticeBgnde},'YYYYMMDDHH24MIss')
				</when>
				<otherwise>
				 	, SYSDATE
				</otherwise>
			</choose>
		    <choose>
				<when test='noticeEndde != null and noticeEndde != ""'>
					, TO_DATE(CONCAT(#{noticeEndde},235959),'YYYYMMDDHH24MIss') 
				</when>
				<otherwise>
				 	, TO_DATE('99991231 235959','YYYYMMDDHH24MIss') 
				</otherwise>
			</choose>
			, 0
			, 'Y'
			, 'Y'
			, #{mainPopAt}
			, #{isrtId}
			, #{isrtIp}
			, SYSDATE
			, #{updtId}
			, #{updtIp}
			, SYSDATE
			)
			<selectKey keyProperty="noticeSn" resultType="String" order="AFTER"> 
				SELECT NOTICE_SN.currval FROM dual 
			</selectKey>
	</insert>
	
	<!-- 공지사항 수정 -->
	<update id="updateNotice" parameterType="NoticeVO">
		/* NoticeDAO.updateNotice */
		UPDATE SERTB_NOTICE
		   SET NOTICE_SJ = #{noticeSj}
		     , NOTICE_SE = #{noticeSe}
		     , NOTICE_CN = #{noticeCn}
		     <if test='noticeBgnde != null and noticeBgnde != ""'>
		     , NOTICE_BGNDE = #{noticeBgnde}
		     </if>
		     <if test='noticeEndde != null and noticeEndde != ""'>
		     , NOTICE_ENDDE = #{noticeEndde}
		     </if>
		     , MAIN_POP_AT = #{mainPopAt}
			 , UPDT_ID = #{updtId}
			 , UPDT_IP = #{updtIp}
			 , UPDT_DATE = SYSDATE
		   WHERE NOTICE_SN = #{noticeSn}
	</update>

	<!-- 삭제 -->
	<update id="removeMngrNotice" parameterType="EventVO">
		/* NoticeDAO.removeMngrNotice */
		UPDATE SERTB_NOTICE
		   SET EXPSR_AT = 'N'
			 , UPDT_ID = #{updtId}
			 , UPDT_IP = #{updtIp}
			 , UPDT_DATE = SYSDATE
		  WHERE NOTICE_SN = #{noticeSn}
	</update>
	
	<!-- 메인 공지사항 노출 -->
	<select id="mainNoticeList" parameterType="NoticeVO" resultType="NoticeVO">
		SELECT  X.NOTICE_SN
		,		X.NOTICE_SJ
		,		TO_CHAR(X.ISRT_DATE,'YYYY-MM-DD') AS ISRT_DATE
		FROM (
		    SELECT  NOTICE_SN
		    , 		NOTICE_SJ 
		    ,		ISRT_DATE
		    FROM SERTB_NOTICE
		    ORDER BY ISRT_DATE DESC
		)X
		WHERE ROWNUM <![CDATA[<=]]> 4
	</select>
	
</mapper>
