<?xml version="1.0" encoding="UTF-8"?>
<!DOCTYPE mapper PUBLIC "-//mybatis.org//DTD Mapper 3.0//EN" "http://mybatis.org/dtd/mybatis-3-mapper.dtd">

<mapper namespace="com.plnc.mngr.conSls.service.impl.ConSlsDAO">

	<!-- 콘도 판매 목록 건수 -->
	<select id="searchConSlsListCnt" resultType="java.lang.Integer">
		/* ConSlsDAO.searchConSlsListCnt */
		SELECT	COUNT(ORDER_NO) AS CNT
		FROM(
			SELECT 
				ROW_NUMBER() OVER(PARTITION BY SCP.CONDO_SEQ ORDER BY CONDO_DTL_SEQ DESC) AS CONDO_DTL_SEQ
				, SCP.ORDER_NO
				, SCP.TOTAL_AMOUNT
				, SCP.ISRT_DATE 
				, SCP.SEL_TYPE
				, SCP.SEL_GUBUN
				, SCP.PAY_TYPE 
				, SCP.PAY_YN 
				, SCP.USER_NAME
				, SCP.USER_ID
				FROM 
					SERTB_CONDO_PAYMENT SCP
					LEFT JOIN SERTB_CONDO_PAYMENT_DTL SCPD 
						ON SCP.CONDO_SEQ = SCPD.CONDO_SEQ
		)
		WHERE CONDO_DTL_SEQ = 1
		<if test='startDate != null and startDate != ""'>
			<if test='endDate != null and endDate != ""'>
				AND ISRT_DATE BETWEEN TO_DATE(#{startDate} || ' 00:00:00', 'YYYY-MM-DD HH24:MI:SS') AND TO_DATE(#{endDate} || ' 23:59:59', 'YYYY-MM-DD HH24:MI:SS')
			</if>
		</if>
		<!-- 판매처 조회 -->
		<if test='muAgentCd != null and muAgentCd == "SER"'>
			AND SEL_TYPE = #{muAgentCd}
		</if>
		<!-- 판매처 조회2 -->
		<if test='muAgentCd != null and muAgentCd == "온라인" or muAgentCd == "OFFLINE"'>
			AND SEL_GUBUN = #{muAgentCd}
		</if>
		<!-- 결제수단 조회 -->
		<if test='pgMethod != null and pgMethod == "CARD" or pgMethod == "NAVER" or pgMethod == "KAKAO"'>
			AND PAY_TYPE = #{pgMethod}
		</if>
		<!-- 결제상태 조회 -->
		<if test='conStts != null and conStts == "Y" or conStts == "C" or conStts == "P" or conStts == "B"'>
			AND PAY_YN = #{conStts}
		</if>
		<!-- 주문번호로 검색 -->
		<if test='orderNo != null and orderNo != ""'>
			AND ORDER_NO LIKE '%'||#{orderNo}||'%'
		</if>
		<!-- 회원명으로 검색 -->
		<if test='memName != null and memName != ""'>
			AND USER_NAME LIKE '%'||#{memName}||'%'
		</if>
		<!-- 회원ID로 검색 -->
		<if test='memId != null and memId != ""'>
			AND USER_ID LIKE '%'||#{memId}||'%'
		</if>
	</select>
	
	<!-- 콘도 판매 총금액 -->
	<select id="searchConSlsListAmt" resultType="java.lang.Integer">
		/* ConSlsDAO.searchConSlsListCnt */
		SELECT	CASE WHEN COUNT(ORDER_NO) = 0 THEN 0
				ELSE SUM(TOTAL_AMOUNT)
				END AS SUM_AMOUNT
		FROM(
			SELECT 
				ROW_NUMBER() OVER(PARTITION BY SCP.CONDO_SEQ ORDER BY CONDO_DTL_SEQ DESC) AS CONDO_DTL_SEQ
				, SCP.ORDER_NO
				, SCP.TOTAL_AMOUNT
				, SCP.ISRT_DATE 
				, SCP.SEL_TYPE
				, SCP.SEL_GUBUN
				, SCP.PAY_TYPE 
				, SCP.PAY_YN 
				, SCP.USER_NAME
				, SCP.USER_ID
				FROM 
					SERTB_CONDO_PAYMENT SCP
					LEFT JOIN SERTB_CONDO_PAYMENT_DTL SCPD 
						ON SCP.CONDO_SEQ = SCPD.CONDO_SEQ
		)
		WHERE CONDO_DTL_SEQ = 1
		<if test='startDate != null and startDate != ""'>
			<if test='endDate != null and endDate != ""'>
				AND ISRT_DATE BETWEEN TO_DATE(#{startDate} || ' 00:00:00', 'YYYY-MM-DD HH24:MI:SS') AND TO_DATE(#{endDate} || ' 23:59:59', 'YYYY-MM-DD HH24:MI:SS')
			</if>
		</if>
		<!-- 판매처 조회 -->
		<if test='muAgentCd != null and muAgentCd == "SER"'>
			AND SEL_TYPE = #{muAgentCd}
		</if>
		<!-- 판매처 조회2 -->
		<if test='muAgentCd != null and muAgentCd == "온라인" or muAgentCd == "OFFLINE"'>
			AND SEL_GUBUN = #{muAgentCd} 
		</if>
		<!-- 결제수단 조회 -->
		<if test='pgMethod != null and pgMethod == "CARD" or pgMethod == "NAVER" or pgMethod == "KAKAO"'>
			AND PAY_TYPE = #{pgMethod}
		</if>
		<!-- 결제상태 조회 -->
		<if test='conStts != null and conStts == "Y" or conStts == "C" or conStts == "P" or conStts == "B"'>
			AND PAY_YN = #{conStts}
		</if>
		<!-- 주문번호로 검색 -->
		<if test='orderNo != null and orderNo != ""'>
			AND ORDER_NO LIKE '%'||#{orderNo}||'%'
		</if>
		<!-- 회원명으로 검색 -->
		<if test='memName != null and memName != ""'>
			AND USER_NAME LIKE '%'||#{memName}||'%'
		</if>
		<!-- 회원ID로 검색 -->
		<if test='memId != null and memId != ""'>
			AND USER_ID LIKE '%'||#{memId}||'%'
		</if>
	</select>
	
	<!-- 콘도 판매 목록 조회 -->
	<select id="searchConSlsList" resultType="java.util.HashMap">
		/* ConSlsDAO.searchConSlsList */
		<include refid="cmmn.include.pageHeader" />
		SELECT
			ROW_NUMBER() OVER(ORDER BY ISRT_DATE DESC) NO
			, CONDO_SEQ
			, ORDER_NO
			, USER_NAME
			, USER_ID
			, MOID
		  	, SEL_GUBUN
			, SEL_TYPE
			, TO_CHAR(PAY_DATE,'YYYY-MM-DD HH24:MI') AS PAY_DATE
			, TO_CHAR(TOTAL_AMOUNT, 'fm999,999,999,999') AS  TOTAL_AMOUNT
			, CASE  WHEN PAY_TYPE = 'CARD'  THEN '카드결제'
					WHEN PAY_TYPE = 'NAVER' THEN '네이버페이'	
					WHEN PAY_TYPE = 'KAKAO' THEN '카카오페이'
			  END PAY_TYPE
			, CASE  WHEN PAY_YN = 'Y' THEN '결제완료'
					WHEN PAY_YN = 'C' THEN '결제취소'	
					WHEN PAY_YN = 'N' THEN '미결제'
					WHEN PAY_YN = 'B' THEN '벌점취소'
					WHEN PAY_YN = 'P' THEN '부분취소'
			  END PAY_YN
			, CASE  WHEN ROOM_TYPE = '01' THEN '벨라고 16평형'
		  			WHEN ROOM_TYPE = '02' THEN '벨라고 35평형'
		  			WHEN ROOM_TYPE = '03' THEN '벨라고 51평형'
		  			WHEN ROOM_TYPE = '04' THEN '펫포레 펫룸 16평형'
		  			WHEN ROOM_TYPE = '05' THEN '펫포레 펫룸 35평형'
		  			WHEN ROOM_TYPE = '06' THEN '펫포레 펫룸 51평형'
		  	  END ROOM_TYPE
		  	, TO_CHAR(CANCEL_DATE,'YYYY-MM-DD HH24:MI') AS CANCEL_DATE
		  	, TO_CHAR(ISRT_DATE,'YYYY-MM-DD HH24:MI') AS ISRT_DATE
		  	, TO_CHAR(TO_DATE(OUT_DATE, 'YYYYMMDD'), 'YYYY-MM-DD') AS OUT_DATE
		FROM(
			SELECT
				ROW_NUMBER() OVER(PARTITION BY SCP.CONDO_SEQ ORDER BY CONDO_DTL_SEQ DESC) AS CONDO_DTL_SEQ
				, SCP.CONDO_SEQ 
				, SCP.PAY_DATE
				, SCP.ORDER_NO
				, SCP.USER_NAME
				, SCP.USER_ID
				, SCP.SEL_TYPE
				, SCP.TOTAL_AMOUNT
				, SCP.PAY_TYPE
				, SCP.PAY_YN 
				, SCPD.ROOM_TYPE 
				, SCP.CANCEL_DATE
				, SCP.ISRT_DATE
				, SCP.MOID
				, SCP.SEL_GUBUN
				, SCP.OUT_DATE
			FROM
				SERTB_CONDO_PAYMENT SCP
				LEFT JOIN SERTB_CONDO_PAYMENT_DTL SCPD 
					ON SCP.CONDO_SEQ = SCPD.CONDO_SEQ
		)
		WHERE CONDO_DTL_SEQ = 1
		<if test='startDate != null and startDate != ""'>
			<if test='endDate != null and endDate != ""'>
				AND ISRT_DATE BETWEEN TO_DATE(#{startDate} || ' 00:00:00', 'YYYY-MM-DD HH24:MI:SS') AND TO_DATE(#{endDate} || ' 23:59:59', 'YYYY-MM-DD HH24:MI:SS')
			</if>
		</if>
		<!-- 판매처 조회 -->
		<if test='muAgentCd != null and muAgentCd == "SER"'>
			AND SEL_TYPE = #{muAgentCd}
		</if>
		<!-- 판매처 조회2 -->
		<if test='muAgentCd != null and muAgentCd == "온라인" or muAgentCd == "OFFLINE"'>
			AND SEL_GUBUN = #{muAgentCd} 
		</if>
		<!-- 결제수단 조회 -->
		<if test='pgMethod != null and pgMethod == "CARD" or pgMethod == "NAVER" or pgMethod == "KAKAO"'>
			AND PAY_TYPE = #{pgMethod}
		</if>
		<!-- 결제상태 조회 -->
		<if test='conStts != null and conStts == "Y" or conStts == "C" or conStts == "P" or conStts == "B"'>
			AND PAY_YN = #{conStts}
		</if>
		<!-- 주문번호로 검색 -->
		<if test='orderNo != null and orderNo != ""'>
			AND ORDER_NO LIKE '%'||#{orderNo}||'%'
		</if>
		<!-- 회원명으로 검색 -->
		<if test='memName != null and memName != ""'>
			AND USER_NAME LIKE '%'||#{memName}||'%'
		</if>
		<!-- 회원ID로 검색 -->
		<if test='memId != null and memId != ""'>
			AND USER_ID LIKE '%'||#{memId}||'%'
		</if>
		<include refid="cmmn.include.pageFooter" />
	</select>
	
	<!-- 콘도 판매 목록 상세 조회 -->
	<select id="searchConSls" resultType="java.util.HashMap">
		/* ConSlsDAO.searchConSls */
		SELECT
			SCP.ORDER_NO
			, SCP.RESERVE_NO
			, TO_CHAR(SCP.PAY_DATE,'YYYY-MM-DD HH24:MI') AS PAY_DATE
			, SCP.USER_NAME
			, SCP.USER_ID 
			, SCP.PHONE_NUM
			, SCP.SEL_GUBUN
		  	, SCP.MOID 
			, SEL_TYPE  
			, CASE  WHEN SCP.PAY_TYPE = 'CARD' 	THEN '카드결제'
					WHEN SCP.PAY_TYPE = 'NAVER' THEN '네이버페이'	
					WHEN SCP.PAY_TYPE = 'KAKAO' THEN '카카오페이'
		  	  END PAY_TYPE 
	  	  	, CASE  WHEN PAY_YN = 'Y' THEN '결제완료'
					WHEN PAY_YN = 'C' THEN '결제취소'	
					WHEN PAY_YN = 'N' THEN '미결제'
					WHEN PAY_YN = 'B' THEN '벌점취소'
					WHEN PAY_YN = 'P' THEN '부분취소'
	  	  	  END PAY_YN
		  	, SCP.PAY_INFO 
		  	, CASE  WHEN SCPD.ROOM_TYPE = '01' THEN '벨라고 16평형'
		  			WHEN SCPD.ROOM_TYPE = '02' THEN '벨라고 35평형'
		  			WHEN SCPD.ROOM_TYPE = '03' THEN '벨라고 51평형'
		  			WHEN SCPD.ROOM_TYPE = '04' THEN '펫포레 펫룸 16평형'
		  			WHEN SCPD.ROOM_TYPE = '05' THEN '펫포레 펫룸 35평형'
		  			WHEN SCPD.ROOM_TYPE = '06' THEN '펫포레 펫룸 51평형'
		  	  END ROOM_TYPE
		  	, CASE  WHEN SCP.PAY_YN IN ('C', 'B', 'P') AND (SCP.CANCEL_AMOUNT IS NOT NULL OR SCP.CANCEL_AMOUNT != '') THEN TO_CHAR(SCP.CANCEL_AMOUNT, 'fm999,999,999,999')
					ELSE '0'
			  END CANCEL_AMOUNT
			, TO_CHAR(SCPD.RESERVE_DATE, '""MM"월 "DD"일"(DY)') AS RESERVE_DATE
	  		, TO_CHAR(SCPD.DAY_AMOUNT, 'fm999,999,999,999') AS DAY_AMOUNT
		  	, TO_CHAR(SCP.TOTAL_AMOUNT, 'fm999,999,999,999') AS TOTAL_AMOUNT
		  	, TO_CHAR(SCPD.ADD_USER * 30000, 'fm999,999,999,999') AS ADD_USER
		  	, TO_CHAR(SCPD.ADD_DOG * 30000, 'fm999,999,999,999') AS ADD_DOG
		  	, SCP.EMAIL
		  	, TO_CHAR(SCP.ISRT_DATE,'YYYY-MM-DD HH24:MI') AS ISRT_DATE
		  	, TO_CHAR(CANCEL_DATE,'YYYY-MM-DD HH24:MI') AS CANCEL_DATE
		  	, TO_CHAR(SCP.PENALTY_AMOUNT, 'fm999,999,999,999') AS PENALTY_AMOUNT
  			, TO_CHAR(SCP.PENALTY_POINT, 'fm999,999,999,999') AS PENALTY_POINT
		FROM
			SERTB_CONDO_PAYMENT SCP
			LEFT JOIN SERTB_CONDO_PAYMENT_DTL SCPD 
				ON SCP.CONDO_SEQ = SCPD.CONDO_SEQ
		WHERE
			SCP.ORDER_NO = #{orderNo}
			AND SCPD.DAY_AMOUNT <![CDATA[ > ]]> 0
	</select>
	
	<!-- 당일환불금액 조회 -->
	<!-- 당일환불 : EndDate에 결제 후 EndDate에 환불 -->
	<select id="searchCurrentDayRefundAmt" resultType="java.lang.Integer">
		/* ConSlsDAO.searchCurrentDayRefundAmt */
		SELECT	CASE WHEN COUNT(SEL_TYPE) = 0 THEN 0
					 ELSE SUM(TOTAL_AMOUNT)
				END AS SUM_AMOUNT
		FROM SERTB_CONDO_PAYMENT
		WHERE PAY_YN IN ('C', 'P', 'B')
			AND	    TO_CHAR(PAY_DATE, 'YYYY-MM-DD')			=	#{currentDate}
			AND		TO_CHAR(CANCEL_DATE, 'YYYY-MM-DD')		=	#{currentDate}
	</select>
	
</mapper>