<?xml version="1.0" encoding="UTF-8"?>
<!DOCTYPE mapper PUBLIC "-//mybatis.org//DTD Mapper 3.0//EN" "http://mybatis.org/dtd/mybatis-3-mapper.dtd">

<mapper namespace="com.plnc.mngr.grpPrd.service.impl.GrpPrdDAO">
	<!-- 상품 그룹 관리 목록 건수 -->
	<select id="searchGrpPrdListCnt" resultType="java.lang.Integer">
		/* GrpPrdDAO.searchGrpPrdCnt */
		SELECT COUNT(TA.GR_CODE) AS CNT
		FROM P_GROUP TA,
			 P_PLACE TB,
			 SERTB_FCLT TC,
			 SERTB_P_GROUP TD
		WHERE TA.GR_LOC = TB.PL_OUTLET_CD
		  AND TB.PL_CODE = TC.FCLT_SEQ
		  AND TA.GR_LOC = TD.GR_LOC(+)
		  AND TA.GR_CODE = TD.GR_CODE(+)
		  AND TD.USE_YN IN ('Y')
		  AND TC.DEL_YN IN ('N')
		  AND LENGTH(TA.GR_CODE) = 3
		<if test='startDate != "" and startDate != null'>
			<if test='endDate != "" and endDate != null'>
				AND TA.ISRT_DATE BETWEEN TO_DATE(#{startDate} || ' 00:00:00', 'YYYY-MM-DD HH24:MI:SS') AND TO_DATE(#{endDate} || ' 23:59:59', 'YYYY-MM-DD HH24:MI:SS')
			</if>
		</if>
		<if test='fclt_class != "" and fclt_class != null'>
			AND TC.FCLT_CLASS = #{fclt_class}
		</if>
		<if test='fclt_item != "" and fclt_item != null'>
			AND TC.FCLT_SEQ = #{fclt_item}
		</if>
		<if test='prdnm != "" and prdnm != null'>
			AND TA.GR_DESC LIKE '%'||#{prdnm}||'%'
		</if>
	</select>

	<!-- 상품 그룹 관리 목록 조회 -->
	<select id="searchGrpPrdList" resultType="java.util.HashMap">
		/* GrpPrdDAO.searchGrpPrdList */
		<include refid="cmmn.include.pageHeader"/>
		SELECT ROW_NUMBER() OVER (ORDER BY TA.GR_LOC,TA.GR_CODE DESC) NO,
			   TA.GR_DESC,
			   TA.GR_LOC,
			   TA.GR_CODE,
			   TC.FCLT_SEQ,
			   TC.FCLT_NM,
			   TC.FCLT_CLASS,
			   CASE
				   WHEN TD.USE_YN = 'N' THEN '미사용'
				   ELSE '사용'
				   END                                     AS         USE_YN,
			   TA.ISRT_ID,
			   TO_CHAR(TA.ISRT_DATE, 'YYYY-MM-DD HH24:MI') AS         ISRT_DATE,
			   TA.UPDT_ID,
			   TO_CHAR(TA.UPDT_DATE, 'YYYY-MM-DD HH24:MI') AS         UPDT_DATE
		FROM P_GROUP TA,
			 P_PLACE TB,
			 SERTB_FCLT TC,
			 SERTB_P_GROUP TD
		WHERE TA.GR_LOC = TB.PL_OUTLET_CD
		  AND TB.PL_CODE = TC.FCLT_SEQ
		  AND TA.GR_LOC = TD.GR_LOC(+)
		  AND TA.GR_CODE = TD.GR_CODE(+)
		  AND TD.USE_YN IN ('Y')
		  AND TC.DEL_YN IN ('N')
		  AND LENGTH(TA.GR_CODE) = 3
		<if test='startDate != "" and startDate != null'>
			<if test='endDate != "" and endDate != null'>
				AND TA.ISRT_DATE BETWEEN TO_DATE(#{startDate} || ' 00:00:00', 'YYYY-MM-DD HH24:MI:SS') AND TO_DATE(#{endDate} || ' 23:59:59', 'YYYY-MM-DD HH24:MI:SS')
			</if>
		</if>
		<if test='fclt_class != "" and fclt_class != null'>
			AND TC.FCLT_CLASS = #{fclt_class}
		</if>
		<if test='fclt_item != "" and fclt_item != null'>
			AND TC.FCLT_SEQ = #{fclt_item}
		</if>
		<if test='prdnm != "" and prdnm != null'>
			AND TA.GR_DESC LIKE '%'||#{prdnm}||'%'
		</if>
		<include refid="cmmn.include.pageFooter"/>
	</select>

	<select id="searchGrpPrd" resultType="java.util.HashMap">
		SELECT /* 상품그룹관리단건조회 */
			TB.GR_LOC
			 , TB.GR_CODE
			 , TB.GR_DESC
			 , PL_CODE AS FCLT_SEQ
			 , FCLT_NM
			 , FCLT_CLASS
			 , TD.GR_EXPLAIN
			 , CASE
				   WHEN FCLT_CLASS = 'FOODZONE' THEN '푸드존'
				   ELSE '액티비티'
			END        AS FCLT_CLASS_NAME
		FROM P_PLACE TA,
			 P_GROUP TB,
			 SERTB_FCLT TC,
			 SERTB_P_GROUP TD
		WHERE TA.PL_OUTLET_CD = TB.GR_LOC
		  AND TA.PL_CODE = TC.FCLT_SEQ
		  AND TB.GR_LOC = TD.GR_LOC(+)
		  AND TB.GR_CODE = TD.GR_CODE(+)
		  AND TD.USE_YN IN ('Y')
		  AND TC.DEL_YN IN ('N')
		  AND TB.GR_LOC = #{gr_loc}
		  AND TB.GR_CODE = #{gr_code}
	</select>

	<select id="makeSertbGrcode" resultType="String">
		SELECT MAKESERTBGRCODE()
		FROM DUAL
	</select>

	<select id="getPlaceCode" parameterType="String" resultType="String">
		SELECT GETPLACECODE(#{fclt_seq})
		FROM DUAL
	</select>

	<update id="upsertGrpPrd" parameterType="java.util.HashMap">
		MERGE /* 상품그룹관리수정 */
		INTO P_GROUP
		USING DUAL
		ON (GR_LOC = #{gr_loc} AND GR_CODE = #{gr_code})
		WHEN MATCHED THEN
			UPDATE
			SET GR_DESC   = #{gr_desc}
			  , UPDT_ID   = #{updt_id}
			  , UPDT_IP   = #{updt_ip}
			  , UPDT_DATE = SYSDATE
		WHEN NOT MATCHED THEN
			INSERT (GR_LOC, GR_CODE, GR_DESC, ISRT_ID, ISRT_IP, ISRT_DATE, UPDT_ID, UPDT_IP, UPDT_DATE)
			VALUES (#{gr_loc}, #{gr_code}, #{gr_desc}, #{isrt_id}, #{isrt_ip}, SYSDATE, #{updt_id}, #{updt_ip}, SYSDATE)
	</update>

	<insert id="upsertGrpPrdDesc" parameterType="java.util.HashMap">
		MERGE /* 상품그룹관리상세설명수정 */
		INTO SERTB_P_GROUP
		USING DUAL
		ON (GR_LOC = #{gr_loc} AND GR_CODE = #{gr_code})
		WHEN MATCHED THEN
			UPDATE
			SET GR_EXPLAIN = #{gr_explain}
			  , UPDT_ID    = #{updt_id}
			  , UPDT_IP    = #{updt_ip}
			  , UPDT_DATE  = sysdate
		WHEN NOT MATCHED THEN
			INSERT (GR_LOC, GR_CODE, GR_EXPLAIN, USE_YN, ISRT_ID, ISRT_IP, ISRT_DATE, UPDT_ID, UPDT_IP, UPDT_DATE)
			VALUES (#{gr_loc}, #{gr_code}, #{gr_explain}, 'Y', #{isrt_id}, #{isrt_ip}, SYSDATE, #{updt_id}, #{updt_ip}, SYSDATE)
	</insert>

	<update id="deleteGrpPrd" parameterType="java.util.HashMap">
		UPDATE /* 상품그룹관리삭제 */
			SERTB_P_GROUP
		SET USE_YN = 'N'
		WHERE GR_LOC = #{gr_loc}
		  AND GR_CODE = #{gr_code}
	</update>

	<select id="isUsedGrp" parameterType="java.util.HashMap" resultType="int">
		SELECT /* 해당 그룹을 사용하는 단일상품 존재 확인 */
			COUNT(*) AS CNT
		FROM SERTB_MENU_UNIT
		WHERE GR_LOC = #{gr_loc}
		  AND GR_CODE = #{gr_code}
	</select>
</mapper>