<?xml version="1.0" encoding="UTF-8"?>
<!DOCTYPE mapper PUBLIC "-//mybatis.org//DTD Mapper 3.0//EN" "http://mybatis.org/dtd/mybatis-3-mapper.dtd">

<mapper namespace="com.plnc.mngr.mngr.service.impl.MngrManageDAO">

	<!-- 관리자 목록 조회 -->
	<select id="selectMngrManageList" parameterType="MngrManageVO" resultType="MngrManageVO">
		<include refid="cmmn.include.pageHeader" />
		/* MngrManageDAO.selectMngrManageList */
		SELECT  ROWNUM as no
			,	X.MNGR_ID
			,   X.MNGR_PWD
			,   X.MNGR_NM      
			,   CRYPTIT_TYPE2.DECRYPT(X.MNGR_EMAIL) AS MNGR_EMAIL
			,   X.MNGR_GRAD    
			,   X.MNGR_JOB
			,   X.HANDPHONE1
			,   CRYPTIT_TYPE2.DECRYPT(X.HANDPHONE2) AS HANDPHONE2
			,   X.HANDPHONE3
			,   X.GRAD_NM   
			,   X.MEMO         
			,   X.USE_AT       
			,   X.ISRT_ID
			,   TO_CHAR(X.ISRT_DATE,'YYYY-MM-DD') AS ISRT_DATE
			,   X.UPDT_ID
			,   TO_CHAR(X.UPDT_DATE,'YYYY-MM-DD') AS UPDT_DATE
			,   X.ISRT_NM
			,   X.UPDT_NM
			FROM (
				SELECT ROWNUM as no
					 , A.MNGR_ID
				     , A.MNGR_PWD
				     , A.MNGR_NM
				     , A.MNGR_EMAIL
				     , A.HANDPHONE1
				     , A.HANDPHONE2
				     , A.HANDPHONE3
				     , A.MNGR_GRAD
				     , A.MNGR_JOB
				     , B.AUTH_NM AS GRAD_NM
				     , A.MEMO
				     , A.USE_AT
				     , A.ISRT_ID
				     , A.ISRT_DATE
				     , A.UPDT_ID
				     , A.UPDT_DATE
				     , ISRT.MNGR_NM AS ISRT_NM
					 , UPDT.MNGR_NM AS UPDT_NM
				  FROM SERTB_MNGR A
				 INNER JOIN SERTB_AUTH B ON A.MNGR_GRAD = B.AUTH_CD
				 INNER JOIN SERTB_MNGR ISRT
                 ON ISRT.MNGR_ID = A.ISRT_ID
                 INNER JOIN SERTB_MNGR UPDT
                 ON UPDT.MNGR_ID = A.UPDT_ID
				 WHERE 1=1
				 <if test='searchFromDt != null and searchFromDt != "" and searchToDt != null and searchToDt != ""'>
			  		AND A.ISRT_DATE BETWEEN TO_DATE(CONCAT(REPLACE(#{searchFromDt}, '-', ''), '000000'),'YYYYMMDDHH24MISS') AND TO_DATE(CONCAT(REPLACE(#{searchToDt}, '-', ''), '235959'),'YYYYMMDDHH24MISS')
			     </if>
			     <if test='searchType == "1"'>
			     	AND A.MNGR_NM LIKE '%'||#{searchText}||'%'
			     </if>
			     <if test='searchType == "2"'>
			     	AND A.MNGR_ID LIKE '%'||#{searchText}||'%'
			     </if>
			     <if test='searchType == "0"'>
			  		AND (A.MNGR_NM LIKE '%'||#{searchText}||'%' OR A.MNGR_ID LIKE '%'||#{searchText}||'%')
			     </if>
				 ORDER BY A.UPDT_DATE DESC
		 	)X
		<include refid="cmmn.include.pageFooter" />
	</select>

	<!-- 관리자 목록 총 건수 조회  -->
	<select id="selectMngrManageTotalCnt" parameterType="MngrManageVO" resultType="int">
		/* MngrManageDAO.selectMngrManageTotalCnt */
			SELECT  COUNT(A.MNGR_ID)
			  FROM SERTB_MNGR A
			 INNER JOIN SERTB_AUTH B ON A.MNGR_GRAD = B.AUTH_CD
			 WHERE 1=1
			 <if test='searchFromDt != null and searchFromDt != "" and searchToDt != null and searchToDt != ""'>
		  		AND A.ISRT_DATE BETWEEN TO_DATE(CONCAT(REPLACE(#{searchFromDt}, '-', ''), '000000'),'YYYYMMDDHH24MISS') AND TO_DATE(CONCAT(REPLACE(#{searchToDt}, '-', ''), '235959'),'YYYYMMDDHH24MISS')
		     </if>
		     <if test='searchType == "1"'>
		     	AND A.MNGR_NM LIKE '%'||#{searchText}||'%'
		     </if>
		     <if test='searchType == "2"'>
		     	AND A.MNGR_ID LIKE '%'||#{searchText}||'%'
		     </if>
		     <if test='searchType == null and searchType == ""'>
		  		AND A.MNGR_NM LIKE '%'||#{searchText}||'%' OR A.MNGR_ID LIKE '%'||#{searchText}||'%'
		     </if>
			 ORDER BY A.UPDT_DATE DESC
	</select>
	
	<!-- 관리자 조회 -->
	<select id="selectMngrManage" parameterType="MngrManageVO" resultType="MngrManageVO">
		<![CDATA[
		/* MngrManageDAO.selectMngrManage */
		SELECT A.MNGR_ID
		     , A.MNGR_PWD
		     , A.MNGR_NM
		     , CRYPTIT_TYPE2.DECRYPT(A.MNGR_EMAIL) AS MNGR_EMAIL
		     , A.HANDPHONE1
		     , CRYPTIT_TYPE2.DECRYPT(A.HANDPHONE2) AS HANDPHONE2
		     , A.HANDPHONE3
		     , A.MNGR_GRAD
		     , A.MNGR_JOB
		     , A.MEMO
		     , A.USE_AT
		     , A.ISRT_ID
			 , TO_CHAR(A.ISRT_DATE,'YYYY-MM-DD') AS ISRT_DATE
			 , A.UPDT_ID
			 , TO_CHAR(A.UPDT_DATE,'YYYY-MM-DD') AS UPDT_DATE
		  FROM SERTB_MNGR A
		 WHERE A.MNGR_ID = #{mngrId}
		]]>
	</select>
	
	<!-- 관리자  등급 목록 조회 -->
	<select id="selectMngrManageGradList" parameterType="MngrManageVO" resultType="MngrManageVO">
		<![CDATA[
		/* MngrManageDAO.selectMngrManageGradList */
		SELECT AUTH_CD		AS GRAD_CD
		     , AUTH_NM		AS GRAD_NM
		  FROM SERTB_AUTH
		 WHERE AUTH_CD LIKE '%_ADMIN%' 
		   AND USE_AT = 'Y'
		]]>
	</select>
	
	<!-- 관리자 중복 조회 -->
	<select id="selectMngrIdCo" parameterType="MngrManageVO" resultType="int">
		<![CDATA[
		/* MngrManageDAO.selectMngrIdCo */
		SELECT COUNT(A.MNGR_ID) AS MNGR_ID_CO
		  FROM SERTB_MNGR A
		 WHERE A.MNGR_ID = #{mngrId}
		]]>
	</select>
	
	<!-- 비밀번호 일치 조회 -->
	<select id="searchMngrPwChk" parameterType="MngrManageVO" resultType="int">
		<![CDATA[
		/* MngrManageDAO.searchMngrPwChk */
		SELECT COUNT(MNGR_ID)
		  FROM SERTB_MNGR
		 WHERE MNGR_ID = #{mngrId}
		 AND  MNGR_PWD = sha256(#{mngrPwd})
		]]>
	</select>
	
	<!-- 관리자 등록 -->
	<insert id="insertMngrManage" useGeneratedKeys="true" keyProperty="mngrSn" parameterType="MngrManageVO">
		/* MngrManageDAO.insertMngrManage */
		INSERT INTO SERTB_MNGR
		(
		   MNGR_ID
	     , MNGR_PWD
	     , MNGR_NM
	     , MNGR_EMAIL
	     , HANDPHONE1
	     , HANDPHONE2
	     , HANDPHONE3
	     , MNGR_GRAD
	     , MNGR_JOB
	     , MEMO
	     , USE_AT
	     , ISRT_ID
	     , ISRT_IP
		 , ISRT_DATE
		 , UPDT_ID
		 , UPDT_IP
		 , UPDT_DATE
		)
		VALUES
		(
		  #{mngrId}
		, sha256(#{mngrPwd})
		, #{mngrNm}
		, CRYPTIT_TYPE2.ENCRYPT(#{mngrEmail})
		, #{handphone1}                        
		, CRYPTIT_TYPE2.ENCRYPT(#{handphone2})
		, #{handphone3}
		, #{mngrGrad}
		, #{mngrJob}
		, #{memo}
		, 'Y'
		, #{seMngrId}
		, #{isrtIp}
		, SYSDATE
		, #{seMngrId}
		, #{updtIp}
		, SYSDATE
		)
	</insert>
	
	<!-- 기본정보 수정 -->
	<update id="updateMngrManage" parameterType="MngrManageVO">
		<![CDATA[
		/* MngrManageDAO.updateMngrManage */
		UPDATE SERTB_MNGR
		   SET MNGR_NM        = #{mngrNm}
		     , MNGR_EMAIL     = CRYPTIT_TYPE2.ENCRYPT(#{mngrEmail})
		     , HANDPHONE1     = #{handphone1}
		     , HANDPHONE2     = CRYPTIT_TYPE2.ENCRYPT(#{handphone2})
		     , HANDPHONE3     = #{handphone3}
		     , MNGR_JOB       = #{mngrJob}
		     , MNGR_GRAD      = #{mngrGrad}
		     , MEMO	     	  = #{memo}
		     , UPDT_ID        = #{seMngrId}
		     , UPDT_IP        = #{updtIp}
		     , UPDT_DATE        = SYSDATE
		 WHERE MNGR_ID        = #{mngrId}
		]]>
	</update>
	
	<!-- 비밀번호 수정 -->
	<update id="updateMngrManagePwd" parameterType="MngrManageVO">
		<![CDATA[
		/* MngrManageDAO.updateMngrManagePwd */
		UPDATE SERTB_MNGR
		   SET MNGR_PWD       = sha256(#{mngrPwd})
		     , UPDT_ID        = #{seMngrId}
		     , UPDT_IP        = #{updtIp}
		     , UPDT_DATE      = SYSDATE
		 WHERE MNGR_ID        = #{mngrId}
		]]>
	</update>
	
	<!-- 삭제 -->
	<update id="deleteMngrManage" parameterType="MngrManageVO">
		<![CDATA[
		/* MngrManageDAO.deleteMngrManage */
		UPDATE SERTB_MNGR
		  SET  USE_AT		  = 'N'
		  	 , UPDT_ID        = #{seMngrId}
		     , UPDT_IP        = #{updtIp}
		     , UPDT_DATE      = SYSDATE
		 WHERE MNGR_ID = #{mngrId}
		]]>
	</update>
	
	<!-- 관리자 권한 등록 -->
	<insert id="insertMngrManageAuth" parameterType="MngrManageVO">
		<![CDATA[
		/* MngrManageDAO.insertMngrManageAuth */
		INSERT INTO SERTB_MNGR_AUTH
		(
		  AUTH_CD
		, MNGR_ID
		, USE_AT
		, ISRT_ID
	    , ISRT_IP
		, ISRT_DATE
		, UPDT_ID
		, UPDT_IP
		, UPDT_DATE
		)
		VALUES
		(
		  #{mngrGrad}
		, #{mngrId}
		, 'Y'
		, #{isrtId}
		, #{isrtIp}
		, SYSDATE
		, #{seMngrId}
	    , #{updtIp}
	    , SYSDATE
		)
		]]>
	</insert>
	
	<!-- 관리자 권한 수정 -->
	<update id="updateMngrManageAuth" parameterType="MngrManageVO">
		<![CDATA[
		/* MngrManageDAO.updateMngrManageAuth */
		UPDATE SERTB_MNGR_AUTH 
		   SET AUTH_CD  	= #{mngrGrad}
			 , UPDT_ID      = #{seMngrId}
		     , UPDT_DATE    = SYSDATE
		 WHERE MNGR_ID 		= #{mngrId}
		]]>
	</update>

</mapper>
