<?xml version="1.0" encoding="UTF-8"?>
<!DOCTYPE mapper PUBLIC "-//mybatis.org//DTD Mapper 3.0//EN" "http://mybatis.org/dtd/mybatis-3-mapper.dtd">

<mapper namespace="com.plnc.mngr.queueMng.service.impl.QueueMngDAO">
	<!-- 대기열 목록 -->
	<select id="waitingList" resultType="com.plnc.mngr.queueMng.service.QueueMngVO">
		SELECT TB.FCLT_SEQ                                                                                       AS fcltSeq
			 , TB.FCLT_NM                                                                                        AS fcltNm
			 , REGEXP_SUBSTR(TA.D_START_TM, '[^:]+', 1, 1) || ':' || REGEXP_SUBSTR(TA.D_START_TM, '[^:]+', 1, 2) AS DStartTm
			 , REGEXP_SUBSTR(TA.D_END_TM, '[^:]+', 1, 1) || ':' || REGEXP_SUBSTR(TA.D_END_TM, '[^:]+', 1, 2)     AS DEndTm
			 , REGEXP_SUBSTR(TA.E_START_TM, '[^:]+', 1, 1) || ':' || REGEXP_SUBSTR(TA.E_START_TM, '[^:]+', 1, 2) AS EStartTm
			 , REGEXP_SUBSTR(TA.E_END_TM, '[^:]+', 1, 1) || ':' || REGEXP_SUBSTR(TA.E_END_TM, '[^:]+', 1, 2)     AS EEndTm
			 , TA.STATUS                                                                                         AS status
			 , TA.WAITING_TM                                                                                     AS waitingTm
		FROM SERTB_FCLT_WAITING TA,
			 SERTB_FCLT TB
		WHERE TA.FCLT_SEQ = TB.FCLT_SEQ AND TB.DEL_YN IN ('N')
	</select>

	<!-- 대기열 목록 갱신 -->
	<update id="updateWaitingList" parameterType="java.util.Map">
		UPDATE SERTB_FCLT_WAITING
		<choose>
			<when test="type == 'status'">
			SET STATUS = #{val}
				, WAITING_TM = 10
			</when>
			<otherwise>
			SET WAITING_TM = #{val}
			</otherwise>
		</choose>
		WHERE FCLT_SEQ = #{idx}
		<if test="type == 'waiting'">
			AND STATUS IN ('2')
		</if>
	</update>

	<!-- 대기열 운영시간 갱신 -->
	<update id="updateOpTime" parameterType="java.util.Map">
		UPDATE SERTB_FCLT_WAITING
		SET D_START_TM = #{ds}
		  , D_END_TM   = #{de}
		  , E_START_TM = #{es}
		  , E_END_TM   = #{ee}
		WHERE FCLT_SEQ = #{idx}
	</update>
</mapper>
