<?xml version="1.0" encoding="UTF-8"?>
<!DOCTYPE mapper PUBLIC "-//mybatis.org//DTD Mapper 3.0//EN" "http://mybatis.org/dtd/mybatis-3-mapper.dtd">

<mapper namespace="com.plnc.mngr.tckMng.service.impl.TckMngDAO">

<!-- PrdMngSql -->

	<!-- 티켓 분류 목록 건수 -->
	<select id="searchTckMngListCnt" resultType="java.lang.Integer">
		/* TckMngDAO.searchTckMngListCnt */
		SELECT COUNT(TICKET_GRP_SEQ)
		  FROM (	   SELECT 
					   TICKET_GRP_NM
					 , TICKET_GRP_SEQ
				  FROM SERTB_TICKET_GRP 
				 WHERE 1=1
		 <if test='startDate != null and startDate != ""'>
			<if test='endDate != null and endDate != ""'>
				AND ISRT_DATE BETWEEN TO_DATE(#{startDate} || ' 00:00:00', 'YYYY-MM-DD HH24:MI:SS') AND TO_DATE(#{endDate} || ' 23:59:59', 'YYYY-MM-DD HH24:MI:SS')
			</if>
		</if>
		<if test='fcltClass != null and fcltClass != ""'>
			AND FCLT_CLASS = #{fcltClass}
		</if>
		<if test='fcltItem != null and fcltItem != ""'>
			AND FCLT_SEQ = #{fcltItem}
		</if>
		<if test='ticketGrpNm != null and ticketGrpNm != ""'>
			AND TICKET_GRP_NM LIKE '%'||#{ticketGrpNm}||'%'
		</if>
		) TMP
		WHERE TICKET_GRP_SEQ IS NOT NULL
	</select>
	
	<!-- 티켓 분류 목록 조회 -->
	<select id="searchTckMngList" resultType="java.util.HashMap">
	/* TckMngDAO.searchTckMngList */
		<include refid="cmmn.include.pageHeader" />
		SELECT ROW_NUMBER() OVER(ORDER BY ISRT_DATE DESC) NO, TMP.*
		  FROM (	   SELECT 
					   TICKET_GRP_NM
					 , TICKET_GRP_SEQ
					 , CASE
						   WHEN (MENU_CLASS = '0') THEN '단일상품'
				           WHEN (MENU_CLASS = '1') THEN '패키지상품'
				   	       ELSE ' '
				       END     											   AS MENU_CLASS
					 , CASE
						   WHEN (WEEK_FLAG = 'A') THEN '주중/주말'
				           WHEN (WEEK_FLAG = 'D') THEN '주중'
				           WHEN (WEEK_FLAG = 'E') THEN '주말'
				   	       ELSE ' '
				       END     											   AS WEEK_FLAG
				     , TICKET_LIMIT_CNT
					 , getFcltClsNm(FCLT_CLASS) as FCLT_CLASS_NM
					 , getFcltNm(FCLT_SEQ) as FCLT_NM
					 , FCLT_CLASS
					 , FCLT_SEQ
					 , ISRT_ID
					 , TO_CHAR(ISRT_DATE, 'YYYY-MM-DD HH24:MI') AS ISRT_DATE
					 , UPDT_ID
					 , TO_CHAR(UPDT_DATE, 'YYYY-MM-DD HH24:MI') AS UPDT_DATE
				  FROM SERTB_TICKET_GRP 
				 WHERE 1=1
		 <if test='startDate != null and startDate != ""'>
			<if test='endDate != null and endDate != ""'>
				AND ISRT_DATE BETWEEN TO_DATE(#{startDate} || ' 00:00:00', 'YYYY-MM-DD HH24:MI:SS') AND TO_DATE(#{endDate} || ' 23:59:59', 'YYYY-MM-DD HH24:MI:SS')
			</if>
		</if>
		<if test='fcltClass != null and fcltClass != ""'>
			AND FCLT_CLASS = #{fcltClass}
		</if>
		<if test='fcltItem != null and fcltItem != ""'>
			AND FCLT_SEQ = #{fcltItem}
		</if>
		<if test='ticketGrpNm != null and ticketGrpNm != ""'>
			AND TICKET_GRP_NM LIKE '%'||#{ticketGrpNm}||'%'
		</if>
		) TMP
		WHERE TICKET_GRP_SEQ IS NOT NULL
		<include refid="cmmn.include.pageFooter" />
	</select>
	
	<!-- 티켓 분류 수정 목록 조회 -->
	<select id="searchTckList" resultType="java.util.HashMap">
	/* TckMngDAO.searchTckList */
		SELECT *
	      FROM (	   SELECT 
					   TICKET_GRP_NM
					 , TICKET_GRP_SEQ
					 , MENU_CLASS
					 , WEEK_FLAG
				     , TICKET_LIMIT_CNT
					 , getFcltClsNm(FCLT_CLASS) as FCLT_CLASS_NM
					 , getFcltNm(FCLT_SEQ) as FCLT_NM
					 , FCLT_CLASS
					 , FCLT_SEQ
				  FROM SERTB_TICKET_GRP 
				 WHERE 1=1
				 <if test='fcltSeq != null and fcltSeq != ""'>
				   	AND FCLT_CLASS = #{fcltClass}
				   	AND FCLT_SEQ = #{fcltSeq}
				 </if>
				    ) TMP
		 WHERE TICKET_GRP_SEQ IS NOT NULL
		   <choose>
			   <when test='fcltSeq != null and fcltSeq != ""'>
			   		AND FCLT_SEQ IS NOT NULL
			   </when>
			   <otherwise>
			   		AND FCLT_SEQ IS NULL
			   		AND TICKET_GRP_SEQ = #{ticketGrpSeq}
			   </otherwise>
		   </choose>
	</select>
	
		<!-- 티켓 분류 목록 수정 -->
	<update id="modifyTckMng" parameterType="com.plnc.mngr.tckMng.service.TckMngVO">
		MERGE INTO SERTB_TICKET_GRP
		USING DUAL
		ON (TICKET_GRP_SEQ = #{ticketGrpSeq})
		WHEN MATCHED THEN
			UPDATE 
			   SET TICKET_GRP_NM = #{ticketGrpNm}
			   	 , UPDT_ID = #{updtId}
			   	 , UPDT_DATE = SYSDATE
		WHEN NOT MATCHED THEN
			INSERT ( 
					TICKET_GRP_SEQ
				    , FCLT_CLASS
				    , FCLT_SEQ
				    , TICKET_GRP_NM
				    , ISRT_ID
				    , ISRT_DATE
				    , MENU_CLASS
				    , WEEK_FLAG
				    , TICKET_LIMIT_CNT
					)
			 VALUES (
			 		TICKET_GRP_SEQ_SEQ.NEXTVAL
			 		, #{fcltClass}
			 		, #{fcltSeq}
			 		, #{ticketGrpNm}
			 		, #{isrtId}
			 		, SYSDATE
			 		, #{menuClass}
			 		, #{weekFlag}
			 		, #{ticketLimitCnt}
			 		)
	</update>
	
	<!-- 티켓 분류 목록 등록 -->
	<insert id="registTckMng" parameterType="java.util.HashMap">
	/* TckMngDAO.registTckMng */
		INSERT INTO SERTB_MENU_GRP(
			MENU_GRP_SEQ
			,FCLT_CLASS
			,FCLT_SEQ
			,MENU_GRP_NM
			,MENU_GRP_DESC
			,DEL_YN
			,ISRT_ID
			,ISRT_DATE
		)
		VALUES(
			MENU_GRP_SEQ_SEQ.NEXTVAL
			,#{fcltClass}
			,#{fcltList}
			,#{prdName}
			,#{prdDesc}
			,'N'
			,#{isrtId}
			,SYSDATE
		)
	</insert>
	
	<!-- 티켓 분류 목록 삭제 -->
	<update id="deleteTckMng" parameterType="java.util.HashMap">
	/* TckMngDAO.deleteTckMng */
		UPDATE SERTB_MENU_GRP
		SET    DEL_YN = 'Y'
		WHERE  MENU_GRP_SEQ = #{menuGrpSeq}
	</update>
	


</mapper>
