<?xml version="1.0" encoding="UTF-8"?>
<!DOCTYPE mapper PUBLIC "-//mybatis.org//DTD Mapper 3.0//EN" "http://mybatis.org/dtd/mybatis-3-mapper.dtd">

<mapper namespace="com.plnc.mngr.pkgPrd.service.impl.PkgPrdDAO">

	<!-- 패키지 상품관리 목록 건수 -->
	<select id="searchPkgPrdListCnt" resultType="java.lang.Integer">
	/* PkgPrdDAO.searchPkgPrdListCnt */
		SELECT COUNT(MENU_PKG_SEQ)
		FROM SERTB_MENU_PKG
		WHERE 1 = 1
			AND DEL_YN = 'N'
		<if test='startDate !=null and startDate != ""'>
			<if test='endDate !=null and endDate != ""'>
				AND ISRT_DATE BETWEEN TO_DATE(#{startDate} || ' 00:00:00', 'YYYY-MM-DD HH24:MI:SS') AND TO_DATE(#{endDate} || ' 23:59:59', 'YYYY-MM-DD HH24:MI:SS')
			</if>
		</if>
		<!-- 판매구분 -->
		<if test='muOnoffKb !=null and muOnoffKb != ""'>
			AND MU_ONOFF_KB = #{muOnoffKb}
		</if>
		<!-- 판매처 -->
		<if test='muAgentCd != null and muAgentCd !=""'>
			AND MU_AGENT_CD = #{muAgentCd}
		</if>
		<!-- 패키지상품명 -->
		<if test='menuPkgNm !=null and menuPkgNm != ""'>
			AND MENU_PKG_NM LIKE '%'||#{menuPkgNm}||'%'
		</if>
	</select>

	<!-- 패키지 상품관리 목록 건수 -->
	<select id="searchPkgPrdListCnt_Bak" resultType="java.lang.Integer">
		/* PkgPrdDAO.searchPkgPrdListCnt */
		SELECT COUNT(TB.CD_CODE) AS CNT
		FROM P_MENU TA,
		SYCODE TB,
		(SELECT SALE_YN, M_MENU
		FROM SERTB_MENU_PKG_TICKET_PRICE
		WHERE MP_TICKET_CLASS IN ('AP', 'GP', 'RP')) TC
		WHERE TA.M_LOC = TB.CD_CODE
		AND TA.M_MENU = TC.M_MENU
		AND LENGTH(TA.M_MENU) = 5
		AND M_CLASS IN ('O2')
		AND M_TYPE IN ('M')
		<if test='startDate !=null and startDate != ""'>
			<if test='endDate !=null and endDate != ""'>
				AND TO_CHAR(TA.ISRT_DATE, 'YYYY-MM-DD') between #{startDate} and #{endDate}
			</if>
		</if>
		<!-- 판매구분 -->
		<if test='muOnoffKb !=null and muOnoffKb != ""'>
			AND TB.CD_AMT = #{muOnoffKb}
		</if>
		<!-- 판매처 -->
		<if test='muAgentCd != null and muAgentCd !=""'>
			AND TA.M_REF5 = #{muAgentCd}
		</if>
		<!-- 패키지상품명 -->
		<if test='menuPkgNm !=null and menuPkgNm != ""'>
			AND TA.M_DESC LIKE '%'||#{menuPkgNm}||'%'
		</if>
	</select>

	<!-- 패키지 상품관리 목록 조회 -->
	<select id="searchPkgPrdList" resultType="java.util.HashMap">
	/* PkgPrdDAO.searchPkgPrdList */
		<include refid="cmmn.include.pageHeader" />
		SELECT ROWNUM AS NO, TT.*
		  FROM (SELECT
			MENU_PKG_SEQ
			, MENU_PKG_NM
			, CASE
			WHEN (MU_ONOFF_KB = '1') THEN '온라인'
			WHEN (MU_ONOFF_KB = '2') THEN '오프라인'
			ELSE ' '
			END AS MU_ONOFF_KB
			, CASE
			WHEN (MU_AGENT_CD = '1') THEN 'POS'
			WHEN (MU_AGENT_CD = '2') THEN '인터넷판매대행'
			WHEN (MU_AGENT_CD = '3') THEN 'SER'
			ELSE ' '
			END AS MU_AGENT_CD
			, SL_CMT
			, LIMIT_DESC
			, ISRT_ID
			, TO_CHAR(ISRT_DATE, 'YYYY-MM-DD HH24:MI') AS ISRT_DATE
			, UPDT_ID
			, TO_CHAR(UPDT_DATE, 'YYYY-MM-DD HH24:MI') AS UPDT_DATE
			FROM SERTB_MENU_PKG
		WHERE 1 = 1
		AND DEL_YN = 'N'
		<if test='startDate !=null and startDate != ""'>
			<if test='endDate !=null and endDate != ""'>
				AND ISRT_DATE BETWEEN TO_DATE(#{startDate} || ' 00:00:00', 'YYYY-MM-DD HH24:MI:SS') AND TO_DATE(#{endDate} || ' 23:59:59', 'YYYY-MM-DD HH24:MI:SS')
			</if>
		</if>
		<!-- 판매구분 -->
		<if test='muOnoffKb !=null and muOnoffKb != ""'>
			AND MU_ONOFF_KB = #{muOnoffKb}
		</if>
		<!-- 판매처 -->
		<if test='muAgentCd != null and muAgentCd !=""'>
			AND MU_AGENT_CD = #{muAgentCd}
		</if>
		<!-- 패키지상품명 -->
		<if test='menuPkgNm !=null and menuPkgNm != ""'>
			AND MENU_PKG_NM LIKE '%'||#{menuPkgNm}||'%'
		</if>
					ORDER BY MENU_PKG_SEQ DESC)TT
		<include refid="cmmn.include.pageFooter" />
	</select>

	<!-- 패키지 상품관리 목록 조회 -->
	<select id="searchPkgPrdList_Bak" resultType="java.util.HashMap">
		/* PkgPrdDAO.searchPkgPrdList */
		<include refid="cmmn.include.pageHeader" />
		SELECT ROWNUM AS NO, TT.*
		FROM (SELECT
		TA.M_LOC,
		TA.M_MENU,
		TA.M_DESC,
		DECODE(NVL(TB.CD_AMT, '0'), '1', '인터넷판매', '현장판매') AS SALETYPE,
		CASE
		WHEN (TA.M_REF5 = 1) THEN 'POS'
		WHEN (TA.M_REF5 = 2) THEN '인터넷판매대행'
		WHEN (TA.M_REF5 = 3) THEN 'SER'
		ELSE ' '
		END                                           AS SALEPOINT,
		TA.ISRT_ID,
		TO_CHAR(TA.ISRT_DATE, 'YYYY-MM-DD HH24:MI') AS ISRT_DATE,
		TA.UPDT_ID,
		TO_CHAR(TA.UPDT_DATE, 'YYYY-MM-DD HH24:MI') AS UPDT_DATE,
		DECODE(NVL(TC.SALE_YN, 'N'), 'Y', '판매중', '종료')    AS STATUS,
		CASE
		WHEN M_REF3 = 'N' THEN 1
		WHEN M_REF3 = 'G' THEN 2
		WHEN M_REF3 = 'R' THEN 3
		ELSE 4
		END                                           AS GRADESORT
		FROM P_MENU TA,
		SYCODE TB,
		(SELECT SALE_YN, M_MENU
		FROM SERTB_MENU_PKG_TICKET_PRICE
		WHERE MP_TICKET_CLASS IN ('AP', 'GP', 'RP')) TC
		WHERE TA.M_LOC = TB.CD_CODE
		AND TA.M_MENU = TC.M_MENU
		AND LENGTH(TA.M_MENU) = 5
		AND M_CLASS IN ('O2')
		AND M_TYPE IN ('M')
		<if test='startDate !=null and startDate != ""'>
			<if test='endDate !=null and endDate != ""'>
				AND TO_CHAR(TA.ISRT_DATE, 'YYYY-MM-DD') between #{startDate} and #{endDate}
			</if>
		</if>
		<!-- 판매구분 -->
		<if test='muOnoffKb !=null and muOnoffKb != ""'>
			AND TB.CD_AMT = #{muOnoffKb}
		</if>
		<!-- 판매처 -->
		<if test='muAgentCd != null and muAgentCd !=""'>
			AND TA.M_REF5 = #{muAgentCd}
		</if>
		<!-- 패키지상품명 -->
		<if test='menuPkgNm !=null and menuPkgNm != ""'>
			AND TA.M_DESC LIKE '%'||#{menuPkgNm}||'%'
		</if>
		ORDER BY TA.M_LOC, TA.M_GROUP, GRADESORT )TT
		<include refid="cmmn.include.pageFooter" />
	</select>
	
	<!-- 패키지 상품관리 단건 조회 -->
	<select id="searchPkgPrd" resultType="java.util.HashMap">
		/* PkgPrdDAO.searchPkgPrd */
			SELECT 
				   TA.M_LOC,
				   TA.M_MENU,
				   TA.M_DESC,
		           TB.CD_AMT,
                   TA.M_REF5,
                   SF.SL_CMT,
                   SF.LIMIT_DESC
        	 FROM P_MENU TA,
          		  SYCODE TB,
          		  (SELECT SALE_YN, M_MENU
          			 FROM SERTB_MENU_PKG_TICKET_PRICE
           			WHERE MP_TICKET_CLASS IN ('AP', 'GP', 'RP')) TC,
           		   SERTB_FCLT SF,
		      	   P_PLACE PP,
		      	   P_GROUP PG
     	     WHERE TA.M_LOC = TB.CD_CODE
       		   AND TA.M_MENU = TC.M_MENU
       		   AND PG.GR_LOC = PP.PL_OUTLET_CD
	      	   AND PG.GR_CODE = TA.M_GROUP
	      	   AND PP.PL_CODE = SF.FCLT_SEQ
       		   AND LENGTH(TA.M_MENU) = 5
       		   AND TA.M_CLASS = 'O2'
      		   AND TA.M_TYPE = 'M'
      		   AND TA.M_LOC = #{mLoc}
       		   AND TA.M_MENU = #{mMenu}
	</select>  
	
	<!-- 패키지 상품관리 등록 -->
	<insert id="registPkgPrd" parameterType="java.util.HashMap">
	/* PkgPrdDAO.registPkgPrd */
		INSERT INTO SERTB_MENU_PKG
		(    MENU_PKG_SEQ
		    ,MENU_PKG_NM
		    ,MU_ONOFF_KB
		    ,MU_AGENT_CD
		    ,SL_CMT
		    ,LIMIT_DESC
		    ,DEL_YN
		    ,ISRT_ID
		    ,ISRT_DATE)
		VALUES
		(   MENU_PKG_SEQ_SEQ.NEXTVAL
		    , #{pkg_prdnm}
		    , #{pkg_onoff}
		    , #{pkg_agent}
		    , #{pkg_slcmt}
		    , #{pkg_desc} 
		    , default
		    , #{isrt_id}
		    , SYSDATE
		)
	</insert>
	
	<!-- 패키지 상품관리 수정 -->
	<update id="modifyPkgPrd" parameterType="java.util.HashMap">
		/* PkgPrdDAO.modifyPkgPrd */
		UPDATE SERTB_MENU_PKG
		SET
		    MENU_PKG_NM  = #{pkg_prdnm}
		    ,MU_ONOFF_KB = #{pkg_onoff} 
		    ,MU_AGENT_CD = #{pkg_agent} 
		    ,SL_CMT      = #{pkg_slcmt}
		    ,LIMIT_DESC  = #{pkg_desc}
		    ,UPDT_ID     = #{updt_id}
		    ,UPDT_DATE   = SYSDATE
	  WHERE MENU_PKG_SEQ = #{pkg_seq}
	</update>
	
	<!-- MENU_PKG_SEQ_SEQ 시퀀스 채번 -->
	<select id="getPkgPrdSequence"  resultType="string">
		/* PkgPrdDAO.getPkgPrdSequence */
		SELECT MENU_PKG_SEQ_SEQ.NEXTVAL FROM DUAL
	</select>
	<!-- MENU_PKG_DTL_SEQ_SEQ 시퀀스 채번 -->
	<select id="getPkgPrdDtlSequence"  resultType="string">
		/* PkgPrdDAO.getPkgPrdDtlSequence */
		SELECT MENU_PKG_DTL_SEQ_SEQ.NEXTVAL FROM DUAL
	</select>
	<!-- 시설관리 목록 등록 -->
	<insert id="insertPkgPrd" parameterType="java.util.HashMap">
		/* PkgPrdDAO.insertPkgPrd */
		INSERT INTO SERTB_MENU_PKG(
			MENU_PKG_SEQ
			, MENU_PKG_NM
			, MU_ONOFF_KB
			, MU_AGENT_CD
			, SL_CMT
			, LIMIT_DESC
			, DEL_YN
			, ISRT_ID
			, ISRT_DATE
		) VALUES (
			#{fcltSequence}
			, #{fcltNm}
			, #{muOnoffKb}
			, #{muAgentCd}
			, #{slCmt}
			, #{limitDesc}
			, 'N'
			, #{isrtId}
			, SYSDATE
		)
	</insert>
	<!-- 시설관리 목록 등록 -->
	<insert id="insertPkgPrdDtl" parameterType="java.util.HashMap">
		/* PkgPrdDAO.insertPkgPrdDtl */
		INSERT INTO SERTB_MENU_PKG_DTL(
			MENU_PKG_DTL_SEQ
			, MENU_PKG_SEQ
			, DTL_MENU
			, DTL_DESC
			, DTL_ORDR
			, DEL_YN
			, ISRT_ID
			, ISRT_IP
			, ISRT_DATE
			, IMG_YN
		) VALUES (
			#{fcltDtlSeq}
			, #{fcltSeq}
			, #{dtlMenu}
			, #{dtlDesc}
			, #{dtlOrdr}
			, 'N'
			, #{isrtId}
			, #{isrtIp}
			, SYSDATE
			, #{imgYn}
		)
	</insert>
	<!-- 수정할 패키지상품 조회 -->
	<select id="selectPkgPrd" resultType="java.util.HashMap">
		/* PkgPrdDAO.selectPkgPrd */
		SELECT
			PKG.MENU_PKG_SEQ
			 , MIN(PKG.MENU_PKG_NM) AS MENU_PKG_NM
			 , MIN(PKG.MU_ONOFF_KB) AS MU_ONOFF_KB
			 , MIN(PKG.MU_AGENT_CD) AS MU_AGENT_CD
			 , MIN(PKG.SL_CMT) AS SL_CMT
			 , MIN(PKG.LIMIT_DESC) AS LIMIT_DESC
			 , CASE WHEN SUM(CASE WHEN PTK.MENU_PKG_SEQ IS NULL THEN 0 ELSE 1 END) > 0 THEN 'N' ELSE 'Y' END AS DEL_ENABLE_YN
		FROM SERTB_MENU_PKG PKG
		LEFT JOIN SERTB_MENU_PKG_TICKET PTK
			ON PKG.MENU_PKG_SEQ = PTK.MENU_PKG_SEQ
		WHERE PKG.MENU_PKG_SEQ = #{fcltSeq}
		GROUP BY PKG.MENU_PKG_SEQ
	</select>
	<!-- 수정할 패키지상품 상세 조회 -->
	<select id="listPkgPrdDtl" resultType="java.util.HashMap">
		/* PkgPrdDAO.listPkgPrdDtl */
		SELECT
			MENU_PKG_DTL_SEQ
			 , MENU_PKG_SEQ
			 , DTL_MENU
			 , CASE WHEN CEIL(LENGTH(DTL_DESC)/3000) >= 1 THEN DBMS_LOB.SUBSTR(DTL_DESC, 3000, 1) ELSE NULL END DTL_DESC_1
			 , CASE WHEN CEIL(LENGTH(DTL_DESC)/3000) >= 2 THEN DBMS_LOB.SUBSTR(DTL_DESC, 3000, 3001) ELSE NULL END DTL_DESC_2
			 , CASE WHEN CEIL(LENGTH(DTL_DESC)/3000) >= 3 THEN DBMS_LOB.SUBSTR(DTL_DESC, 3000, 6001) ELSE NULL END DTL_DESC_3
			 , CASE WHEN CEIL(LENGTH(DTL_DESC)/3000) >= 4 THEN DBMS_LOB.SUBSTR(DTL_DESC, 3000, 9001) ELSE NULL END DTL_DESC_4
			 , CASE WHEN CEIL(LENGTH(DTL_DESC)/3000) >= 5 THEN DBMS_LOB.SUBSTR(DTL_DESC, 3000, 12001) ELSE NULL END DTL_DESC_5
			 , CASE WHEN CEIL(LENGTH(DTL_DESC)/3000) >= 6 THEN DBMS_LOB.SUBSTR(DTL_DESC, 3000, 15001) ELSE NULL END DTL_DESC_6
			 , CASE WHEN CEIL(LENGTH(DTL_DESC)/3000) >= 7 THEN DBMS_LOB.SUBSTR(DTL_DESC, 3000, 18001) ELSE NULL END DTL_DESC_7
			 , DTL_ORDR
			 , DEL_YN
			 , IMG_YN
		FROM SERTB_MENU_PKG_DTL
		WHERE MENU_PKG_SEQ = #{fcltSeq}
		  AND DEL_YN = 'N'
		ORDER BY DTL_ORDR
	</select>
	<!-- 전체 패키지상품 상세 조회 -->
	<select id="listTotalPkgPrdDtl" resultType="java.util.HashMap">
		/* PkgPrdDAO.listPkgPrdDtl */
		SELECT
			TO_CHAR(MENU_PKG_DTL_SEQ) AS MENU_PKG_DTL_SEQ
			 , TO_CHAR(MENU_PKG_SEQ) AS MENU_PKG_SEQ
			 , DTL_MENU
			 , DTL_ORDR
			 , DEL_YN
			 , IMG_YN
		FROM SERTB_MENU_PKG_DTL
		WHERE MENU_PKG_SEQ = #{fcltSeq}
		ORDER BY DTL_ORDR
	</select>
	<!-- 패키지상품 업데이트 -->
	<update id="updatePkgPrd" parameterType="java.util.HashMap">
		/* PkgPrdDAO.updatePkgPrd */
		UPDATE SERTB_MENU_PKG SET MENU_PKG_NM = #{fcltNm}, SL_CMT = #{slCmt}, LIMIT_DESC = #{limitDesc}, UPDT_ID = #{updtId}, UPDT_DATE = SYSDATE
		WHERE MENU_PKG_SEQ = #{fcltSeq}
	</update>
	<!-- 상세메뉴 삭제 -->
	<update id="deletePkgPrdDtl" parameterType="java.util.HashMap">
		/* PkgPrdDAO.deletePkgPrdDtl */
		UPDATE SERTB_MENU_PKG_DTL SET DEL_YN = 'Y', UPDT_ID = #{updtId}, UPDT_IP = #{updtIp}, UPDT_DATE = SYSDATE
		WHERE MENU_PKG_DTL_SEQ = #{fcltDtlSeq}
	</update>
	<!-- 상세메뉴 업데이트 -->
	<update id="updatePkgPrdDtl" parameterType="java.util.HashMap">
		/* PkgPrdDAO.updatePkgPrdDtl */
		UPDATE SERTB_MENU_PKG_DTL
		SET DTL_MENU = #{dtlMenu}, DTL_DESC = #{dtlDesc}, UPDT_ID = #{updtId}, UPDT_IP = #{updtIp}, UPDT_DATE = SYSDATE, IMG_YN = #{imgYn}
		WHERE MENU_PKG_DTL_SEQ = #{fcltDtlSeq}
	</update>
	<!-- 시설관리 삭제 -->
	<update id="deletePkgPrd" parameterType="java.util.HashMap">
		/* PkgPrdDAO.deletePkgPrd */
		UPDATE SERTB_MENU_PKG
		SET DEL_YN = 'Y', UPDT_ID = #{updtId}, UPDT_DATE = SYSDATE
		WHERE MENU_PKG_SEQ = #{fcltSeq}
	</update>
</mapper>
