<?xml version="1.0" encoding="UTF-8"?>
<!DOCTYPE mapper PUBLIC "-//mybatis.org//DTD Mapper 3.0//EN" "http://mybatis.org/dtd/mybatis-3-mapper.dtd">

<mapper namespace="com.plnc.mngr.prdMng.service.impl.PrdMngDAO">

<!-- PrdMngSql -->
<!-- 	<select id="searchGrpPrdCnt" resultType="java.lang.Integer"> -->
<!-- 		/* mngr-prd-sql.searchGrpPrdCnt */ -->
<!-- 		SELECT COUNT(MENU_GRP_SEQ) AS CNT -->
<!-- 		FROM   SERTB_MENU_GRP -->
<!-- 		WHERE  DEL_YN != 'Y' -->
<!-- 	</select> -->
	
<!-- 	<select id="searchPrdMngList" resultType="java.util.HashMap"> -->
<!-- 	/* mngr-prd-sql.searchPrdMngList */ -->
<!-- 		<include refid="cmmn.include.pageHeader" /> -->
<!-- 		SELECT -->
<!-- 			ROWNUM as no -->
<!-- 		    ,MENU_GRP_SEQ -->
<!-- 			,FCLT_CLASS -->
<!-- 			,FCLT_SEQ -->
<!-- 			,MENU_GRP_NM -->
<!-- 			,MENU_GRP_DESC -->
<!-- 			,DEL_YN -->
<!-- 			,ISRT_ID -->
<!-- 			,ISRT_DATE -->
<!-- 			,UPDT_ID -->
<!-- 			,UPDT_DATE -->
<!-- 		FROM  SERTB_MENU_GRP -->
<!-- 		WHERE DEL_YN != 'Y' -->
<!-- 		<include refid="cmmn.include.pageFooter" /> -->
<!-- 	</select> -->

		<select id="selectsngPrdTckCnt" resultType="java.lang.Integer">
			SELECT COUNT(MU_TICKET_SEQ) AS CNT
	 		FROM   SERTB_MENU_UNIT_TICKET
	 	</select>

		<select id="selectsngPrdTckList" resultType="java.util.HashMap">
			<include refid="cmmn.include.pageHeader" />
			SELECT
				ROWNUM as no
				,MU_TICKET_SEQ
				,MU_TICKET_NM
				,FCLT_SEQ
				,FCLT_CLASS
				,ISRT_ID
				,ISRT_DATE
				,UPDT_ID
				,UPDT_DATE
			FROM
				SERTB_MENU_UNIT_TICKET			
			<include refid="cmmn.include.pageFooter" />
		</select>

		<select id="selectsngPrdTckDetail" resultType="java.util.HashMap">
			<include refid="cmmn.include.pageHeader" />
			SELECT 
				A.MU_TICKET_SEQ 
				,A.FCLT_CLASS 
				,A.FCLT_SEQ 
				,A.MENU_GRP_SEQ
				,A.MENU_UNIT_SEQ
				,A.TICKET_GRP_SEQ 
				,A.MU_TICKET_NM 
				,A.MU_TICKET_SHORT_NM 
				,A.MU_TICKET_START 
				,A.MU_TICKET_END
				,A.TICKET_LIMIT_CNT 
				,A.WEEK_FLAG 
				,A.ISRT_ID 
				,A.ISRT_DATE
				,A.UPDT_ID 
				,A.UPDT_DATE
				,B.MU_TICKET_CLASS 
				,B.TICKET_TYPE 
				,B.SALE_YN 
				,B.SALE_AMT 
				,B.TAX_YN 
				,B.TAX_RATE 
				,B.TAX_AMT 
				,B.IND_TAX_YN 
				,B.IND_TAX_RATE 
				,B.IND_TAX_AMT 
				,B.EDU_TAX_YN 
				,B.EDU_TAX_RATE 
				,B.EDU_TAX_AMT 
				,B.AGR_FSH_TAX_YN 
				,B.AGR_FSH_TAX_RATE 
				,B.AGR_FSH_TAX_AMT 
				,B.FUND_TAX_YN 
				,B.FUND_TAX_RATE 
				,B.FUND_TAX_AMT
			FROM 
				SERTB_MENU_UNIT_TICKET A JOIN SERTB_MENU_UNIT_TICKET_PRICE B
			ON 
				A.MU_TICKET_SEQ = B.MU_TICKET_SEQ 
			<include refid="cmmn.include.pageFooter" />
		</select>
	
<!-- 	<select id="selectPrdMngDetail" resultType="java.util.HashMap"> -->
<!-- 	/* mngr-prd-sql.selectPrdMngDetail */ -->
<!-- 		SELECT -->
<!-- 		    MENU_GRP_SEQ -->
<!-- 			,FCLT_CLASS -->
<!-- 			,FCLT_SEQ -->
<!-- 			,MENU_GRP_NM -->
<!-- 			,MENU_GRP_DESC -->
<!-- 			,DEL_YN -->
<!-- 			,ISRT_ID -->
<!-- 			,ISRT_DATE -->
<!-- 			,UPDT_ID -->
<!-- 			,UPDT_DATE -->
<!-- 		FROM -->
<!-- 		    SERTB_MENU_GRP -->
<!-- 		WHERE 1=1 -->
<!-- 		<if test='menu_grp_seq != null and menu_grp_seq != ""'> -->
<!-- 			AND MENU_GRP_SEQ = #{menu_grp_seq} -->
<!-- 		</if> -->
<!-- 	</select> -->
	
<!-- 	<insert id="registMenuGrp" parameterType="java.util.HashMap"> -->
<!-- 		INSERT INTO SERTB_MENU_GRP( -->
<!-- 			MENU_GRP_SEQ -->
<!-- 			,FCLT_CLASS -->
<!-- 			,FCLT_SEQ -->
<!-- 			,MENU_GRP_NM -->
<!-- 			,MENU_GRP_DESC -->
<!-- 			,DEL_YN -->
<!-- 			,ISRT_ID -->
<!-- 			,ISRT_DATE -->
<!-- 		) -->
<!-- 		VALUES( -->
<!-- 			MENU_GRP_SEQ_SEQ.NEXTVAL -->
<!-- 			,#{fclt_class} -->
<!-- 			,#{fclt_list} -->
<!-- 			,#{prd_name} -->
<!-- 			,#{prd_desc} -->
<!-- 			,'N' -->
<!-- 			,#{isrt_id} -->
<!-- 			,SYSDATE -->
<!-- 		) -->
<!-- 	</insert> -->
	
<!-- 	<update id="modifyMenuGrp" parameterType="java.util.HashMap"> -->
<!-- 	/* mngr-prd-sql.modifyPrdMng */ -->
<!-- 		UPDATE SERTB_MENU_GRP -->
<!-- 		SET -->
<!-- 			MENU_GRP_NM = #{menu_grp_nm} -->
<!-- 			MENU_GRP_DESC = #{menu_grp_desc} -->
<!-- 		WHERE MENU_GRP_SEQ = #{menu_grp_seq} -->
<!-- 	</update> -->
	
<!-- 	<delete id="deletePrdMng" parameterType="java.util.HashMap"> -->
<!-- 	/* mngr-prd-sql.deletePrdMng */ -->
<!-- 		DELETE SERTB_MENU_GRP WHERE MENU_GRP_SEQ = #{menu_grp_seq} -->
<!-- 	</delete> -->
	


</mapper>
