<?xml version="1.0" encoding="UTF-8"?>
<!DOCTYPE mapper PUBLIC "-//mybatis.org//DTD Mapper 3.0//EN" "http://mybatis.org/dtd/mybatis-3-mapper.dtd">

<mapper namespace="com.plnc.mngr.answer.service.impl.AnswerDAO">

	<!-- 1:1 문의 답변목록 -->
	<select id="selectAnswerList" parameterType="AnswerVO" resultType="AnswerVO">
		<include refid="cmmn.include.pageHeader" />
		/* AnswerDAO.selectAnswerList */
			SELECT ROWNUM as no
		    	 , X.ID
			     , X.INQRY_SN
			     , X.INQRY_SE
			     , X.INQRY_SE_NM
			     , X.INQRY_SJ
			     , X.INQRY_CN
			     , X.UPDT_ID
			     , X.KNAME
			     , X.ISRT_ID
			     , X.ISRT_DATE
			     , X.ANSWER_ISRT_DATE
			     , X.UPDT_DATE 
			     , X.ANSWER_AT
			     , X.INQRY_MNGR_NM
			     , X.MNGR_NM
			     , X.USE_AT
			FROM (
			    SELECT ROWNUM as no
			    	 , A.ID
				     , A.INQRY_SN
				     , A.INQRY_SE
				     , CD.CL_NM AS INQRY_SE_NM
				     , A.INQRY_SJ
				     , A.INQRY_CN
				     , A.UPDT_ID
				     , C.KNAME
				     , A.ISRT_ID
					 , TO_CHAR(A.ISRT_DATE,'YYYY-MM-DD') AS ISRT_DATE
					 , TO_CHAR(B.ISRT_DATE,'YYYY-MM-DD') AS ANSWER_ISRT_DATE
					 , TO_CHAR(A.UPDT_DATE,'YYYY-MM-DD') AS UPDT_DATE
				     , CASE WHEN B.MNGR_ID IS NULL
				            THEN '미답변'
				            ELSE '답변완료'
				        END AS ANSWER_AT
				     , A.USE_AT
				     , D.INQRY_MNGR_NM
				     , MNGR.MNGR_NM
				FROM SERTB_INQRY A
				LEFT JOIN SERTB_ANSWER B ON A.INQRY_SN = B.INQRY_SN
				AND  A.ID = B.ID
				INNER JOIN TB_WMEM C
				ON A.ID = C.ID
				INNER JOIN SERTB_CL_CD CD
				ON CD.CL_GRP = 'INQSE' 
				AND A.INQRY_SE = CD.CL_CD
				LEFT OUTER JOIN SERTB_INQRY_MNGR D
				ON D.INQRY_SE = A.INQRY_SE
				LEFT JOIN SERTB_MNGR MNGR
                ON MNGR.MNGR_ID = B.MNGR_ID
				WHERE 1=1
				<if test='searchAnswerAt == "Y"'>
					AND B.MNGR_ID IS NOT NULL
				</if>
				<if test='searchAnswerAt == "N"'>
					AND B.MNGR_ID IS NULL
				</if>
				<if test='searchId != null and searchId != ""'>
					AND A.ID	=	#{searchId}
				</if>
				<if test='searchKname != null and searchKname != ""'>
					AND C.KNAME	=	#{searchKname}
				</if>
				<if test='searchInqrySe != null and searchInqrySe != ""'>
					AND A.INQRY_SE	=	#{searchInqrySe}
				</if>
				<if test='searchFromDt != null and searchFromDt != "" and searchToDt != null and searchToDt != ""'>
			  		AND A.ISRT_DATE BETWEEN TO_DATE(CONCAT(REPLACE(#{searchFromDt}, '-', ''), '000000'),'YYYYMMDDHH24MISS') AND TO_DATE(CONCAT(REPLACE(#{searchToDt}, '-', ''), '235959'),'YYYYMMDDHH24MISS')
			     </if>
			     <if test='searchType == "1"'>
			     	AND A.INQRY_SJ LIKE '%'||#{searchText}||'%'
			     </if>
			     <if test='searchType == "2"'>
			     	AND A.INQRY_CN LIKE '%'||#{searchText}||'%'
			     </if>
			     <if test='searchType == "0"'>
			  		AND (A.INQRY_SJ LIKE '%'||#{searchText}||'%' OR A.INQRY_CN LIKE '%'||#{searchText}||'%')
			     </if>
			     ORDER BY A.ISRT_DATE DESC
			)X
		<include refid="cmmn.include.pageFooter" />
	</select>

	<!-- 문의 조회 -->
	<select id="selectMngrInqury" parameterType="AnswerVO" resultType="AnswerVO">
		<![CDATA[
		/* AnswerDAO.selectMngrInqury */
		SELECT A.ID
			,  A.INQRY_SN
			,  A.INQRY_SE
			,  A.INQRY_SJ
			,  CD.CL_NM AS INQRY_SE_NM
			,  C.KNAME
			,  C.HANDPHONE1
			,  CRYPTIT_TYPE2.DECRYPT(C.HANDPHONE2) AS HANDPHONE2
			,  C.HANDPHONE3
			,  TO_CHAR(A.ISRT_DATE,'YYYY-MM-DD') AS ISRT_DATE
			,  A.INQRY_CN
		FROM SERTB_INQRY A
		INNER JOIN TB_WMEM C
			ON A.ID = C.ID
		INNER JOIN SERTB_CL_CD CD
			ON CD.CL_GRP = 'INQSE' 
			AND A.INQRY_SE = CD.CL_CD
		WHERE 1=1
		AND A.ID = #{id}
		AND A.INQRY_SN = #{inqrySn}
		]]>
	</select>
	
	<!-- 답변 조회 -->
	<select id="selectMngrAnswer" parameterType="AnswerVO" resultType="AnswerVO">
		<![CDATA[
		/* AnswerDAO.selectMngrAnswer */
		SELECT A.ID
			 , A.INQRY_SN
			 , A.ANSWER_SJ
			 , B.MNGR_NM
			 , TO_CHAR(A.ISRT_DATE,'YYYY-MM-DD') AS ISRT_DATE
			 , A.ANSWER_CN
		  FROM SERTB_ANSWER A
		  INNER JOIN SERTB_MNGR B
		  ON A.MNGR_ID = B.MNGR_ID
		 WHERE A.ID = #{id}
		   AND A.INQRY_SN = #{inqrySn}
		]]>
	</select>
	
	<!-- 답변 히스토리 조회-->
	<select id="searchDetailAnswerHist" parameterType="AnswerVO" resultType="AnswerVO">
		<![CDATA[
		/* AnswerDAO.selectMngrAnswer */
		SELECT A.ID
			 , A.INQRY_SN
			 , A.ANSWER_SJ
			 , B.MNGR_NM
			 , TO_CHAR(A.ISRT_DATE,'YYYY-MM-DD') AS ISRT_DATE
			 , A.ANSWER_CN
			 , TO_CHAR(A.ANSWER_DATE,'YYYY-MM-DD') AS ANSWER_DATE
		  FROM SERTB_ANSWER_HIST A
		  INNER JOIN SERTB_MNGR B
		  ON A.MNGR_ID = B.MNGR_ID
		 WHERE A.ID = #{id}
		   AND A.INQRY_SN = #{inqrySn}
		   ORDER BY HIST_SN DESC
		]]>
	</select>

	<!-- 문의 리스토리 조회 -->
	<select id="searchDetailInqryHist" parameterType="AnswerVO" resultType="AnswerVO">
		<![CDATA[
		/* AnswerDAO.selectMngrInqury */
			SELECT A.ID
				,  A.INQRY_SN
				,  A.INQRY_SE
				,  A.INQRY_SJ
				,  CD.CL_NM AS INQRY_SE_NM
				,  C.KNAME
				,  C.HANDPHONE1
				,  CRYPTIT_TYPE2.DECRYPT(C.HANDPHONE2) AS HANDPHONE2
				,  C.HANDPHONE3
				,  TO_CHAR(A.ISRT_DATE,'YYYY-MM-DD') AS ISRT_DATE
				,  A.INQRY_CN
				,  TO_CHAR(A.INQRY_DATE,'YYYY-MM-DD') AS INQRY_DATE
			FROM SERTB_INQRY_HIST A
			INNER JOIN TB_WMEM C
				ON A.ID = C.ID
			INNER JOIN SERTB_CL_CD CD
				ON CD.CL_GRP = 'INQSE' 
				AND A.INQRY_SE = CD.CL_CD
			WHERE 1=1
			AND A.ID = #{id}
			AND A.INQRY_SN = #{inqrySn}
			ORDER BY HIST_SN DESC
		]]>
	</select>

	<!-- 1:1 문의 답변 목록 총건수  -->
	<select id="selectAnswerTotalCnt" parameterType="AnswerVO" resultType="int">
		/* AnswerDAO.selectAnswerTotalCnt */
		SELECT  COUNT(X.ID)
		  FROM (
				    SELECT A.ID
					     , A.INQRY_SN
					     , A.INQRY_SE
					     , CD.CL_NM AS INQRY_SE_NM
					     , A.INQRY_SJ
					     , A.INQRY_CN
					     , A.UPDT_ID
					     , C.KNAME
					     , TO_CHAR(A.UPDT_DATE,'YYYY-MM-DD') AS UPDT_DATE
					     , CASE WHEN B.MNGR_ID IS NULL
					            THEN '미답변'
					            ELSE '답변완료'
					        END AS ANSWER_AT
					FROM SERTB_INQRY A
					LEFT JOIN SERTB_ANSWER B ON A.INQRY_SN = B.INQRY_SN
					AND  A.ID = B.ID
					INNER JOIN TB_WMEM C
					ON A.ID = C.ID
					INNER JOIN SERTB_CL_CD CD
					ON CD.CL_GRP = 'INQSE' 
					AND A.INQRY_SE = CD.CL_CD
					WHERE 1=1
					<if test='searchAnswerAt == "Y"'>
						AND B.MNGR_ID IS NOT NULL
					</if>
					<if test='searchAnswerAt == "N"'>
						AND B.MNGR_ID IS NULL
					</if>
					<if test='searchId != null and searchId != ""'>
						AND A.ID	=	#{searchId}
					</if>
					<if test='searchKname != null and searchKname != ""'>
						AND C.KNAME	=	#{searchKname}
					</if>
					<if test='searchInqrySe != null and searchInqrySe != ""'>
						AND A.INQRY_SE	=	#{searchInqrySe}
					</if>
					<if test='searchFromDt != null and searchFromDt != "" and searchToDt != null and searchToDt != ""'>
				  		AND A.ISRT_DATE BETWEEN TO_DATE(CONCAT(REPLACE(#{searchFromDt}, '-', ''), '000000'),'YYYYMMDDHH24MISS') AND TO_DATE(CONCAT(REPLACE(#{searchToDt}, '-', ''), '235959'),'YYYYMMDDHH24MISS')
				     </if>
				     <if test='searchType == "1"'>
				     	AND A.INQRY_SJ LIKE '%'||#{searchText}||'%'
				     </if>
				     <if test='searchType == "2"'>
				     	AND A.INQRY_CN LIKE '%'||#{searchText}||'%'
				     </if>
				     <if test='searchType == "0"'>
				  		AND (A.INQRY_SJ LIKE '%'||#{searchText}||'%' OR A.INQRY_CN LIKE '%'||#{searchText}||'%')
				     </if>
				) X
	</select>
	
	<!-- 1:1 문의 답변 등록 -->
	<insert id="insertAnswer" parameterType="AnswerVO" >
		/* AnswerDAO.insertAnswer */
		INSERT INTO SERTB_ANSWER
		(
		  ID
		, INQRY_SN
		, MNGR_ID
		, ANSWER_SJ
		, ANSWER_CN
		, USE_AT
		, ISRT_ID
		, ISRT_IP
		, ISRT_DATE
		, UPDT_ID
		, UPDT_IP
		, UPDT_DATE
		) 
		VALUES
		(
		  #{id}
		, #{inqrySn}
		, #{isrtId}
		, #{answerSj}
		, #{answerCn}
		, 'Y'
		, #{isrtId}
		, #{isrtIp}
		, SYSDATE
		, #{updtId}
		, #{updtIp}
		, SYSDATE
		)
	</insert>
	
	<!-- 1:1 문의 답변 히스토리 -->
	<insert id="insertAnswerHist" parameterType="AnswerVO">
		/* AnswerDAO.insertAnswer */
		INSERT INTO SERTB_ANSWER_HIST
		(
		  ID
		, HIST_SN
		, INQRY_SN
		, MNGR_ID
		, ANSWER_SJ
		, ANSWER_CN
		, ANSWER_DATE
		, USE_AT
		, ISRT_ID
		, ISRT_IP
		, ISRT_DATE
		) 
		SELECT ID
		,	   (SELECT NVL(MAX(HIST_SN), 0) + 1 FROM SERTB_ANSWER_HIST WHERE ID = #{id} AND   INQRY_SN = #{inqrySn} )
		,	   INQRY_SN
		,	   MNGR_ID
		,	   ANSWER_SJ
		,	   ANSWER_CN
		,	   ISRT_DATE
		,      USE_AT
		,	   #{isrtId}
		,	   #{isrtIp}
		,	   SYSDATE
		FROM SERTB_ANSWER
		WHERE ID = #{id}
		AND   INQRY_SN = #{inqrySn}
	</insert>
	
	<!-- 1:1 문의 답변 수정 -->
	<update id="updateAnswer" parameterType="AnswerVO">
		/* AnswerDAO.updateAnswer */
		UPDATE SERTB_ANSWER
		   SET ANSWER_SJ    = #{answerSj}
		     , ANSWER_CN    = #{answerCn}
		     , UPDT_ID		= #{updtId}
			 , UPDT_IP		= #{updtIp}
			 , UPDT_DATE	= SYSDATE
		 WHERE ID 			= #{id}
		   AND INQRY_SN     = #{inqrySn}
	</update>
	
	<!-- 1:1문의 관리자 목록 조회 -->
	<select id="answerMngrManagerSelect" parameterType="AnswerVO" resultType="AnswerVO">
		/* AnswerDAO.answerMngrManagerSelect */
		SELECT B.CL_CD
             , B.CL_NM
             , A.INQRY_MNGR_SN
             , A.INQRY_SE
             , A.INQRY_MNGR_NM
             , CRYPTIT_TYPE2.DECRYPT(A.INQRY_MNGR_EMAIL) AS INQRY_MNGR_EMAIL
        FROM SERTB_CL_CD B
        LEFT OUTER JOIN  SERTB_INQRY_MNGR A
         ON B.CL_CD = A.INQRY_SE
         WHERE  B.CL_GRP = 'INQSE' 
	</select>
	
	<!-- 1:1문의 관리자 등록 -->
	<update id="answerMngrManagerRegist" parameterType="Map">
		MERGE INTO SERTB_INQRY_MNGR
                USING DUAL
                   ON (INQRY_MNGR_SN = #{inqryMngrSn})
                WHEN MATCHED THEN
                    UPDATE SET INQRY_MNGR_NM = #{inqryMngrNm}
                            ,  INQRY_MNGR_EMAIL = CRYPTIT_TYPE2.ENCRYPT(#{inqryMngrEmail})
                            ,  UPDT_ID = #{updtId}
                            ,  UPDT_IP = #{updtIp}
                            ,  UPDT_DATE = SYSDATE
                WHEN NOT MATCHED THEN
                    INSERT (
                      INQRY_MNGR_SN
                    , INQRY_SE
                    , INQRY_MNGR_NM
                    , INQRY_MNGR_EMAIL
                    , ISRT_ID
                    , ISRT_IP
                    , ISRT_DATE
                    , UPDT_ID
                    , UPDT_IP
                    , UPDT_DATE
                    ) 
                    VALUES (
                      (SELECT NVL(MAX(INQRY_MNGR_SN), 0) + 1 FROM SERTB_INQRY_MNGR)
                    , #{inqrySe}
                    , #{inqryMngrNm}
                    , CRYPTIT_TYPE2.ENCRYPT(#{inqryMngrEmail})
                    , #{isrtId}
                    , #{isrtIp}
                    , SYSDATE
                    , #{updtId}
                    , #{updtIp}
                    , SYSDATE
                    )
    </update>
    <select id="mainInqryList" parameterType="AnswerVO" resultType="AnswerVO">
    	SELECT X.ID
			 , X.INQRY_SN
			 , X.INQRY_SJ
			 , X.ISRT_DATE
			 , X.ANSWER_AT
			 , X.INQRY_MNGR_NM
			FROM (
			SELECT A.ID
			     , A.INQRY_SN
			     , A.INQRY_SJ
			     , TO_CHAR(A.ISRT_DATE,'YYYY-MM-DD') AS ISRT_DATE
			     , CASE WHEN B.MNGR_ID IS NULL
			            THEN '미답변'
			            ELSE '답변완료'
			        END AS ANSWER_AT
			    , D.INQRY_MNGR_NM
				FROM SERTB_INQRY A
				LEFT JOIN SERTB_ANSWER B ON A.INQRY_SN = B.INQRY_SN
				AND  A.ID = B.ID
				INNER JOIN TB_WMEM C
				ON A.ID = C.ID
				LEFT OUTER JOIN SERTB_INQRY_MNGR D
				ON D.INQRY_SE = A.INQRY_SE
				WHERE 1=1
				ORDER BY A.ISRT_DATE DESC
			)X
			WHERE ROWNUM <![CDATA[<=]]> 4
    </select>
    
    

</mapper>
