<?xml version="1.0" encoding="UTF-8"?>
<!DOCTYPE mapper PUBLIC "-//mybatis.org//DTD Mapper 3.0//EN" "http://mybatis.org/dtd/mybatis-3-mapper.dtd">

<mapper namespace="com.plnc.mngr.sngPrd.service.impl.SngPrdDAO">

<!-- SngMngSql -->

	<!-- 단일 상품 목록 건수 -->
	<select id="searchSngPrdListCnt" resultType="java.lang.Integer">
        /* SngPrdDAO.searchSngPrdCnt */
        SELECT	COUNT(MAIN.MENU_UNIT_SEQ) AS CNT
        FROM	(
			SELECT DISTINCT SMU.MENU_UNIT_SEQ
			  FROM (
						SELECT MU.*, PG.GR_DESC, LENGTH(PG.GR_CODE) AS GRC_LENGTH
						  FROM SERTB_MENU_UNIT MU
					 LEFT JOIN P_GROUP PG
							ON MU.GR_LOC = PG.GR_LOC AND MU.GR_CODE = PG.GR_CODE ) SMU
		  INNER JOIN (
						SELECT PP.PL_OUTLET_CD, 1 AS CD_AMT, SF.FCLT_SEQ, SF.FCLT_NM, SF.FCLT_CLASS
						  FROM SERTB_FCLT SF
					INNER JOIN P_PLACE PP
							ON SF.CD_CODE = PP.PL_OUTLET_CD) PP
				  ON SMU.FCLT_SEQ = PP.FCLT_SEQ
			   WHERE SMU.GRC_LENGTH = 3
				 AND SMU.DEL_YN = 'N'
				<if test='startDate != null and startDate != ""'>
					<if test='endDate != null and endDate != ""'>
						AND TO_CHAR(SMU.ISRT_DATE, 'YYYY-MM-DD') BETWEEN #{startDate} AND #{endDate}
					</if>
				</if>
				<!-- 시설구분 -->
				<if test='fcltClass != null and fcltClass != ""'>
					AND PP.FCLT_CLASS = #{fcltClass}
				</if>
				<!-- 시설명 -->
				<if test='fcltItem != null and fcltItem != ""'>
					AND PP.FCLT_SEQ = #{fcltItem}
				</if>
				<!-- 상품그룹명 -->
				<if test='menuGrpNm != null and menuGrpNm != ""'>
					AND SMU.GR_LOC = #{menuGrpNm}
					AND SMU.GR_CODE = #{grCode}
				</if>
				<!-- 판매구분 -->
				<if test='muOnoffKb !=null and muOnoffKb != ""'>
					AND SMU.MU_ONOFF_KB = #{muOnoffKb}
				</if>
				<!-- 판매처 -->
				<if test='muAgentCd != null and muAgentCd !=""'>
					AND SMU.MU_AGENT_CD = #{muAgentCd}
				</if>
				<!-- 단일상품명 -->
				<if test='menuUnitNm != null and menuUnitNm != ""'>
					AND SMU.MENU_UNIT_NM LIKE '%'||#{menuUnitNm}||'%'
				</if>
		)	MAIN
    </select>

	<!-- 단일 상품 목록 조회 -->
	<select id="searchSngPrdList" resultType="java.util.HashMap">
		/* SngPrdDAO.searchSngPrdList */
		<include refid="cmmn.include.pageHeader" />
		  SELECT	ROW_NUMBER() OVER(ORDER BY MAIN.GR_LOC, MAIN.GR_CODE) NO
		  ,			MAIN.*
		  FROM	(
		  SELECT  DISTINCT
				  SMU.GR_LOC, 
				  SMU.GR_CODE,
				  SMU.GR_DESC,
				  PP.FCLT_NM,
				  SMU.MENU_UNIT_SEQ,
				  SMU.MENU_UNIT_NM,
				  DECODE(NVL(PP.CD_AMT, '0'), '1', '인터넷판매', '현장판매') AS SALETYPE,
				  CASE
			          WHEN (SMU.MU_AGENT_CD = 1) THEN 'POS'
			          WHEN (SMU.MU_AGENT_CD = 2) THEN '인터넷판매대행'
			          WHEN (SMU.MU_AGENT_CD = 3) THEN 'SER'
			   	      ELSE ' '
			      END     											   AS SALEPOINT,
				  SMU.ISRT_ID,
				  TO_CHAR(SMU.ISRT_DATE, 'YYYY-MM-DD HH24:MI') AS ISRT_DATE,
				  SMU.UPDT_ID,
				  TO_CHAR(SMU.UPDT_DATE, 'YYYY-MM-DD HH24:MI') AS UPDT_DATE
			FROM (
					SELECT MU.*, PG.GR_DESC, LENGTH(PG.GR_CODE) AS GRC_LENGTH
					  FROM SERTB_MENU_UNIT MU
				 LEFT JOIN P_GROUP PG
					    ON MU.GR_LOC = PG.GR_LOC AND MU.GR_CODE = PG.GR_CODE ) SMU
	  INNER JOIN (
	  				SELECT PP.PL_OUTLET_CD, '1' AS CD_AMT, SF.FCLT_SEQ, SF.FCLT_NM, SF.FCLT_CLASS
				      FROM SERTB_FCLT SF
			    INNER JOIN P_PLACE PP
					    ON SF.CD_CODE = PP.PL_OUTLET_CD) PP
			  ON SMU.FCLT_SEQ = PP.FCLT_SEQ
		   WHERE SMU.GRC_LENGTH = 3
		   	 AND SMU.DEL_YN = 'N'
			<if test='startDate != null and startDate != ""'>
				<if test='endDate != null and endDate != ""'>
					AND TO_CHAR(SMU.ISRT_DATE, 'YYYY-MM-DD') BETWEEN #{startDate} AND #{endDate}
				</if>
			</if>
			<!-- 시설구분 -->
	        <if test='fcltClass != null and fcltClass != ""'>
	            AND PP.FCLT_CLASS = #{fcltClass}
	        </if>
	        <!-- 시설명 -->
	        <if test='fcltItem != null and fcltItem != ""'>
	            AND PP.FCLT_SEQ = #{fcltItem}
	        </if>
	        <!-- 상품그룹명 -->
	        <if test='menuGrpNm != null and menuGrpNm != ""'>
	            AND SMU.GR_LOC = #{menuGrpNm}
	            AND SMU.GR_CODE = #{grCode}
	        </if>
	        <!-- 판매구분 -->
			<if test='muOnoffKb !=null and muOnoffKb != ""'>
				AND SMU.MU_ONOFF_KB = #{muOnoffKb}
			</if>
	        <!-- 판매처 -->
			<if test='muAgentCd != null and muAgentCd !=""'>
				AND SMU.MU_AGENT_CD = #{muAgentCd}
			</if>
	        <!-- 단일상품명 -->
	        <if test='menuUnitNm != null and menuUnitNm != ""'>
	            AND SMU.MENU_UNIT_NM LIKE '%'||#{menuUnitNm}||'%'
	        </if>

		)	MAIN
        <include refid="cmmn.include.pageFooter" />
	</select>
	
	<!-- 단일 상품 단건 조회 -->
	<select id="searchSngPrd" resultType="java.util.HashMap">
		/* SngPrdDAO.searchSngPrd */
			SELECT	DISTINCT
			 	  PP.FCLT_SEQ,
			 	  PP.FCLT_CLASS,
			 	  PP.FCLT_NM,
			 	  SMU.MENU_UNIT_SEQ,
			 	  SMU.MENU_UNIT_NM,
			 	  SMU.MENU_UNIT_DESC,
			 	  SMU.GR_LOC,
			 	  SMU.GR_CODE,
			 	  SMU.GR_DESC,
				  SMU.MU_ONOFF_KB,
				  SMU.MU_AGENT_CD
		  	 FROM (
					SELECT MU.*, PG.GR_DESC, LENGTH(PG.GR_CODE) AS GRC_LENGTH
					  FROM SERTB_MENU_UNIT MU
				 LEFT JOIN P_GROUP PG
					    ON MU.GR_LOC = PG.GR_LOC AND MU.GR_CODE = PG.GR_CODE ) SMU
	  INNER JOIN (
	  				SELECT PP.PL_OUTLET_CD, SF.FCLT_SEQ, SF.FCLT_NM, SF.FCLT_CLASS
				      FROM SERTB_FCLT SF
			    INNER JOIN P_PLACE PP
					    ON SF.CD_CODE = PP.PL_OUTLET_CD) PP
			  ON SMU.FCLT_SEQ = PP.FCLT_SEQ
		   WHERE SMU.GRC_LENGTH = 3
		   	 AND SMU.DEL_YN = 'N'
			<if test='menuUnitSeq != null and menuUnitSeq != ""'>
			  AND SMU.MENU_UNIT_SEQ = #{menuUnitSeq}
			</if>
	</select>
	
	<!-- 단일 상품 정보 등록 -->
	<insert id="registSngPrd" parameterType="java.util.HashMap">
	/* SngPrdDAO.registSngPrd */
		INSERT INTO SERTB_MENU_UNIT
		(   MENU_UNIT_SEQ
		    ,FCLT_CLASS
		    ,FCLT_SEQ
		    ,MENU_UNIT_NM
		    ,MU_ONOFF_KB
		    ,MU_AGENT_CD
		    ,MENU_UNIT_DESC
		    ,DEL_YN
		    ,ISRT_ID
		    ,ISRT_DATE
		    ,GR_LOC
		    ,GR_CODE)
		VALUES
		(   MENU_UNIT_SEQ_SEQ.NEXTVAL
		    ,#{fcltClass}
		    ,#{fcltSeq}
		    ,#{menuUnitNm}
		    ,#{muOnoffKb}
		    ,#{muAgentCd}
		    ,#{menuUnitDesc}
		    ,'N'
		    ,#{isrtId}
		    ,SYSDATE
		    ,#{grLoc}
		    ,#{grCode})
	</insert>
	
	<!-- 단일 상품 정보 수정 -->
	<update id="modifySngPrd" parameterType="java.util.HashMap">
	/* SngPrdDAO.modifySngPrd */
		UPDATE SERTB_MENU_UNIT
		SET
		     MENU_UNIT_NM   = #{menuUnitNm}
		    ,MENU_UNIT_DESC = #{menuUnitDesc}
		    ,UPDT_ID        = #{updtId}
		    ,UPDT_DATE      = SYSDATE
		WHERE MENU_UNIT_SEQ = #{menuUnitSeq}
	</update>
	
	<!-- 단일 상품 정보 삭제 -->
	<update id="deleteSngPrd" parameterType="java.util.HashMap">
	/* SngPrdDAO.deleteSngPrd */
		UPDATE SERTB_MENU_UNIT
		   SET
		       DEL_YN = 'Y'
		 WHERE MENU_UNIT_SEQ = #{menuUnitSeq}
	</update>

	<select id="isUsedSngPrd" parameterType="java.util.HashMap" resultType="int">
		SELECT /* 해당 단일상품을 사용하는 단일티켓상품 존재 확인 */
			COUNT(*) AS CNT
		FROM SERTB_MENU_UNIT_TICKET
		WHERE MENU_UNIT_SEQ = #{menuUnitSeq}
	</select>

</mapper>