<?xml version="1.0" encoding="UTF-8"?>
<!DOCTYPE mapper PUBLIC "-//mybatis.org//DTD Mapper 3.0//EN" "http://mybatis.org/dtd/mybatis-3-mapper.dtd">

<mapper namespace="com.plnc.mngr.tckSls.service.impl.TckSlsDAO">

<!-- PrdMngSql -->
	<!-- 티켓 판매 목록 건수 -->
	<select id="searchTckSlsListCnt" resultType="java.lang.Integer">
		/* TckSlsDAO.searchTckSlsListCnt */
		SELECT    COUNT(PAY.ORDER_NO) AS CNT
		     FROM SERTB_SHOP_PAYMENT PAY
	    LEFT JOIN SERTB_SHOP_PAYMENT_DTL DTL
			   ON PAY.ORDER_SEQ = DTL.ORDER_SEQ
	    LEFT JOIN SERTB_SHOP_PAYMENT_QRCODE QRC
	  		   ON DTL.ORDER_DTL_SEQ = QRC.ORDER_DTL_SEQ
	    LEFT JOIN ITREV_ACTIVITY IAY
			   ON QRC.PAYMENT_QRCODE = IAY.IA_QRCODE
	    LEFT JOIN ITQR_TICKET_DTL ITD
			   ON QRC.PAYMENT_QRCODE = ITD.TK_QRCODE
	    LEFT JOIN SERTB_PG_CANCEL_RESULT PGC
			   ON DTL.ORDER_SEQ = PGC.ORDER_SEQ
		      AND DTL.ORDER_DTL_SEQ  = PGC.ORDER_DTL_SEQ
		LEFT JOIN P_MENU PM
			   ON QRC.M_MENU = PM.M_MENU
		LEFT JOIN P_PLACE PP
			   ON PM.M_LOC = PP.PL_OUTLET_CD
		LEFT JOIN SERTB_FCLT SF
			   ON PP.PL_CODE = SF.FCLT_SEQ
		WHERE ITD.TK_QRCODE IS NOT NULL
		  AND AUTH_DATE IS NOT NULL
		<if test='startDate != null and startDate != ""'>
			<if test='endDate != null and endDate != ""'>
				AND PAY.ISRT_DATE BETWEEN TO_DATE(#{startDate} || ' 00:00:00', 'YYYY-MM-DD HH24:MI:SS') AND TO_DATE(#{endDate} || ' 23:59:59', 'YYYY-MM-DD HH24:MI:SS')
			</if>
		</if>       
		<!-- 시설명 -->
		<if test='fcltItem != null and fcltItem != ""'>
			<choose>
				<!-- 셔틀카트 -->
				<when test='fcltItem == "bus"'>
					AND DTL.TICKET_NM LIKE '%셔틀%'
				</when>
				<!-- 셔틀카트를 제외한 모든 것들 -->
				<otherwise>
			    	AND SF.FCLT_SEQ = #{fcltItem}
			   	</otherwise>
			</choose>
		</if>
		<if test="tckItem != null and tckItem != ''">
			AND   DTL.TICKET_SEQ  =  #{tckItem}
		</if>
		<choose>
			<!-- 판매처 SER 또는 인터넷판매대행 조회 조건 -->
			<when test='muAgentCd != null and (muAgentCd == "91" or muAgentCd == "92")'>
		    	AND IAY.IA_AGENT_CD = #{muAgentCd}
		   	</when>
		   	<!-- 판매처 POS 조회 조건 -->
		 	<when test='muAgentCd != null and muAgentCd == "POS"'>
		  		AND IAY.IA_AGENT_CD <![CDATA[>=]]> '10' AND IAY.IA_AGENT_CD <![CDATA[<=]]> '89'
		  	</when>    
		</choose>
		<choose>
			<!-- 결제수단 조회 조건 -->
			<when test='pgMethod != null and pgMethod == "BILL" or pgMethod == "BANK" or pgMethod == "CARD"'>
		    	AND PAY.PAY_METHOD = #{pgMethod}
		    	AND PAY.CARD_CODE != '40'
		    	AND PAY.CARD_CODE != '42'
		   	</when>
		   	<!-- 결제수단이 카카오페이 인 것 -->
		 	<when test='pgMethod != null and pgMethod == "KAKAO"'>
		    	AND PAY.PAY_METHOD = 'CARD' AND PAY.CARD_CODE = '40'
		   	</when>
		   	<!-- 결제수단이 네이버페이 인 것 -->
		   	<when test='pgMethod != null and pgMethod == "NAVER"'>
		    	AND PAY.PAY_METHOD = 'CARD' AND PAY.CARD_CODE = '42'
		   	</when>   
		</choose>
		<choose>
			<!-- 티켓 상태가 환불처리 상태인 것 -->
			<when test='tcktStts != null and tcktStts == "R"'>
		    	AND IAY.IA_REFUND_YN ='Y'
		   	</when>
		   	<!-- 티켓 상태가 결제취소 상태인 것 -->
		 	<when test='tcktStts != null and tcktStts == "Y"'>
		    	AND DTL.CANCEL_YN = 'Y'
		   	</when>
		   	<!-- 티켓 상태가 유효기간만료 상태인 것 -->
		   	<when test='tcktStts != null and tcktStts == "E"'>
		    	AND IAY.IA_REFUND_YN != 'Y'
		    	AND DTL.CANCEL_YN != 'Y'
		    	AND TO_CHAR(SYSDATE,'YYYYMMDD') <![CDATA[>]]> IAY.IA_EXPIRE_DT
				AND IAY.IA_EXPIRE_DT IS NOT NULL
		   	</when>
		   	<!-- 티켓 상태가 환불완료, 결제취소, 유효기간 만료가 아니면서  사용전 상태인 것 -->
		   	<when test='tcktStts != null and tcktStts == "0"'>
		    	AND IAY.IA_REFUND_YN != 'Y'
		    	AND DTL.CANCEL_YN != 'Y'
		    	AND (TO_CHAR(SYSDATE,'YYYYMMDD') <![CDATA[<=]]> IAY.IA_EXPIRE_DT)
				AND ITD.TK_STATE = #{tcktStts}
		   	</when>
		   	<!-- 티켓 상태가 사용중, 사용완료 상태인 것 -->
		   	<when test='tcktStts != null and tcktStts == "1" or tcktStts == "2"'>
		    	AND DTL.CANCEL_YN != 'Y'
		    	AND (TO_CHAR(SYSDATE,'YYYYMMDD') <![CDATA[<=]]> IAY.IA_EXPIRE_DT)
				AND ITD.TK_STATE = #{tcktStts}
		   	</when> 
		</choose>
		<!-- 주문번호로 검색 -->
		<if test='orderNo != null and orderNo != ""'>
			AND PAY.ORDER_NO LIKE '%'||#{orderNo}||'%'
		</if>
		<!-- 회원명으로 검색 -->
		<if test='memName != null and memName != ""'>
			AND PAY.MEM_NAME LIKE '%'||#{memName}||'%'
		</if>
		<!-- 회원ID로 검색 -->
		<if test='memId != null and memId != ""'>
			AND PAY.MEM_ID LIKE '%'||#{memId}||'%'
		</if>
	</select>
	
	<!-- 티켓 판매 총금액 -->
	<select id="searchTckSlsListAmt" resultType="java.lang.Integer">
		/* TckSlsDAO.searchTckSlsListCnt */
		SELECT    CASE WHEN COUNT(PAY.ORDER_NO) = 0 THEN 0 ELSE SUM(DTL.MEM_AMOUNT) END AS SUM_AMOUNT
		     FROM SERTB_SHOP_PAYMENT PAY
	    LEFT JOIN SERTB_SHOP_PAYMENT_DTL DTL
			   ON PAY.ORDER_SEQ = DTL.ORDER_SEQ
	    LEFT JOIN SERTB_SHOP_PAYMENT_QRCODE QRC
	  		   ON DTL.ORDER_DTL_SEQ = QRC.ORDER_DTL_SEQ
	    LEFT JOIN ITREV_ACTIVITY IAY
			   ON QRC.PAYMENT_QRCODE = IAY.IA_QRCODE
	    LEFT JOIN ITQR_TICKET_DTL ITD
			   ON QRC.PAYMENT_QRCODE = ITD.TK_QRCODE
	    LEFT JOIN SERTB_PG_CANCEL_RESULT PGC
			   ON DTL.ORDER_SEQ = PGC.ORDER_SEQ
		      AND DTL.ORDER_DTL_SEQ  = PGC.ORDER_DTL_SEQ
		LEFT JOIN P_MENU PM
			   ON QRC.M_MENU = PM.M_MENU
		LEFT JOIN P_PLACE PP
			   ON PM.M_LOC = PP.PL_OUTLET_CD
		LEFT JOIN SERTB_FCLT SF
			   ON PP.PL_CODE = SF.FCLT_SEQ 
		WHERE ITD.TK_QRCODE IS NOT NULL
		  AND AUTH_DATE IS NOT NULL
		<if test='startDate != null and startDate != ""'>
			<if test='endDate != null and endDate != ""'>
				AND PAY.ISRT_DATE BETWEEN TO_DATE(#{startDate} || ' 00:00:00', 'YYYY-MM-DD HH24:MI:SS') AND TO_DATE(#{endDate} || ' 23:59:59', 'YYYY-MM-DD HH24:MI:SS')
			</if>
		</if>
		<!-- 시설명 -->
		<if test='fcltItem != null and fcltItem != ""'>
			<choose>
				<!-- 셔틀카트 -->
				<when test='fcltItem == "bus"'>
					AND DTL.TICKET_NM LIKE '%셔틀%'
				</when>
				<!-- 셔틀카트를 제외한 모든 것들 -->
				<otherwise>
			    	AND SF.FCLT_SEQ = #{fcltItem}
			   	</otherwise>
			</choose>
		</if>
		<choose>
			<!-- 판매처 SER 또는 인터넷판매대행 조회 조건 -->
			<when test='muAgentCd != null and (muAgentCd == "91" or muAgentCd == "92")'>
		    	AND IAY.IA_AGENT_CD = #{muAgentCd}
		   	</when>
		   	<!-- 판매처 POS 조회 조건 -->
		 	<when test='muAgentCd != null and muAgentCd == "POS"'>
		  		AND IAY.IA_AGENT_CD <![CDATA[>=]]> '10' AND IAY.IA_AGENT_CD <![CDATA[<=]]> '89'
		  	</when>    
		</choose>
		<choose>
			<!-- 결제수단 조회 조건 -->
			<when test='pgMethod != null and pgMethod == "BILL" or pgMethod == "BANK" or pgMethod == "CARD"'>
		    	AND PAY.PAY_METHOD = #{pgMethod}
		    	AND PAY.CARD_CODE != '40'
		    	AND PAY.CARD_CODE != '42'
		   	</when>
		   	<!-- 결제수단이 카카오페이 인 것 -->
		 	<when test='pgMethod != null and pgMethod == "KAKAO"'>
		    	AND PAY.PAY_METHOD = 'CARD' AND PAY.CARD_CODE = '40'
		   	</when>
		   	<!-- 결제수단이 네이버페이 인 것 -->
		   	<when test='pgMethod != null and pgMethod == "NAVER"'>
		    	AND PAY.PAY_METHOD = 'CARD' AND PAY.CARD_CODE = '42'
		   	</when>   
		</choose>
		<choose>
			<!-- 티켓 상태가 환불처리 상태인 것 -->
			<when test='tcktStts != null and tcktStts == "R"'>
		    	AND IAY.IA_REFUND_YN ='Y'
		   	</when>
		   	<!-- 티켓 상태가 결제취소 상태인 것 -->
		 	<when test='tcktStts != null and tcktStts == "Y"'>
		    	AND DTL.CANCEL_YN = 'Y'
		   	</when>
		   	<!-- 티켓 상태가 유효기간만료 상태인 것 -->
		   	<when test='tcktStts != null and tcktStts == "E"'>
		    	AND IAY.IA_REFUND_YN != 'Y'
		    	AND DTL.CANCEL_YN != 'Y'
		    	AND TO_CHAR(SYSDATE,'YYYYMMDD') <![CDATA[>]]> IAY.IA_EXPIRE_DT
				AND IAY.IA_EXPIRE_DT IS NOT NULL
		   	</when>
		   	<!-- 티켓 상태가 환불완료, 결제취소, 유효기간 만료가 아니면서  사용전 상태인 것 -->
		   	<when test='tcktStts != null and tcktStts == "0"'>
		    	AND IAY.IA_REFUND_YN != 'Y'
		    	AND DTL.CANCEL_YN != 'Y'
		    	AND (TO_CHAR(SYSDATE,'YYYYMMDD') <![CDATA[<=]]> IAY.IA_EXPIRE_DT)
				AND ITD.TK_STATE = #{tcktStts}
		   	</when>
		   	<!-- 티켓 상태가 사용중, 사용완료 상태인 것 -->
		   	<when test='tcktStts != null and tcktStts == "1" or tcktStts == "2"'>
		    	AND DTL.CANCEL_YN != 'Y'
		    	AND (TO_CHAR(SYSDATE,'YYYYMMDD') <![CDATA[<=]]> IAY.IA_EXPIRE_DT)
				AND ITD.TK_STATE = #{tcktStts}
		   	</when>
		</choose>
		<!-- 주문번호로 검색 -->
		<if test='orderNo != null and orderNo != ""'>
			AND PAY.ORDER_NO LIKE '%'||#{orderNo}||'%'
		</if>
		<!-- 회원명으로 검색 -->
		<if test='memName != null and memName != ""'>
			AND PAY.MEM_NAME LIKE '%'||#{memName}||'%'
		</if>
		<!-- 회원ID로 검색 -->
		<if test='memId != null and memId != ""'>
			AND PAY.MEM_ID LIKE '%'||#{memId}||'%'
		</if>
	</select>
	
	<!-- 티켓 판매 목록 조회 -->
	<select id="searchTckSlsList" resultType="java.util.HashMap">
	/* TckSlsDAO.searchTckSlsList */
		<include refid="cmmn.include.pageHeader" />
		SELECT  ROW_NUMBER() OVER(ORDER BY PAY.AUTH_DATE DESC) NO
			   ,TO_CHAR(TO_DATE(PAY.AUTH_DATE,'YYMMDDHH24MISS'),'YYYY-MM-DD HH24:MI') AS AUTH_DATE
			   ,PAY.ORDER_NO
			   ,DTL.TICKET_NM
			   ,PAY.MEM_NAME
			   ,PAY.MEM_ID
			   ,DTL.CANCEL_YN
			    <!-- 판매구분 -->
			   ,CASE WHEN IAY.IA_ONOFF_KB = '0' THEN '온라인'
			         WHEN IAY.IA_ONOFF_KB = '1' THEN '오프라인'
			     END IA_ONOFF_KB
			    <!-- 판매처 -->
			   ,CASE WHEN IAY.IA_AGENT_CD = '92' THEN 'SER'
			         WHEN IAY.IA_AGENT_CD = '91' THEN '인터넷판매대행'
			         WHEN IAY.IA_AGENT_CD <![CDATA[>=]]> '10' AND IAY.IA_AGENT_CD <![CDATA[<=]]> '89' THEN 'POS'
			         ELSE ''
			    END IA_AGENT_CD_NM
			    <!-- 결제수단 -->
			   ,TO_CHAR(DTL.NP_AMOUNT, 'fm999,999,999,999') AS NP_AMOUNT
			   ,TO_CHAR(DTL.MEM_AMOUNT, 'fm999,999,999,999') AS IA_SALES_AMT
			   ,CASE WHEN PAY.PAY_METHOD  = 'BILL' THEN '간편결제'
			         WHEN PAY.PAY_METHOD  = 'BANK' THEN '계좌이체'
			         WHEN PAY.PAY_METHOD  = 'CARD' AND PAY.CARD_CODE = '40' THEN '카카오페이'
			         WHEN PAY.PAY_METHOD  = 'CARD' AND PAY.CARD_CODE = '42' THEN '네이버페이'
			         WHEN PAY.PAY_METHOD  = 'CARD' THEN '카드결제'
			         ELSE ''
			    END PAY_METHOD
			    <!-- 티켓상태 -->
			   ,CASE WHEN IAY.IA_REFUND_YN ='Y' THEN '환불처리'
			   		 WHEN DTL.CANCEL_YN = 'Y'   THEN '결제취소'
			   		 WHEN TO_CHAR(SYSDATE,'YYYYMMDD') > IAY.IA_EXPIRE_DT AND IAY.IA_EXPIRE_DT IS NOT NULL AND ITD.TK_STATE != '2' THEN '유효기간만료'
			         WHEN ITD.TK_STATE ='0'     THEN '사용전'
			         WHEN ITD.TK_STATE ='1'     THEN '사용중'
			         WHEN ITD.TK_STATE ='2'     THEN '사용완료'
			    END TK_STATE
			    <!-- 사용완료일시 -->
			   ,CASE WHEN ITD.TK_STATE = 2 THEN TO_CHAR(TK_LAST_TM,'YYYY-MM-DD HH24:MI')
				ELSE ''
				END ENABLED_TM
				<!-- 결제취소일시 -->
			   ,TO_CHAR(TO_DATE(DTL.UPDT_DATE,'YY-MM-DD'),'YYYY-MM-DD') AS CANCEL_DATE 
			    <!-- 환불처리일시 -->
			   ,TO_CHAR(TO_DATE(IAY.IA_REFUND_DT,'YYYYMMDD'),'YYYY-MM-DD') AS IA_REFUND_DT
		FROM SERTB_SHOP_PAYMENT PAY
		LEFT JOIN SERTB_SHOP_PAYMENT_DTL DTL
			ON PAY.ORDER_SEQ = DTL.ORDER_SEQ
		LEFT JOIN SERTB_SHOP_PAYMENT_QRCODE QRC
			ON DTL.ORDER_DTL_SEQ = QRC.ORDER_DTL_SEQ
		LEFT JOIN ITREV_ACTIVITY IAY
			ON QRC.PAYMENT_QRCODE = IAY.IA_QRCODE
		LEFT JOIN ITQR_TICKET_DTL ITD
			ON QRC.PAYMENT_QRCODE = ITD.TK_QRCODE
		LEFT JOIN SERTB_PG_CANCEL_RESULT PGC
			ON DTL.ORDER_SEQ = PGC.ORDER_SEQ
			AND DTL.ORDER_DTL_SEQ  = PGC.ORDER_DTL_SEQ
		LEFT JOIN P_MENU PM
			ON QRC.M_MENU = PM.M_MENU
		LEFT JOIN P_PLACE PP
			ON PM.M_LOC = PP.PL_OUTLET_CD
		LEFT JOIN SERTB_FCLT SF
			ON PP.PL_CODE = SF.FCLT_SEQ 
		 WHERE ITD.TK_QRCODE IS NOT NULL
		   AND AUTH_DATE IS NOT NULL
		<if test='startDate != null and startDate != ""'>
			<if test='endDate != null and endDate != ""'>
				AND PAY.ISRT_DATE BETWEEN TO_DATE(#{startDate} || ' 00:00:00', 'YYYY-MM-DD HH24:MI:SS') AND TO_DATE(#{endDate} || ' 23:59:59', 'YYYY-MM-DD HH24:MI:SS')
			</if>
		</if>
		<!-- 시설명 -->
		<if test='fcltItem != null and fcltItem != ""'>
			<choose>
				<!-- 셔틀카트 -->
				<when test='fcltItem == "bus"'>
					AND DTL.TICKET_NM LIKE '%셔틀%'
				</when>
				<!-- 셔틀카트를 제외한 모든 것들 -->
				<otherwise>
			    	AND SF.FCLT_SEQ = #{fcltItem}
			   	</otherwise>
			</choose>
		</if>
		<if test="tckItem != null and tckItem != ''">
			AND   DTL.TICKET_SEQ  =  #{tckItem}
		</if>

		<choose>
			<!-- 판매처 SER 또는 인터넷판매대행 조회 조건 -->
			<when test='muAgentCd != null and (muAgentCd == "91" or muAgentCd == "92")'>
		    	AND IAY.IA_AGENT_CD = #{muAgentCd}
		   	</when>
		   	<!-- 판매처 POS 조회 조건 -->
		 	<when test='muAgentCd != null and muAgentCd == "POS"'>
		  		AND IAY.IA_AGENT_CD <![CDATA[>=]]> '10' AND IAY.IA_AGENT_CD <![CDATA[<=]]> '89'
		  	</when>    
		</choose>
		<choose>
			<!-- 결제수단 조회 조건 -->
			<when test='pgMethod != null and pgMethod == "BILL" or pgMethod == "BANK" or pgMethod == "CARD"'>
		    	AND PAY.PAY_METHOD = #{pgMethod}
		    	AND PAY.CARD_CODE != '40'
		    	AND PAY.CARD_CODE != '42'
		   	</when>
		   	<!-- 결제수단이 카카오페이 인 것 -->
		 	<when test='pgMethod != null and pgMethod == "KAKAO"'>
		    	AND PAY.PAY_METHOD = 'CARD' AND PAY.CARD_CODE = '40'
		   	</when>
		   	<!-- 결제수단이 네이버페이 인 것 -->
		   	<when test='pgMethod != null and pgMethod == "NAVER"'>
		    	AND PAY.PAY_METHOD = 'CARD' AND PAY.CARD_CODE = '42'
		   	</when>   
		</choose>
		<choose>
			<!-- 티켓 상태가 환불처리 상태인 것 -->
			<when test='tcktStts != null and tcktStts == "R"'>
		    	AND IAY.IA_REFUND_YN ='Y'
		   	</when>
		   	<!-- 티켓 상태가 결제취소 상태인 것 -->
		 	<when test='tcktStts != null and tcktStts == "Y"'>
		    	AND DTL.CANCEL_YN = 'Y'
		   	</when>
		   	<!-- 티켓 상태가 유효기간만료 상태인 것 -->
		   	<when test='tcktStts != null and tcktStts == "E"'>
		    	AND IAY.IA_REFUND_YN != 'Y'
		    	AND DTL.CANCEL_YN != 'Y'
		    	AND TO_CHAR(SYSDATE,'YYYYMMDD') <![CDATA[>]]> IAY.IA_EXPIRE_DT
				AND IAY.IA_EXPIRE_DT IS NOT NULL
		   	</when>
		   	<!-- 티켓 상태가 환불완료, 결제취소, 유효기간 만료가 아니면서  사용전 상태인 것 -->
		   	<when test='tcktStts != null and tcktStts == "0"'>
		    	AND IAY.IA_REFUND_YN != 'Y'
		    	AND DTL.CANCEL_YN != 'Y'
		    	AND (TO_CHAR(SYSDATE,'YYYYMMDD') <![CDATA[<=]]> IAY.IA_EXPIRE_DT)
				AND ITD.TK_STATE = #{tcktStts}
		   	</when>
		   	<!-- 티켓 상태가 사용중, 사용완료 상태인 것 -->
		   	<when test='tcktStts != null and tcktStts == "1" or tcktStts == "2"'>
		    	AND DTL.CANCEL_YN != 'Y'
		    	AND (TO_CHAR(SYSDATE,'YYYYMMDD') <![CDATA[<=]]> IAY.IA_EXPIRE_DT)
				AND ITD.TK_STATE = #{tcktStts}
		   	</when> 
		</choose>
		<!-- 주문번호로 검색 -->
		<if test='orderNo != null and orderNo != ""'>
			AND PAY.ORDER_NO LIKE '%'||#{orderNo}||'%'
		</if>
		<!-- 회원명으로 검색 -->
		<if test='memName != null and memName != ""'>
			AND PAY.MEM_NAME LIKE '%'||#{memName}||'%'
		</if>
		<!-- 회원ID로 검색 -->
		<if test='memId != null and memId != ""'>
			AND PAY.MEM_ID LIKE '%'||#{memId}||'%'
		</if>
		<include refid="cmmn.include.pageFooter" />
	</select>
	
	<!-- 티켓 판매 목록 상세 조회 -->
	<select id="searchTckSls" resultType="java.util.HashMap">
	/* TckSlsDAO.searchTckSls */
		 SELECT TO_CHAR(SUM(
					CASE WHEN ITD.TK_STATE ='0' 
						  AND (DTL.CANCEL_YN = 'Y' OR IAY.IA_REFUND_YN = 'Y') 
						 THEN DTL.MEM_AMOUNT ELSE 0 END) OVER (PARTITION BY PAY.ORDER_SEQ), 'fm999,999,999,999') AS REFUND_AMOUNT
			   ,TO_CHAR(TO_DATE(PAY.AUTH_DATE,'YYMMDDHH24MISS'),'YYYY-MM-DD HH24:MI') AS AUTH_DATE
			   ,PAY.ORDER_NO
			   ,PAY.MEM_NAME
			   ,PAY.MEM_ID
			   ,PAY.MEM_HANDPHONE1
		       ,CRYPTIT_TYPE2.DECRYPT(PAY.MEM_HANDPHONE2) AS HANDPHONE2
		       ,PAY.MEM_HANDPHONE3
		       ,PAY.MEM_EMAIL
			   ,CASE WHEN IAY.IA_ONOFF_KB = '0' THEN '온라인'
			         WHEN IAY.IA_ONOFF_KB = '1' THEN '오프라인'
			     END IA_ONOFF_KB
			   ,CASE WHEN IAY.IA_AGENT_CD = '92' THEN 'SER'
			         WHEN IAY.IA_AGENT_CD = '91' THEN '인터넷판매대행'
			         WHEN IAY.IA_AGENT_CD <![CDATA[>=]]> '10' AND IAY.IA_AGENT_CD <![CDATA[<=]]> '89' THEN 'POS'
			         ELSE ''
			    END IA_AGENT_CD_NM
		       ,QRC.PAYMENT_QRCODE
			   ,DTL.TICKET_NM
			   ,PAY.MEM_NAME
			   ,PAY.MEM_ID
			   ,CASE WHEN PAY.PAY_METHOD  = 'BILL' THEN '간편결제'
			         WHEN PAY.PAY_METHOD  = 'BANK' THEN '계좌이체'
			         WHEN PAY.PAY_METHOD  = 'CARD' AND PAY.CARD_CODE = '40' THEN '카카오페이'
			         WHEN PAY.PAY_METHOD  = 'CARD' AND PAY.CARD_CODE = '42' THEN '네이버페이'
			         WHEN PAY.PAY_METHOD  = 'CARD' THEN '카드결제'
			         ELSE ''
			    END PAY_METHOD
			   ,PAY.CARD_NAME
			   ,PAY.CARD_NO
			   ,TO_CHAR(PAY.SUM_MEM_AMOUNT, 'fm999,999,999,999') AS SUM_MEM_AMOUNT
			   ,DTL.CANCEL_YN
			   ,TO_CHAR(DTL.NP_AMOUNT, 'fm999,999,999,999') AS NP_AMOUNT
			   ,TO_CHAR(DTL.MEM_AMOUNT, 'fm999,999,999,999') AS IA_SALES_AMT
			   ,CASE WHEN IAY.IA_REFUND_YN ='Y' THEN '환불처리'
			   		 WHEN DTL.CANCEL_YN = 'Y'   THEN '결제취소'
			   		 WHEN TO_CHAR(SYSDATE,'YYYYMMDD') > IAY.IA_EXPIRE_DT AND IAY.IA_EXPIRE_DT IS NOT NULL THEN '유효기간만료'
			         WHEN ITD.TK_STATE ='0'     THEN '사용전'
			         WHEN ITD.TK_STATE ='1'     THEN '사용중'
			         WHEN ITD.TK_STATE ='2'     THEN '사용완료'
			    END TK_STATE
			   ,CASE WHEN ITD.TK_STATE = 2 THEN TO_CHAR(TK_LAST_TM,'YYYY-MM-DD HH24:MI')
				ELSE ''
				END ENABLED_TM
			   ,TO_CHAR(TO_DATE(DTL.UPDT_DATE,'YY-MM-DD'),'YYYY-MM-DD') AS CANCEL_DATE
			   ,TO_CHAR(TO_DATE(IAY.IA_REFUND_DT,'YYYYMMDD'),'YYYY-MM-DD') AS IA_REFUND_DT 
		  FROM SERTB_SHOP_PAYMENT PAY
	 LEFT JOIN SERTB_SHOP_PAYMENT_DTL DTL
			ON PAY.ORDER_SEQ = DTL.ORDER_SEQ
	 LEFT JOIN SERTB_SHOP_PAYMENT_QRCODE QRC
			ON DTL.ORDER_DTL_SEQ = QRC.ORDER_DTL_SEQ
	 LEFT JOIN ITREV_ACTIVITY IAY
			ON QRC.PAYMENT_QRCODE = IAY.IA_QRCODE
	 LEFT JOIN ITQR_TICKET_DTL ITD
			ON QRC.PAYMENT_QRCODE = ITD.TK_QRCODE
	 LEFT JOIN SERTB_PG_CANCEL_RESULT PGC
			ON DTL.ORDER_SEQ = PGC.ORDER_SEQ
		   AND DTL.ORDER_DTL_SEQ  = PGC.ORDER_DTL_SEQ
		 WHERE ITD.TK_QRCODE IS NOT NULL
		   AND AUTH_DATE IS NOT NULL
		   AND DTL.ORDER_NO = #{orderNo}
	</select>


	<!-- 당일환불금액 조회 -->
	<!-- 당일환불 : EndDate에 결제 후 EndDate에 환불 -->
	<select id="searchCurrentDayRefundAmt" resultType="java.lang.Integer">
		/* TckSlsDAO.searchCurrentDayRefundAmt */
		SELECT	CASE
					WHEN COUNT(IA_AGENT_CD) = 0 THEN
						0
					ELSE
						SUM(IA_SALES_AMT)
				END		AS	SUM_AMOUNT
		FROM	ITREV_ACTIVITY
		WHERE	IA_AGENT_CD IN ('92')
		AND     IA_SALES_DT		=	REPLACE(#{currentDate}, '-', '')
		AND		IA_REFUND_DT	=	REPLACE(#{currentDate}, '-', '')
	</select>



	<!-- 이전환불금액 조회 -->
	<!-- 이전환불 : 서비스 시작일 ~ EndDate - 1일 사이에 결제 후 EndDate에 환불 -->
	<select id="searchBeforeDayRefundAmt" resultType="java.lang.Integer">
		/* TckSlsDAO.searchBeforeDayRefundAmt */
		SELECT	CASE
					WHEN COUNT(IA_AGENT_CD) = 0 THEN
						0
					ELSE
						SUM(IA_SALES_AMT)
				END		AS	SUM_AMOUNT
		FROM	ITREV_ACTIVITY
		WHERE	IA_AGENT_CD IN ('92')
		AND     IA_SALES_DT		BETWEEN 	TO_CHAR(TO_DATE(#{serStartDate}, 'YYYY-MM-DD'), 'YYYYMMDD')
								AND 		TO_CHAR(TO_DATE(#{currentDate}, 'YYYY-MM-DD') - 1, 'YYYYMMDD')
		AND		IA_REFUND_DT	=	REPLACE(#{currentDate}, '-', '')
	</select>



	<!-- 검색조건을 위한 시설목록 조회 -->
	<select id="searchFcltList" resultType="java.util.HashMap">
		SELECT	FCLT_SEQ
		,       FCLT_NM
		FROM	SERTB_FCLT
		WHERE	DEL_YN    	=   'N'
		AND     CD_CODE		IS NOT NULL
		AND     CD_CODE		!= '00'
	</select>

	<!-- 시설에 등록된 티켓 목록 조회 -->
	<select id="searchFcltTckList" resultType="java.util.HashMap">
		SELECT	MU_TICKET_SEQ
		,		CASE
					WHEN (WEEK_FLAG = 'A' OR WEEK_FLAG = 'ALL') THEN '주중/주말'
					WHEN (WEEK_FLAG = 'D') THEN '주중'
					WHEN (WEEK_FLAG = 'E') THEN '주말'
					ELSE ' '
				END						AS WEEK_FLAG
		,		MU_TICKET_NM
		,		MU_TICKET_SHORT_NM
		FROM	SERTB_MENU_UNIT_TICKET
		WHERE	FCLT_SEQ	IS NOT	NULL
		AND 	FCLT_SEQ	=	#{fcltSeq}
	</select>


	<!-- 이전취소 목록 조회  -->
	<select id="beforeRefundList" resultType="java.util.HashMap">
		/* TckSlsDAO.beforeRefundList */
		SELECT  ROW_NUMBER() OVER(ORDER BY PAY.AUTH_DATE DESC) NO
		,		IAY.IA_QRCODE
		,		TO_CHAR(TO_DATE(PAY.AUTH_DATE,'YYMMDDHH24MISS'),'YYYY-MM-DD HH24:MI') AS AUTH_DATE
		,		PAY.ORDER_NO
		,		DTL.TICKET_NM
		,		PAY.MEM_NAME
		,		PAY.MEM_ID
		,		DTL.CANCEL_YN
		<!-- 판매구분 -->
		,		CASE
					WHEN IAY.IA_ONOFF_KB = '0' THEN '온라인'
					WHEN IAY.IA_ONOFF_KB = '1' THEN '오프라인'
				END																		IA_ONOFF_KB
		<!-- 판매처 -->
		,		CASE
					WHEN IAY.IA_AGENT_CD = '92' THEN 'SER'
					WHEN IAY.IA_AGENT_CD = '91' THEN '인터넷판매대행'
					WHEN IAY.IA_AGENT_CD <![CDATA[>=]]> '10' AND IAY.IA_AGENT_CD <![CDATA[<=]]> '89' THEN 'POS'
					ELSE ''
				END																		IA_AGENT_CD_NM
		<!-- 결제수단 -->
		,		TO_CHAR(DTL.NP_AMOUNT, 'fm999,999,999,999')							AS	NP_AMOUNT
		,		TO_CHAR(DTL.MEM_AMOUNT, 'fm999,999,999,999')						AS	IA_SALES_AMT
		,		CASE
					WHEN PAY.PAY_METHOD  = 'BILL' THEN '간편결제'
					WHEN PAY.PAY_METHOD  = 'BANK' THEN '계좌이체'
					WHEN PAY.PAY_METHOD  = 'CARD' AND PAY.CARD_CODE = '40' THEN '카카오페이'
					WHEN PAY.PAY_METHOD  = 'CARD' AND PAY.CARD_CODE = '42' THEN '네이버페이'
					WHEN PAY.PAY_METHOD  = 'CARD' THEN '카드결제'
					ELSE ''
				END																		PAY_METHOD
		<!-- 티켓상태 -->
		,		CASE
					WHEN IAY.IA_REFUND_YN ='Y' THEN '환불처리'
					WHEN DTL.CANCEL_YN = 'Y'   THEN '결제취소'
					WHEN TO_CHAR(SYSDATE,'YYYYMMDD') > IAY.IA_EXPIRE_DT AND IAY.IA_EXPIRE_DT IS NOT NULL AND ITD.TK_STATE != '2' THEN '유효기간만료'
					WHEN ITD.TK_STATE ='0'     THEN '사용전'
					WHEN ITD.TK_STATE ='1'     THEN '사용중'
					WHEN ITD.TK_STATE ='2'     THEN '사용완료'
				END																		TK_STATE
		<!-- 사용완료일시 -->
		,		CASE
					WHEN ITD.TK_STATE = 2 THEN TO_CHAR(TK_LAST_TM,'YYYY-MM-DD HH24:MI')
					ELSE ''
				END																		ENABLED_TM
		<!-- 결제취소일시 -->
		,		TO_CHAR(TO_DATE(DTL.UPDT_DATE,'YY-MM-DD'),'YYYY-MM-DD') 			AS	CANCEL_DATE
		<!-- 환불처리일시 -->
		,		TO_CHAR(TO_DATE(IAY.IA_REFUND_DT,'YYYYMMDD'),'YYYY-MM-DD')			AS	IA_REFUND_DT
		FROM    ITREV_ACTIVITY      IAY
		INNER   JOIN    SERTB_SHOP_PAYMENT_QRCODE   QRC
		ON      IAY.IA_QRCODE           =   QRC.PAYMENT_QRCODE
		INNER   JOIN    SERTB_SHOP_PAYMENT_DTL      DTL
		ON      QRC.ORDER_DTL_SEQ       =   DTL.ORDER_DTL_SEQ
		INNER   JOIN    SERTB_SHOP_PAYMENT          PAY
		ON      DTL.ORDER_SEQ           =   PAY.ORDER_SEQ
		INNER   JOIN    ITQR_TICKET_DTL             ITD
		ON      ITD.TK_QRCODE           =   QRC.PAYMENT_QRCODE
		WHERE   IAY.IA_AGENT_CD     =   '92'
		AND     IAY.IA_REFUND_YN    =   'Y'
		AND     IAY.IA_REFUND_DT    IS  NOT NULL
		AND     IAY.IA_SALES_DT		BETWEEN 	TO_CHAR(TO_DATE(#{startDate}, 'YYYY-MM-DD'), 'YYYYMMDD')
									AND 		TO_CHAR(TO_DATE(#{endDate}, 'YYYY-MM-DD') - 1, 'YYYYMMDD')
		AND		IAY.IA_REFUND_DT	=	REPLACE(#{endDate}, '-', '')
	</select>



</mapper>
