<?xml version="1.0" encoding="UTF-8"?>
<!DOCTYPE mapper PUBLIC "-//mybatis.org//DTD Mapper 3.0//EN" "http://mybatis.org/dtd/mybatis-3-mapper.dtd">

<mapper namespace="com.plnc.mngr.faq.service.impl.MngrFaqDAO">

	<!-- 관리자 FAQ 목록 조회 -->
	<select id="selectMngrFaqList" parameterType="MngrFaqVO" resultType="MngrFaqVO">
		<include refid="cmmn.include.pageHeader" />
		/* MngrFaqDAO.selectMngrFaqList */
		SELECT ROWNUM as no
			 , X.FAQ_SN
			 , X.FAQ_SJ
			 , X.FAQ_CN
			 , X.FAQ_SE
			 , X.USE_AT
			 , X.ISRT_ID
			 , TO_CHAR(X.ISRT_DATE,'YYYY-MM-DD') AS ISRT_DATE
			 , X.UPDT_ID
			 , TO_CHAR(X.UPDT_DATE,'YYYY-MM-DD') AS UPDT_DATE
			 , X.CL_NM AS FAQ_SE_NM
			 ,   X.ISRT_NM
			 ,   X.UPDT_NM
		  FROM (
				SELECT ROWNUM as no
					 , A.FAQ_SN
					 , A.FAQ_SJ
					 , A.FAQ_CN
					 , A.FAQ_SE
					 , A.USE_AT
					 , A.ISRT_ID
					 , A.ISRT_DATE
					 , A.UPDT_ID
					 , A.UPDT_DATE
					 , B.CL_NM
					 , ISRT.MNGR_NM AS ISRT_NM
					 , UPDT.MNGR_NM AS UPDT_NM
				  FROM SERTB_FAQ A
				  INNER JOIN SERTB_CL_CD B ON B.CL_GRP = 'FAQSE'
				  AND A.FAQ_SE = B.CL_CD
				  INNER JOIN SERTB_MNGR ISRT
                  ON ISRT.MNGR_ID = A.ISRT_ID
                  INNER JOIN SERTB_MNGR UPDT
                  ON UPDT.MNGR_ID = A.UPDT_ID
				 WHERE A.USE_AT = 'Y'
				 <if test='searchFromDt != null and searchFromDt != "" and searchToDt != null and searchToDt != ""'>
			  		AND A.ISRT_DATE BETWEEN TO_DATE(CONCAT(REPLACE(#{searchFromDt}, '-', ''), '000000'),'YYYYMMDDHH24MISS') AND TO_DATE(CONCAT(REPLACE(#{searchToDt}, '-', ''), '235959'),'YYYYMMDDHH24MISS')
			     </if>
			     <if test='searchFaqSe != null and searchFaqSe != ""'>
			     	AND A.FAQ_SE = #{searchFaqSe}
			     </if>
			     <if test='searchType == "2"'>
			     	AND A.FAQ_SJ LIKE '%'||#{searchText}||'%'
			     </if>
			     <if test='searchType == "3"'>
			     	AND A.FAQ_CN LIKE '%'||#{searchText}||'%'
			     </if>
			     <if test='searchType == "1"'>
			  		AND (A.FAQ_SJ LIKE '%'||#{searchText}||'%' OR A.FAQ_CN LIKE '%'||#{searchText}||'%')
			     </if>
				 ORDER BY A.UPDT_DATE DESC
				) X
		<include refid="cmmn.include.pageFooter" />
	</select>

	<!-- FAQ 목록 총건수  -->
	<select id="selectMngrFaqTotalCnt" resultType="int" parameterType="MngrFaqVO">
		/* MngrFaqDAO.selectMngrFaqTotalCnt */
		SELECT COUNT(X.FAQ_SN)
		  FROM (
				SELECT A.FAQ_SN
					 , A.FAQ_SJ
					 , A.FAQ_SE
					 , A.USE_AT
					 , A.ISRT_ID
					 , A.ISRT_DATE
					 , A.UPDT_ID
					 , A.UPDT_DATE
				  FROM SERTB_FAQ A
				  INNER JOIN SERTB_CL_CD B ON B.CL_GRP = 'FAQSE'
				  AND A.FAQ_SE = B.CL_CD
				 WHERE A.USE_AT = 'Y'
				 <if test='searchFromDt != null and searchFromDt != "" and searchToDt != null and searchToDt != ""'>
			  		AND A.ISRT_DATE BETWEEN TO_DATE(CONCAT(REPLACE(#{searchFromDt}, '-', ''), '000000'),'YYYYMMDDHH24MISS') AND TO_DATE(CONCAT(REPLACE(#{searchToDt}, '-', ''), '235959'),'YYYYMMDDHH24MISS')
			     </if>
			     <if test='searchFaqSe != null and searchFaqSe != ""'>
			     	AND A.FAQ_SE = #{searchFaqSe}
			     </if>
			     <if test='searchType == "2"'>
			     	AND A.FAQ_SJ LIKE '%'||#{searchText}||'%'
			     </if>
			     <if test='searchType == "3"'>
			     	AND A.FAQ_CN LIKE '%'||#{searchText}||'%'
			     </if>
			     <if test='searchType == "1"'>
			  		AND (A.FAQ_SJ LIKE '%'||#{searchText}||'%' OR A.FAQ_CN LIKE '%'||#{searchText}||'%')
			     </if>
				 ORDER BY A.UPDT_DATE DESC
				) X
	</select>
	

	<!-- 관리자 FAQ 상세 조회 -->
	<select id="selectMngrFaq" parameterType="MngrFaqVO" resultType="MngrFaqVO">
		/* MngrFaqDAO.selectMngrFaq */
		SELECT A.FAQ_SN
			 , A.FAQ_SJ
			 , A.FAQ_CN
			 , A.FAQ_SE
			 , A.USE_AT
			 , A.ISRT_ID
			 , TO_CHAR(A.ISRT_DATE,'YYYY-MM-DD') AS ISRT_DATE
			 , A.UPDT_ID
			 , TO_CHAR(A.UPDT_DATE,'YYYY-MM-DD') AS UPDT_DATE
		  FROM SERTB_FAQ A
		 WHERE A.USE_AT = 'Y'
		 AND   FAQ_SN = #{faqSn}
	</select>
	
	<!-- FAQ 등록  -->
	<insert id="insertMngrFaq" parameterType="MngrFaqVO">
		/* MngrFaqDAO.insertMngrFaq */
		INSERT INTO SERTB_FAQ
		(
		  FAQ_SN
		, FAQ_SJ
		, FAQ_CN
		, FAQ_SE
		, INQIRE_CNT
		, USE_AT
		, ISRT_ID
		, ISRT_IP
		, ISRT_DATE
		, UPDT_ID
		, UPDT_IP
		, UPDT_DATE
		)
		VALUES
		(
		  FAQ_SN.NEXTVAL
		, #{faqSj}
		, #{faqCn}
		, #{faqSe}
		, 0
		, 'Y'
		, #{isrtId}
		, #{isrtIp}
		, SYSDATE
		, #{updtId}
		, #{updtIp}
		, SYSDATE
		)
	</insert>
	
	<!-- FAQ 수정  -->
	<update id="updateMngrFaq" parameterType="MngrFaqVO">
		/* MngrFaqDAO.updateMngrFaq */
		UPDATE SERTB_FAQ
		SET FAQ_SJ = #{faqSj}
		,	FAQ_CN = #{faqCn}
		,	FAQ_SE = #{faqSe}
		,	UPDT_ID = #{updtId}
		,	UPDT_IP = #{updtIp}
		,	UPDT_DATE = SYSDATE
		WHERE FAQ_SN = #{faqSn}
	</update>
	
	<!-- FAQ 삭제  -->
	<update id="deleteMngrFaq" parameterType="MngrFaqVO">
		/* MngrFaqDAO.deleteMngrFaq */
		UPDATE SERTB_FAQ
		SET USE_AT = 'N'
		,	UPDT_ID = #{updtId}
		,	UPDT_IP = #{updtIp}
		,	UPDT_DATE = SYSDATE
		WHERE FAQ_SN = #{faqSn}
	</update>
	
</mapper>
