<?xml version="1.0" encoding="UTF-8"?>
<!DOCTYPE mapper PUBLIC "-//mybatis.org//DTD Mapper 3.0//EN" "http://mybatis.org/dtd/mybatis-3-mapper.dtd">

<mapper namespace="com.plnc.mngr.event.service.impl.EventDAO">

	<!--이벤트 목록 -->
	<select id="searchEventList" parameterType="EventVO" resultType="EventVO">
		<include refid="cmmn.include.pageHeader" />
		SELECT  ROWNUM as no
			,	X.EVNT_SN
			,	X.EVNT_SJ
			,	X.EXPSR_SE
			,	X.EXPSR_AT
			,	X.EXPSR_BGNDE
			,	X.EXPSR_ENDDE
			,	X.EXPSR_CN
			,	X.MAIN_POP_AT
			,   X.ISRT_ID
			,   TO_CHAR(X.ISRT_DATE,'YYYY-MM-DD') AS ISRT_DATE
			,   X.UPDT_ID
			,   TO_CHAR(X.UPDT_DATE,'YYYY-MM-DD') AS UPDT_DATE
			,   X.ISRT_NM
			,   X.UPDT_NM
			,	CASE WHEN EXPSR_ENDDE > SYSDATE
					THEN 'N'
					ELSE 'Y'
					END AS POSTING_AT
			FROM (
				SELECT  ROWNUM as no
				,		A.EVNT_SN
				,		A.EVNT_SJ
				,		A.EXPSR_SE
				,		A.EXPSR_AT
				,		A.EXPSR_BGNDE
				,		A.EXPSR_ENDDE
				,		A.EXPSR_CN
				,		A.MAIN_POP_AT
				,		A.ISRT_ID
				,		A.ISRT_DATE
				,		A.UPDT_ID
				,		A.UPDT_DATE
				,		ISRT.MNGR_NM AS ISRT_NM
				,		UPDT.MNGR_NM AS UPDT_NM
				FROM SERTB_EVNT A
				INNER JOIN SERTB_MNGR ISRT
                ON ISRT.MNGR_ID = A.ISRT_ID
                INNER JOIN SERTB_MNGR UPDT
                ON UPDT.MNGR_ID = A.UPDT_ID
                WHERE 1=1
                <if test='searchFromDt != null and searchFromDt != "" and searchToDt != null and searchToDt != ""'>
			  		AND A.ISRT_DATE BETWEEN TO_DATE(CONCAT(REPLACE(#{searchFromDt}, '-', ''), '000000'),'YYYYMMDDHH24MISS') AND TO_DATE(CONCAT(REPLACE(#{searchToDt}, '-', ''), '235959'),'YYYYMMDDHH24MISS')
			     </if>
			     <if test='searchSeType != null and searchSeType != ""'>
			  		AND A.EXPSR_SE = #{searchSeType}
			     </if>
			     <if test='searchType == "1"'>
			     	AND A.EVNT_SJ LIKE '%'||#{searchText}||'%'
			     </if>
			     <if test='searchType == "2"'>
			     	AND A.EXPSR_CN LIKE '%'||#{searchText}||'%'
			     </if>
			     <if test='searchType == "0"'>
			  		AND (A.EVNT_SJ LIKE '%'||#{searchText}||'%' OR A.EXPSR_CN LIKE '%'||#{searchText}||'%')
			     </if>
				ORDER BY ISRT_DATE DESC
		)X
		<include refid="cmmn.include.pageFooter" />
		
	</select>

	<!-- 이벤트 목록 총건수  -->
	<select id="selectEventTotalCnt" parameterType="EventVO" resultType="int">
		
		SELECT  COUNT(A.EVNT_SN)
		FROM SERTB_EVNT A
		WHERE 1=1
		<if test='searchFromDt != null and searchFromDt != "" and searchToDt != null and searchToDt != ""'>
	  		AND A.ISRT_DATE BETWEEN TO_DATE(CONCAT(REPLACE(#{searchFromDt}, '-', ''), '000000'),'YYYYMMDDHH24MISS') AND TO_DATE(CONCAT(REPLACE(#{searchToDt}, '-', ''), '235959'),'YYYYMMDDHH24MISS')
	    </if>
	    <if test='searchSeType != null and searchSeType != ""'>
	  		AND A.EXPSR_SE = #{searchSeType}
	    </if>
	    <if test='searchType == "1"'>
	    	AND A.EVNT_SJ LIKE '%'||#{searchText}||'%'
	    </if>
	    <if test='searchType == "2"'>
	    	AND A.EXPSR_CN LIKE '%'||#{searchText}||'%'
	    </if>
	    <if test='searchType == "0"'>
	  		AND (A.EVNT_SJ LIKE '%'||#{searchText}||'%' OR A.EXPSR_CN LIKE '%'||#{searchText}||'%')
	    </if>
	
	</select>

	<!-- 이벤트 상세조회 -->
	<select id="searchMngrEvent" parameterType="EventVO" resultType="EventVO">
		<![CDATA[
		/* EventDAO.searchMngrEvent */
		SELECT A.EVNT_SN
			 , A.EVNT_SJ
			 , A.EXPSR_SE
			 , A.EXPSR_AT
			 , TO_CHAR(A.EXPSR_BGNDE,'YYYY-MM-DD') AS EXPSR_BGNDE
			 , TO_CHAR(A.EXPSR_ENDDE,'YYYY-MM-DD') AS EXPSR_ENDDE
			 , A.EXPSR_CN
			 , A.MAIN_POP_AT
			 , A.ISRT_ID
			 , A.ISRT_DATE
			 , A.UPDT_ID
			 , TO_CHAR(A.UPDT_DATE,'YYYY-MM-DD') AS UPDT_DATE
		  FROM SERTB_EVNT A
		 WHERE EVNT_SN = #{evntSn}
		]]>
	</select>
	
	<!-- 이벤트 등록 -->
	<insert id="registEvent" parameterType="EventVO">
		/* EventDAO.registEvent */
			INSERT INTO SERTB_EVNT
			(
			  EVNT_SN
			, EVNT_SJ
			, EXPSR_SE
			, EXPSR_AT
			, EXPSR_BGNDE
			, EXPSR_ENDDE
			, EXPSR_CN
			, MAIN_POP_AT
			, ISRT_ID
			, ISRT_IP
			, ISRT_DATE
			, UPDT_ID
			, UPDT_IP
			, UPDT_DATE
			) 
			VALUES
			(
			  EVNT_SN.NEXTVAL
			, #{evntSj}
			, #{expsrSe}
			, 'Y'
			<choose>
				<when test='expsrBgnde != null and expsrBgnde != ""'>
					, TO_DATE(#{expsrBgnde},'YYYYMMDDHH24MIss')
				</when>
				<otherwise>
				 	, SYSDATE
				</otherwise>
			</choose>
		    <choose>
				<when test='expsrEndde != null and expsrEndde != ""'>
					, TO_DATE(CONCAT(#{expsrEndde},235959),'YYYYMMDDHH24MIss') 
				</when>
				<otherwise>
				 	, TO_DATE('99991231 235959','YYYYMMDDHH24MIss') 
				</otherwise>
			</choose>
			, #{expsrCn}
			, #{mainPopAt}
			, #{isrtId}
			, #{isrtIp}
			, SYSDATE
			, #{updtId}
			, #{updtIp}
			, SYSDATE
			)
			<selectKey keyProperty="evntSn" resultType="String" order="AFTER"> 
				SELECT EVNT_SN.currval FROM dual 
			</selectKey>
	</insert>
	
	<!-- 이벤트 수정 -->
	<update id="modifyEvent" parameterType="EventVO">
		/* EventDAO.modifyEvent */
		UPDATE SERTB_EVNT
		   SET EVNT_SJ = #{evntSj}
		     , EXPSR_SE = #{expsrSe}
		     <if test='expsrBgnde != null and expsrBgnde != ""'>
		     , EXPSR_BGNDE = #{expsrBgnde}
		     </if>
		     <if test='expsrEndde != null and expsrEndde != ""'>
		     , EXPSR_ENDDE = #{expsrEndde}
		     </if>
		     , EXPSR_CN = #{expsrCn}
		     , MAIN_POP_AT = #{mainPopAt}
			 , UPDT_ID = #{updtId}
			 , UPDT_IP = #{updtIp}
			 , UPDT_DATE = SYSDATE
		   WHERE EVNT_SN = #{evntSn}
	</update>
	
	<!-- 삭제 -->
	<update id="removeMngrEvent" parameterType="EventVO">
		/* EventDAO.modifyEvent */
		UPDATE SERTB_EVNT
		   SET EXPSR_AT = 'N'
			 , UPDT_ID = #{updtId}
			 , UPDT_IP = #{updtIp}
			 , UPDT_DATE = SYSDATE
		   WHERE EVNT_SN = #{evntSn}
	</update>
	
</mapper>
