<?xml version="1.0" encoding="UTF-8"?>
<!DOCTYPE mapper PUBLIC "-//mybatis.org//DTD Mapper 3.0//EN" "http://mybatis.org/dtd/mybatis-3-mapper.dtd">

<mapper namespace="com.plnc.mngr.menu.service.impl.MngrMenuDAO">

	<!-- Menu 조회  -->
	<select id="selectMngrMenuList" parameterType="MngrMenuVO" resultType="MngrMenuVO">
		/* MngrMenuDAO.selectMngrMenuList */
		SELECT MENU_CD
		     , MENU_NM
		     , MENU_URL
		     , MENU_LVL
		     , MENU_ORDR
		     , MENU_NAVI
		     , MENU_DC
		     , MENU_PARNTS_CD
		     , MENU_SE
		     , MENU_DSPLY_AT
		     , MOBL_DSPLY_AT
		     , USE_AT
		     , UPDT_DATE
		  FROM SERTB_MENU
		 WHERE USE_AT = 'Y'
			<if test="searchMenuCd != null and searchMenuCd != ''">
		   AND MENU_CD LIKE CONCAT('%', #{searchMenuCd}, '%')
			</if>
			<if test="searchMenuNm != null and searchMenuNm != ''">
		   AND MENU_NM LIKE CONCAT('%', #{searchMenuNm}, '%')
			</if>
			<if test="searchTotal != null and searchTotal != ''">
		   AND MENU_CD LIKE CONCAT('%', #{searchTotal}, '%') OR MENU_NM LIKE CONCAT('%', #{searchTotal}, '%')
			</if>
		START   WITH MENU_PARNTS_CD = 'MN'
		CONNECT BY PRIOR MENU_CD = MENU_PARNTS_CD
		ORDER SIBLINGS BY MENU_ORDR
	</select>
	
	<!-- 메뉴 트리 조회 -->
	<select id="selectMngrMenuTreeList" resultType="MngrMenuVO">
		<![CDATA[
		/* MngrMenuDAO.selectMngrMenuTreeList */
		SELECT MENU_CD
			 , MENU_NM
			 , MENU_URL
			 , MENU_LVL
			 , MENU_ORDR
			 , MENU_PARNTS_CD
			 , MENU_SE
		  FROM SERTB_MENU
		 WHERE USE_AT = 'Y'
		 ORDER BY MENU_CD
		 ]]>
	</select>
		
	<!-- 메뉴 추가 시 메뉴 코드 자동 저장을 위함 -->
	<select id="selectMenuCd" parameterType="MngrMenuVo" resultType="MngrMenuVo">
		SELECT *
		  FROM SERTB_MENU
		 WHERE MENU_CD = (
							SELECT MAX(MENU_CD) AS MENU_CD
							  FROM SERTB_MENU
					<choose>
						<when test="menuCd == null or menuCd == ''">
		 					 WHERE LENGTH(MENU_CD) = 5
						</when>
						<otherwise>
							 WHERE MENU_CD LIKE CONCAT(#{menuCd}, '%')
						</otherwise>
					</choose>
						 )
	</select>
	
	<!-- 메뉴 등록 및 추가  -->
	<insert id="insertMngrMenu" parameterType="MngrMenuVO">
		/* MngrMenuDAO.insertMngrMenu */
		INSERT INTO SERTB_MENU
		(
	  	  MENU_CD
		, MENU_NM
		, MENU_URL
		, MENU_LVL
		, MENU_ORDR
		, MENU_NAVI
		<if test='menuDc != null and menuDc != ""'>
		, MENU_DC
		</if>
		, MENU_PARNTS_CD
	    , MENU_SE
		, MENU_DSPLY_AT
		, MOBL_DSPLY_AT
		, USE_AT
		, ISRT_ID
		, ISRT_IP
		, ISRT_DATE
		, UPDT_ID
		, UPDT_IP
		, UPDT_DATE
		)
		VALUES
		(
		  #{menuCd}
		, #{menuNm}
		, TRIM(#{menuUrl})
		, #{menuLvl}
		, #{menuOrdr}
		, null
		<if test='menuDc != null and menuDc != ""'>
		, #{menuDc}
		</if>
		, #{menuParntsCd}
		, #{menuSe}
		, #{menuDsplyAt}
		, #{moblDsplyAt}
		, 'Y'
		, #{isrtId}
		, #{isrtIp}
		, SYSDATE
		, #{updtId}
		, #{updtIp}
		, SYSDATE
		)
	</insert>
	
	<!-- 메뉴 수정 -->
	<update id="updateMngrMenu" parameterType="MngrMenuVO">
		UPDATE SERTB_MENU
		   SET MENU_NM = #{menuNm}
		     , MENU_URL = TRIM(#{menuUrl})
		     , MENU_ORDR = #{menuOrdr}
			 , MENU_DC = #{menuDc}
		     , MENU_SE = #{menuSe}
		     , MENU_DSPLY_AT = #{menuDsplyAt}
		     , MOBL_DSPLY_AT = #{moblDsplyAt}
		     , UPDT_IP = #{updtIp}
		     , UPDT_DATE = SYSDATE
		 WHERE MENU_CD = #{menuCd}
	</update>
	
	<!-- 수정할 메뉴 select  -->
	<select id="selectMenuDetailList" parameterType="MngrMenuVO" resultType="MngrMenuVO">
		<![CDATA[
		/* MngrMenuDAO.selectMngrMenuModifyList */
		SELECT *
		  FROM SERTB_MENU
		 WHERE USE_AT = 'Y'
		   AND MENU_CD = #{menuCd}
		]]>
	</select>
	
	<!-- 메뉴 삭제 -->
	<delete id="deleteMngrMenu" parameterType="MngrMenuVO">
		<![CDATA[
		/* MngrMenuDAO.deleteMngrMenu */
		DELETE FROM SERTB_MENU
		 WHERE MENU_CD LIKE CONCAT('%', #{menuCd}, '%')
		]]>
	</delete>
	

</mapper>
