<?xml version="1.0" encoding="UTF-8"?>
<!DOCTYPE mapper PUBLIC "-//mybatis.org//DTD Mapper 3.0//EN" "http://mybatis.org/dtd/mybatis-3-mapper.dtd">

<mapper namespace="com.plnc.mngr.mber.service.impl.MberManageDAO">
	
	<!-- 회원조회 -->
	<select id="selectMngrMemberList" parameterType="MberManageVO" resultType="MberManageVO">
		<include refid="cmmn.include.pageHeader" />
		
		SELECT 	  ROWNUM as no 
				, Y.COMPANY_CD
				, Y.ID
				, Y.RESNO
				, Y.PASSWORD
				, Y.KNAME
				, Y.ENG_NAME
				, Y.CHN_NAME
				, CASE WHEN Y.MEMBER_CD = '91'
	     			THEN 'App'
	     			ELSE 'Web' END AS MEMBER_CD
				, CASE WHEN Y.MEMBER_TYPE = 'G'
	     			THEN '콘도회원그린'
	     			WHEN Y.MEMBER_TYPE = 'R'
	     			THEN '콘도회원레드'
	     			ELSE '일반회원' 
	     			END AS MEMBER_TYPE
				, Y.MEMBER_ST
				, Y.MEMBER_NO
				, Y.SEX_CD
				, Y.BIRTH_DAY
				, CASE WHEN Y.LUNAR_CD = '1'
	     			THEN '양'
	     			ELSE '음' END AS LUNAR_CD
				, Y.HOME_ZIP_CD
				, Y.HOME_ADDR1
				, Y.HOME_ADDR2
				, Y.HOME_TEL1
				, Y.HOME_TEL2
				, Y.HOME_TEL3
				, Y.POST_YN
				, Y.HANDPHONE1
				, CRYPTIT_TYPE2.DECRYPT(Y.HANDPHONE2) AS HANDPHONE2
				, Y.HANDPHONE3
				, Y.SMS_YN
				, CRYPTIT_TYPE2.DECRYPT(Y.EMAIL) AS EMAIL
				, Y.EMAIL_YN
				, Y.ISRT_ID
				, TO_CHAR(Y.ISRT_DATE,'YYYY-MM-DD HH24:MI') AS ISRT_DATE
				, Y.UPDT_ID
				, TO_CHAR(Y.UPDT_DATE,'YYYY-MM-DD HH24:MI') AS UPDT_DATE
				, Y.EMD_NM
				, Y.SIDO_NM
				, (SELECT COUNT(B.ID) FROM SERTB_INQRY B WHERE B.ID = Y.ID) AS INQRY_CNT
				, (SELECT COUNT(B.MEM_ID) FROM SERTB_SHOP_PAYMENT B WHERE B.MEM_ID = Y.ID) AS PAYMENT_CNT
				, NVL(Y.MEMBER_NM, '-') AS MEMBER_NM
			FROM (
			SELECT 
				  X.COMPANY_CD
				, X.ID
				, X.PASSWORD
				, X.KNAME
				, X.RESNO
				, X.ENG_NAME
				, X.CHN_NAME
				, X.MEMBER_CD
				, X.MEMBER_TYPE
				, X.MEMBER_ST
				, X.MEMBER_NO
				, X.SEX_CD
				, X.BIRTH_DAY
				, X.LUNAR_CD
				, X.HOME_ZIP_CD
				, X.HOME_ADDR1
				, X.HOME_ADDR2
				, X.HOME_TEL1
				, X.HOME_TEL2
				, X.HOME_TEL3
				, X.POST_YN
				, X.HANDPHONE1
				, X.HANDPHONE2
				, X.HANDPHONE3
				, X.SMS_YN
				, X.EMAIL
				, X.EMAIL_YN
				, X.ISRT_ID
				, X.ISRT_DATE
				, X.UPDT_ID
				, X.UPDT_DATE
				, X.EMD_NM
				, X.SIDO_NM
				, A.CL_NM AS MEMBER_NM
			FROM (
				    SELECT  
				      A.COMPANY_CD
				    , A.ID
				    , A.PASSWORD
				    , A.KNAME
				    , A.RESNO
				    , A.ENG_NAME
				    , A.CHN_NAME
				    , A.MEMBER_CD
				    , A.MEMBER_TYPE
				    , A.MEMBER_ST
				    , A.MEMBER_NO
				    , A.SEX_CD
				    , A.BIRTH_DAY
				    , A.LUNAR_CD
				    , A.HOME_ZIP_CD
				    , A.HOME_ADDR1
				    , A.HOME_ADDR2
				    , A.HOME_TEL1
				    , A.HOME_TEL2
				    , A.HOME_TEL3
				    , A.POST_YN
				    , A.HANDPHONE1
				    , A.HANDPHONE2
				    , A.HANDPHONE3
				    , A.SMS_YN
				    , A.EMAIL
				    , A.EMAIL_YN
				    , A.ISRT_ID
				    , A.ISRT_DATE
				    , A.UPDT_ID
				    , A.UPDT_DATE
				    , A.EMD_NM
				    , A.SIDO_NM
				    FROM TB_WMEM A
			    UNION ALL
				    SELECT  
				      A.COMPANY_CD
				    , A.ID
				    , A.PASSWORD
				    , A.KNAME
				    , A.RESNO
				    , A.ENG_NAME
				    , A.CHN_NAME
				    , A.MEMBER_CD
				    , A.MEMBER_TYPE
				    , A.MEMBER_ST
				    , A.MEMBER_NO
				    , A.SEX_CD
				    , A.BIRTH_DAY
				    , A.LUNAR_CD
				    , A.HOME_ZIP_CD
				    , A.HOME_ADDR1
				    , A.HOME_ADDR2
				    , A.HOME_TEL1
				    , A.HOME_TEL2
				    , A.HOME_TEL3
				    , A.POST_YN
				    , A.HANDPHONE1
				    , A.HANDPHONE2
				    , A.HANDPHONE3
				    , A.SMS_YN
				    , A.EMAIL
				    , A.EMAIL_YN
				    , A.ISRT_ID
				    , A.ISRT_DATE
				    , A.UPDT_ID
				    , A.UPDT_DATE
				    , A.EMD_NM
				    , A.SIDO_NM
				    FROM TB_WMEM_OUT A
				)X
			LEFT OUTER JOIN SERTB_CL_CD A ON A.CL_GRP = 'USRST'
			AND A.CL_CD = X.MEMBER_ST
			ORDER BY X.ISRT_DATE DESC
		) Y
		WHERE 1=1
		<if test='searchFromDt != null and searchFromDt != "" and searchToDt != null and searchToDt != ""'>
	  		AND Y.ISRT_DATE BETWEEN TO_DATE(CONCAT(REPLACE(#{searchFromDt}, '-', ''), '000000'),'YYYYMMDDHH24MISS') AND TO_DATE(CONCAT(REPLACE(#{searchToDt}, '-', ''), '235959'),'YYYYMMDDHH24MISS')
	    </if>
	    <if test='searchEntryCd != null and searchEntryCd == "91"'>
	    	AND Y.MEMBER_CD = '91'
	    </if>
	    <if test='searchEntryCd != null and searchEntryCd == "90"'>
	    	AND Y.MEMBER_CD <![CDATA[<>]]> '91'
	    </if>
	    <if test='searchMemberCd != null and searchMemberCd != "N" and searchMemberCd != ""'>
	    	AND Y.MEMBER_TYPE = #{searchMemberCd}
	    </if>
	    <if test='searchMemberCd != null and searchMemberCd == "N"'>
	    	AND Y.MEMBER_TYPE IS NULL
	    </if>
	    <if test='searchSexCd != null and searchSexCd != ""'>
	    	AND Y.SEX_CD = #{searchSexCd}
	    </if>
	    <if test='searchSidoNm != null and searchSidoNm != ""'>
	    	AND Y.SIDO_NM LIKE '%'||#{searchSidoNm}||'%'
	    </if>
	    <if test='searchInqryYn == "Y"'>
	    	AND (SELECT COUNT(B.ID) FROM SERTB_INQRY B WHERE B.ID = Y.ID) <![CDATA[>]]> 0
	    </if>
	    <if test='searchInqryYn == "N"'>
	    	AND (SELECT NVL(COUNT(B.ID),0) FROM SERTB_INQRY B WHERE B.ID = Y.ID) = 0
	    </if>
		<if test='searchPayYn == "Y"'>
	    	AND (SELECT COUNT(B.MEM_ID ) FROM SERTB_SHOP_PAYMENT B WHERE B.MEM_ID  = Y.ID) <![CDATA[>]]> 0
	    </if>
	    <if test='searchPayYn == "N"'>
	    	AND (SELECT NVL(COUNT(B.MEM_ID),0) FROM SERTB_SHOP_PAYMENT B WHERE B.MEM_ID  = Y.ID) = 0
	    </if>
	    <if test='searchMemberSt != null and searchMemberSt != ""'>
	    	AND Y.MEMBER_ST = #{searchMemberSt}
	    </if>
	    <if test='searchSmsYn == "N"'>
	    	AND Y.SMS_YN = 'N' OR Y.SMS_YN IS NULL
	    </if>
	    <if test='searchSmsYn == "Y"'>
	    	AND Y.SMS_YN = 'Y'
	    </if>
	    <if test='searchEmailYn == "N"'>
	    	AND Y.EMAIL_YN = 'N' OR Y.EMAIL_YN IS NULL
	    </if>
	    <if test='searchEmailYn == "Y"'>
	    	AND Y.EMAIL_YN = 'Y'
	    </if>
	    <if test='searchKname != null and searchKname != ""'>
	    	AND Y.KNAME = #{searchKname}
	    </if>
	    <if test='searchId != null and searchId != ""'>
	    	AND Y.ID = #{searchId}
	    </if>
	    <if test='searchHandphone1 != null and searchHandphone1 != "" and searchHandphone2 != null and searchHandphone2 != "" and searchHandphone3 != null and searchHandphone3 != ""'>
	    	AND   Y.HANDPHONE1 = #{searchHandphone1}
			AND   Y.HANDPHONE2  = CRYPTIT_TYPE2.ENCRYPT(#{searchHandphone2})
			AND   Y.HANDPHONE3 = #{searchHandphone3}
	    </if>
		<include refid="cmmn.include.pageFooter" />
	</select>
	
	<!-- 전체 건수 조회 -->
	<select id="selectMberManageTotalCnt" parameterType="MberManageVO" resultType="int">
		SELECT COUNT(X.ID)
		FROM (
			    SELECT  
				      COMPANY_CD
				    , ID
				    , PASSWORD
				    , KNAME
				    , ENG_NAME
				    , CHN_NAME
				    , MEMBER_CD
				    , MEMBER_TYPE
				    , MEMBER_ST
				    , MEMBER_NO
				    , SEX_CD
				    , BIRTH_DAY
				    , LUNAR_CD
				    , HOME_ZIP_CD
				    , HOME_ADDR1
				    , HOME_ADDR2
				    , HOME_TEL1
				    , HOME_TEL2
				    , HOME_TEL3
				    , POST_YN
				    , HANDPHONE1
				    , HANDPHONE2
				    , HANDPHONE3
				    , SMS_YN
				    , EMAIL
				    , EMAIL_YN
				    , ISRT_ID
				    , ISRT_DATE
				    , UPDT_ID
				    , UPDT_DATE
				    , EMD_NM
				    , SIDO_NM
				    FROM TB_WMEM
			    UNION ALL
			    SELECT  
				      COMPANY_CD
				    , ID
				    , PASSWORD
				    , KNAME
				    , ENG_NAME
				    , CHN_NAME
				    , MEMBER_CD
				    , MEMBER_TYPE
				    , MEMBER_ST
				    , MEMBER_NO
				    , SEX_CD
				    , BIRTH_DAY
				    , LUNAR_CD
				    , HOME_ZIP_CD
				    , HOME_ADDR1
				    , HOME_ADDR2
				    , HOME_TEL1
				    , HOME_TEL2
				    , HOME_TEL3
				    , POST_YN
				    , HANDPHONE1
				    , HANDPHONE2
				    , HANDPHONE3
				    , SMS_YN
				    , EMAIL
				    , EMAIL_YN
				    , ISRT_ID
				    , ISRT_DATE
				    , UPDT_ID
				    , UPDT_DATE
				    , EMD_NM
				    , SIDO_NM
			    FROM TB_WMEM_OUT
			)X
			WHERE 1=1
			<if test='searchFromDt != null and searchFromDt != "" and searchToDt != null and searchToDt != ""'>
	  			AND X.ISRT_DATE BETWEEN TO_DATE(CONCAT(REPLACE(#{searchFromDt}, '-', ''), '000000'),'YYYYMMDDHH24MISS') AND TO_DATE(CONCAT(REPLACE(#{searchToDt}, '-', ''), '235959'),'YYYYMMDDHH24MISS')
		    </if>
		    <if test='searchEntryCd != null and searchEntryCd == "91"'>
	    		AND X.MEMBER_CD = '91'
		    </if>
		    <if test='searchEntryCd != null and searchEntryCd == "90"'>
		    	AND X.MEMBER_CD <![CDATA[<>]]> '91'
		    </if>
		    <if test='searchMemberCd != null and searchMemberCd != "N" and searchMemberCd != ""'>
		    	AND X.MEMBER_TYPE = #{searchMemberCd}
		    </if>
		    <if test='searchMemberCd != null and searchMemberCd == "N"'>
		    	AND X.MEMBER_TYPE IS NULL
		    </if>
		    <if test='searchSexCd != null and searchSexCd != ""'>
		    	AND X.SEX_CD = #{searchSexCd}
		    </if>
		    <if test='searchSidoNm != null and searchSidoNm != ""'>
		    	AND X.SIDO_NM LIKE '%'||#{searchSidoNm}||'%'
		    </if>
		    <if test='searchInqryYn == "Y"'>
		    	AND (SELECT COUNT(B.ID) FROM SERTB_INQRY B WHERE B.ID = X.ID) <![CDATA[>]]> 0
		    </if>
		    <if test='searchInqryYn == "N"'>
		    	AND (SELECT NVL(COUNT(B.ID),0) FROM SERTB_INQRY B WHERE B.ID = X.ID) = 0
		    </if>
		    <if test='searchPayYn == "Y"'>
		    	AND (SELECT COUNT(B.MEM_ID ) FROM SERTB_SHOP_PAYMENT B WHERE B.MEM_ID  = X.ID) <![CDATA[>]]> 0
		    </if>
		    <if test='searchPayYn == "N"'>
		    	AND (SELECT NVL(COUNT(B.MEM_ID),0) FROM SERTB_SHOP_PAYMENT B WHERE B.MEM_ID  = X.ID) = 0
		    </if>
		    <if test='searchMemberSt != null and searchMemberSt != ""'>
		    	AND X.MEMBER_ST = #{searchMemberSt}
		    </if>
		     <if test='searchSmsYn == "N"'>
		    	AND X.SMS_YN = 'N' OR X.SMS_YN IS NULL
		    </if>
		    <if test='searchSmsYn == "Y"'>
		    	AND X.SMS_YN = 'Y'
		    </if>
		    <if test='searchEmailYn == "N"'>
		    	AND X.EMAIL_YN = 'N' OR X.EMAIL_YN IS NULL
		    </if>
		    <if test='searchEmailYn == "Y"'>
		    	AND X.EMAIL_YN = 'Y'
		    </if>
		    <if test='searchKname != null and searchKname != ""'>
		    	AND X.KNAME = #{searchKname}
		    </if>
		    <if test='searchId != null and searchId != ""'>
		    	AND X.ID = #{searchId}
		    </if>
		    <if test='searchHandphone1 != null and searchHandphone1 != "" and searchHandphone2 != null and searchHandphone2 != "" and searchHandphone3 != null and searchHandphone3 != ""'>
		    	AND   X.HANDPHONE1 = #{searchHandphone1}
				AND   X.HANDPHONE2  = CRYPTIT_TYPE2.ENCRYPT(#{searchHandphone2})
				AND   X.HANDPHONE3 = #{searchHandphone3}
		    </if>
	</select>
	
	<!-- 회원상세 보기 -->
	<select id="selectMngrMemberDetail" parameterType="MberManageVO" resultType="MberManageVO">
			SELECT 
				  X.COMPANY_CD
				, X.ID
				, X.PASSWORD
				, X.KNAME
				, X.RESNO
				, X.ENG_NAME
				, X.CHN_NAME
				, CASE WHEN X.MEMBER_CD = '91'
	     			THEN 'App'
	     			ELSE 'Web' END AS MEMBER_CD
				, CASE WHEN X.MEMBER_TYPE = 'G'
	     			THEN '콘도회원그린'
	     			WHEN X.MEMBER_TYPE = 'R'
	     			THEN '콘도회원레드'
	     			ELSE '일반회원' 
	     			END AS MEMBER_TYPE
				, X.MEMBER_ST
				, X.MEMBER_NO
				, CASE WHEN X.SEX_CD = '1'
	     			THEN '남'
	     			ELSE '여' END AS SEX_CD
				, X.BIRTH_DAY
				, X.LUNAR_CD
				, X.HOME_ZIP_CD
				, X.HOME_ADDR1
				, X.HOME_ADDR2
				, X.HOME_TEL1
				, X.HOME_TEL2
				, X.HOME_TEL3
				, X.POST_YN
				, X.HANDPHONE1
				, CRYPTIT_TYPE2.DECRYPT(X.HANDPHONE2) AS HANDPHONE2
				, X.HANDPHONE3
				, X.SMS_YN
				, CRYPTIT_TYPE2.DECRYPT(X.EMAIL) AS EMAIL
				, X.EMAIL_YN
				, X.ISRT_ID
				, TO_CHAR(X.ISRT_DATE,'YYYY-MM-DD HH:MI') AS ISRT_DATE
				, X.UPDT_ID
				, TO_CHAR(X.UPDT_DATE,'YYYY-MM-DD') AS UPDT_DATE
				, X.EMD_NM
				, X.SIDO_NM
				, X.INQRY_CNT
				, X.PAYMENT_CNT
				, A.CL_NM AS MEMBER_NM
			FROM (
				    SELECT  
				      A.COMPANY_CD
				    , A.ID
				    , A.PASSWORD
				    , A.KNAME
				    , A.RESNO
				    , A.ENG_NAME
				    , A.CHN_NAME
				    , A.MEMBER_CD
				    , A.MEMBER_TYPE
				    , A.MEMBER_ST
				    , A.MEMBER_NO
				    , A.SEX_CD
				    , A.BIRTH_DAY
				    , A.LUNAR_CD
				    , A.HOME_ZIP_CD
				    , A.HOME_ADDR1
				    , A.HOME_ADDR2
				    , A.HOME_TEL1
				    , A.HOME_TEL2
				    , A.HOME_TEL3
				    , A.POST_YN
				    , A.HANDPHONE1
				    , A.HANDPHONE2
				    , A.HANDPHONE3
				    , A.SMS_YN
				    , A.EMAIL
				    , A.EMAIL_YN
				    , A.ISRT_ID
				    , A.ISRT_DATE
				    , A.UPDT_ID
				    , A.UPDT_DATE
				    , A.EMD_NM
				    , A.SIDO_NM
				    , (SELECT COUNT(B.ID) FROM SERTB_INQRY B WHERE B.ID = A.ID) AS INQRY_CNT
				    , (SELECT COUNT(B.MEM_ID ) FROM SERTB_SHOP_PAYMENT B WHERE B.MEM_ID  = A.ID) AS PAYMENT_CNT
				    FROM TB_WMEM A
			    UNION ALL
				    SELECT  
				      A.COMPANY_CD
				    , A.ID
				    , A.PASSWORD
				    , A.KNAME
				    , A.RESNO
				    , A.ENG_NAME
				    , A.CHN_NAME
				    , A.MEMBER_CD
				    , A.MEMBER_TYPE
				    , A.MEMBER_ST
				    , A.MEMBER_NO
				    , A.SEX_CD
				    , A.BIRTH_DAY
				    , A.LUNAR_CD
				    , A.HOME_ZIP_CD
				    , A.HOME_ADDR1
				    , A.HOME_ADDR2
				    , A.HOME_TEL1
				    , A.HOME_TEL2
				    , A.HOME_TEL3
				    , A.POST_YN
				    , A.HANDPHONE1
				    , A.HANDPHONE2
				    , A.HANDPHONE3
				    , A.SMS_YN
				    , A.EMAIL
				    , A.EMAIL_YN
				    , A.ISRT_ID
				    , A.ISRT_DATE
				    , A.UPDT_ID
				    , A.UPDT_DATE
				    , A.EMD_NM
				    , A.SIDO_NM
				    , (SELECT COUNT(B.ID) FROM SERTB_INQRY B WHERE B.ID = A.ID) AS INQRY_CNT
				    , (SELECT COUNT(B.MEM_ID ) FROM SERTB_SHOP_PAYMENT B WHERE B.MEM_ID  = A.ID) AS PAYMENT_CNT
				    FROM TB_WMEM_OUT A
				)X
				LEFT OUTER JOIN SERTB_CL_CD A ON A.CL_GRP = 'USRST'
				AND A.CL_CD = X.MEMBER_ST
				WHERE X.RESNO = #{resno}
	</select>
	
	<!-- 사용자 수정 -->
	<update id="memberBlock" parameterType="MberManageVO">
		UPDATE TB_WMEM
		SET	   MEMBER_ST 				= #{memberSt}
		,	   UPDT_ID					= #{seMngrId}
		, 	   UPDT_DATE 				= SYSDATE
		WHERE  ID	 					= #{id}
	</update>
	
	<select id="areaSelect" resultType="MberManageVO">
		SELECT DISTINCT X.SIDO_NM AS SIDO_NM  FROM (
			SELECT SIDO_NM FROM TB_WMEM
			UNION ALL
			SELECT SIDO_NM FROM TB_WMEM_OUT
		)X
		WHERE X.SIDO_NM IS NOT NULL
	</select>
	
	<select id="mainMemberCount" resultType="MberManageVO">
		SELECT       NVL(MAX(X.TOTAL_NORMAL_MEMBER), 0)                          AS TOTAL_MEMBER
		        ,    NVL(MAX(X.SER_MEMBER), 0)                                   AS SER_MEMBER
		        ,    NVL(MAX(X.WEB_MEMBER), 0)                                   AS WEB_MEMBER
		        ,    NVL(MAX(X.WEB_MEMBER), 0)+NVL(MAX(X.SER_MEMBER), 0)     	 AS MEMBER_TOTAL
		        ,    NVL(MAX(X.SER_MEMBERSHIP), 0)                               AS SER_MEMBERSHIP
		        ,    NVL(MAX(X.WEB_MEMBERSHIP), 0)                               AS WEB_MEMBERSHIP
		        ,    NVL(MAX(X.SER_MEMBERSHIP), 0)+NVL(MAX(X.WEB_MEMBERSHIP), 0) AS MEMBERSHIP_TOTAL
		        ,    NVL(MAX(X.SER_MEMBER), 0)+NVL(MAX(X.SER_MEMBERSHIP), 0)     AS SER_APP_TOTAL
		        ,    NVL(MAX(X.WEB_MEMBER), 0)+NVL(MAX(X.WEB_MEMBERSHIP), 0)     AS WEB_SITE_TOTAL
		        ,    NVL(MAX(X.SER_MEMBER), 0)+NVL(MAX(X.SER_MEMBERSHIP), 0) + NVL(MAX(X.WEB_MEMBER), 0)+NVL(MAX(X.WEB_MEMBERSHIP), 0)     AS TOTAL
		        ,	 to_char(SYSDATE, 'YYYY-MM-DD')								 AS MEMBER_TODAY
			   FROM (
					  SELECT COUNT(A.ID) AS TOTAL_NORMAL_MEMBER
							, SUM(
								  CASE WHEN A.MEMBER_CD = '91' AND TRIM(A.MEMBER_TYPE) IS NULL
												   THEN 1
												   ELSE 0 END
							   )   AS SER_MEMBER
							, SUM(
								  CASE WHEN A.MEMBER_CD <![CDATA[<>]]> '91' AND TRIM(A.MEMBER_TYPE) IS NULL
												   THEN 1
												   ELSE 0 END
							   )   AS WEB_MEMBER
							, SUM(
								  CASE WHEN A.MEMBER_CD = '91' AND TRIM(A.MEMBER_TYPE) IS NOT NULL
												   THEN 1
												   ELSE 0 END
							   )    AS SER_MEMBERSHIP
							, SUM(
								  CASE WHEN A.MEMBER_CD <![CDATA[<>]]> '91' AND TRIM(A.MEMBER_TYPE) IS NOT NULL
												   THEN 1
												   ELSE 0 END
							   )    AS WEB_MEMBERSHIP
						
						FROM TB_WMEM A 
					) X
	</select>
	
	<select id="mainTodayMemberCount" resultType="MberManageVO">
	SELECT       NVL(MAX(X.TOTAL_NORMAL_MEMBER), 0)                          AS TOTAL_MEMBER
	        ,    NVL(MAX(X.SER_MEMBER), 0)                                   AS SER_MEMBER
	        ,    NVL(MAX(X.WEB_MEMBER), 0)                                   AS WEB_MEMBER
	        ,    NVL(MAX(X.WEB_MEMBER), 0)+NVL(MAX(X.SER_MEMBER), 0)     	 AS MEMBER_TOTAL
	        ,    NVL(MAX(X.SER_MEMBERSHIP), 0)                               AS SER_MEMBERSHIP
	        ,    NVL(MAX(X.WEB_MEMBERSHIP), 0)                               AS WEB_MEMBERSHIP
	        ,    NVL(MAX(X.SER_MEMBERSHIP), 0)+NVL(MAX(X.WEB_MEMBERSHIP), 0) AS MEMBERSHIP_TOTAL
	        ,    NVL(MAX(X.SER_MEMBER), 0)+NVL(MAX(X.SER_MEMBERSHIP), 0)     AS SER_APP_TOTAL
	        ,    NVL(MAX(X.WEB_MEMBER), 0)+NVL(MAX(X.WEB_MEMBERSHIP), 0)     AS WEB_SITE_TOTAL
	        ,    NVL(MAX(X.SER_MEMBER), 0)+NVL(MAX(X.SER_MEMBERSHIP), 0) + NVL(MAX(X.WEB_MEMBER), 0)+NVL(MAX(X.WEB_MEMBERSHIP), 0)     AS TOTAL
		   FROM (
				  SELECT COUNT(A.ID) AS TOTAL_NORMAL_MEMBER
						, SUM(
							  CASE WHEN A.MEMBER_CD = '91' AND TRIM(A.MEMBER_TYPE) IS NULL
											   THEN 1
											   ELSE 0 END
						   )   AS SER_MEMBER
						, SUM(
							  CASE WHEN A.MEMBER_CD <![CDATA[<>]]> '91' AND TRIM(A.MEMBER_TYPE) IS NULL
											   THEN 1
											   ELSE 0 END
						   )   AS WEB_MEMBER
						, SUM(
							  CASE WHEN A.MEMBER_CD = '91' AND TRIM(A.MEMBER_TYPE) IS NOT NULL
											   THEN 1
											   ELSE 0 END
						   )    AS SER_MEMBERSHIP
						, SUM(
							  CASE WHEN A.MEMBER_CD <![CDATA[<>]]> '91' AND TRIM(A.MEMBER_TYPE) IS NOT NULL
											   THEN 1
											   ELSE 0 END
						   )    AS WEB_MEMBERSHIP
					
					FROM TB_WMEM A 
					WHERE A.ISRT_DATE BETWEEN TO_DATE(CONCAT(to_char(sysdate,'YYYYMMDD'), '000000'),'YYYYMMDDHH24MISS') AND TO_DATE(CONCAT(to_char(sysdate,'YYYYMMDD'), '235959'),'YYYYMMDDHH24MISS') 
				) X
	</select>
	
	<select id="mainEveMemberCount" resultType="MberManageVO">
	SELECT       NVL(MAX(X.TOTAL_NORMAL_MEMBER), 0)                          AS TOTAL_MEMBER
	        ,    NVL(MAX(X.SER_MEMBER), 0)                                   AS SER_MEMBER
	        ,    NVL(MAX(X.WEB_MEMBER), 0)                                   AS WEB_MEMBER
	        ,    NVL(MAX(X.WEB_MEMBER), 0)+NVL(MAX(X.SER_MEMBER), 0)     	 AS MEMBER_TOTAL
	        ,    NVL(MAX(X.SER_MEMBERSHIP), 0)                               AS SER_MEMBERSHIP
	        ,    NVL(MAX(X.WEB_MEMBERSHIP), 0)                               AS WEB_MEMBERSHIP
	        ,    NVL(MAX(X.SER_MEMBERSHIP), 0)+NVL(MAX(X.WEB_MEMBERSHIP), 0) AS MEMBERSHIP_TOTAL
	        ,    NVL(MAX(X.SER_MEMBER), 0)+NVL(MAX(X.SER_MEMBERSHIP), 0)     AS SER_APP_TOTAL
	        ,    NVL(MAX(X.WEB_MEMBER), 0)+NVL(MAX(X.WEB_MEMBERSHIP), 0)     AS WEB_SITE_TOTAL
	        ,	 to_char(SYSDATE, 'YYYY-MM-DD')								 AS MEMBER_TODAY
	        ,    NVL(MAX(X.SER_MEMBER), 0)+NVL(MAX(X.SER_MEMBERSHIP), 0) + NVL(MAX(X.WEB_MEMBER), 0)+NVL(MAX(X.WEB_MEMBERSHIP), 0)     AS TOTAL
		   FROM (
				  SELECT COUNT(A.ID) AS TOTAL_NORMAL_MEMBER
						, SUM(
							  CASE WHEN A.MEMBER_CD = '91' AND TRIM(A.MEMBER_TYPE) IS NULL
											   THEN 1
											   ELSE 0 END
						   )   AS SER_MEMBER
						, SUM(
							  CASE WHEN A.MEMBER_CD <![CDATA[<>]]> '91' AND TRIM(A.MEMBER_TYPE) IS NULL
											   THEN 1
											   ELSE 0 END
						   )   AS WEB_MEMBER
						, SUM(
							  CASE WHEN A.MEMBER_CD = '91' AND TRIM(A.MEMBER_TYPE) IS NOT NULL
											   THEN 1
											   ELSE 0 END
						   )    AS SER_MEMBERSHIP
						, SUM(
							  CASE WHEN A.MEMBER_CD <![CDATA[<>]]> '91' AND TRIM(A.MEMBER_TYPE) IS NOT NULL
											   THEN 1
											   ELSE 0 END
						   )    AS WEB_MEMBERSHIP
					
					FROM TB_WMEM A 
					WHERE A.ISRT_DATE BETWEEN TO_DATE(CONCAT(to_char(sysdate-1,'YYYYMMDD'), '000000'),'YYYYMMDDHH24MISS') AND TO_DATE(CONCAT(to_char(sysdate-1,'YYYYMMDD'), '235959'),'YYYYMMDDHH24MISS') 
				) X
	</select>

	<!-- 티켓판매 현황 - 오늘날짜기준 구분별 판매건수 -->
	<select id="mainMemberSelaCount" resultType="java.util.HashMap">
		SELECT  RESULT.NETTYPE
		,       RESULT.SEAL 
		,       RESULT.CANCEL 
		,       RESULT.USE  
		,       RESULT.REFUND
		,		RESULT.TOT
		FROM (
		    select  TT.NETTYPE
		    ,       NVL(TT.SEALNET, 0) AS SEAL
		    ,       NVL(TT.CANCELNET, 0) AS CANCEL
		    ,       NVL(TT.USENET, 0)  AS USE
		    ,       NVL(TT.REFUNDNET, 0) AS REFUND
		    ,		(NVL(TT.SEALNET, 0)-NVL(TT.CANCELNET, 0)-NVL(TT.REFUNDNET, 0)) AS TOT
		    from (select 'ONLINE' AS NETTYPE, '판매' as type, count(nvl(ia_sales_amt, 0)) amt
		          from itrev_activity
		          where ia_agent_cd in ('91')
		            and ia_sales_dt like TO_CHAR(SYSDATE, 'YYYYMMDD')||'%'
		          union all
		          select 'ONLINE' AS NETTYPE, '사용' as type, count(nvl(ia_sales_amt, 0)) amt
		          from itrev_activity
		          where ia_agent_cd in ('91')
		            and ia_use_yn in ('Y')
		            and ia_sales_dt like TO_CHAR(SYSDATE, 'YYYYMMDD')||'%'
		          union all
		          select 'ONLINE' AS NETTYPE, '취소' as type, count(nvl(ia_sales_amt, 0)) amt
		          from itrev_activity
		          where ia_agent_cd in ('91')
		            and ia_refund_dt like TO_CHAR(SYSDATE, 'YYYYMMDD')||'%')
		        pivot (max(amt) for type in ('판매' as SEALNET, '취소' as CANCELNET , '사용' as USENET, '환불' as REFUNDNET)) TT
		     union all
		    select  TT.NETTYPE
		    ,       NVL(TT.SEALOFF, 0) AS SEALOFF
		    ,       NVL(TT.CANCELOFF, 0) AS CANCELOFF
		    ,       NVL(TT.USEOFF, 0) AS USEOFF
		    ,       NVL(TT.REFUNDOFF, 0) AS REFUNDOFF
		    ,		(NVL(TT.SEALOFF, 0)-NVL(TT.CANCELOFF, 0)-NVL(TT.REFUNDOFF, 0)) AS TOT
		    from (select 'OFFLINE' AS NETTYPE, '판매' as type, count(nvl(ia_sales_amt, 0)) amt
		          from itrev_activity
		          where ia_agent_cd not in ('91', '92')
		            and ia_sales_dt like TO_CHAR(SYSDATE, 'YYYYMMDD')||'%'
		          union all
		          select 'OFFLINE' AS NETTYPE, '사용' as type, count(nvl(ia_sales_amt, 0)) amt
		          from itrev_activity
		          where ia_agent_cd not in ('91', '92')
		            and ia_use_yn in ('Y')
		            and ia_sales_dt like TO_CHAR(SYSDATE, 'YYYYMMDD')||'%'
		          union all
		          select 'OFFLINE' AS NETTYPE, '취소' as type, count(nvl(ia_sales_amt, 0)) amt
		          from itrev_activity
		          where ia_agent_cd not in ('91', '92')
		            and ia_refund_dt like TO_CHAR(SYSDATE, 'YYYYMMDD')||'%')
		        pivot (max(amt) for type in ('판매' as SEALOFF, '취소' as CANCELOFF , '사용' as USEOFF, '환불' as REFUNDOFF)) TT
		     union all
		    select  TT.NETTYPE
		    ,       NVL(TT.SEALAPP, 0) AS SEALAPP
		    ,       NVL(TT.CANCELAPP, 0) AS CANCELAPP
		    ,       NVL(TT.USEAPP, 0) AS USEAPP
		    ,       NVL(TT.REFUNDAPP, 0) AS REFUNDAPP
		    ,		(NVL(TT.SEALAPP, 0)-NVL(TT.CANCELAPP, 0)-NVL(TT.REFUNDAPP, 0)) AS TOT
		    from (select 'SER' AS NETTYPE, '판매' as type, count(nvl(ia_sales_amt, 0)) amt
		          from itrev_activity
		          where ia_agent_cd in ('92')
		            and ia_sales_dt like TO_CHAR(SYSDATE, 'YYYYMMDD')||'%'
		          union all
		          select 'SER' AS NETTYPE, '사용' as type, count(nvl(ia_sales_amt, 0)) amt
		          from itrev_activity
		          where ia_agent_cd in ('92')
		            and ia_use_yn in ('Y')
		            and ia_sales_dt like TO_CHAR(SYSDATE, 'YYYYMMDD')||'%'
		          union all
		          select 'SER' AS NETTYPE, '취소' as type, count(nvl(ia_sales_amt, 0)) amt
		          from itrev_activity
		          where ia_agent_cd in ('92')
		            and ia_refund_dt like TO_CHAR(SYSDATE, 'YYYYMMDD')||'%')
		        pivot (max(amt) for type in ('판매' as SEALAPP, '취소' as CANCELAPP , '사용' as USEAPP, '환불' as REFUNDAPP)) TT
		) RESULT
	</select>


	<!-- 티켓판매 현황 - 오늘기준 시설별 판매건수 -->
	<select id="mainMemberSelaFcltCount" resultType="java.util.HashMap">
		select  TT.CD_DESC
		,       NVL(TT.SEALFCLT, 0) AS SEALFCLT
		,       NVL(TT.CANCELFCLT, 0) AS CANCELFCLT
		,       NVL(TT.USEFCLT, 0) AS USEFCLT
		,       NVL(TT.REFUNDFCLT, 0) AS REFUNDFCLT
		,       (NVL(TT.SEALFCLT, 0) - NVL(TT.CANCELFCLT, 0) - NVL(TT.REFUNDFCLT, 0)) AS TOT
		from (select cd_desc,
					 type,
					 ia_outlet_cd,
					 amt,
					 CASE
						 WHEN ia_outlet_cd = '28' THEN 1
						 WHEN ia_outlet_cd = '29' THEN 1
						 WHEN ia_outlet_cd = '53' THEN 2
						 WHEN ia_outlet_cd = '51' THEN 3
						 WHEN ia_outlet_cd = '63' THEN 4
						 WHEN ia_outlet_cd = '31' THEN 5
						 WHEN ia_outlet_cd = '54' THEN 6
						 WHEN ia_outlet_cd = '52' THEN 7
						 WHEN ia_outlet_cd = '61' THEN 8
						 ELSE 9
						 END AS gradesort
			  from sycode
					   right join (select *
								   from (select type, ia_outlet_cd, amt
										 from (select '판매' as type, ia_outlet_cd, count(nvl(ia_sales_amt, 0)) over (partition by ia_outlet_cd) as amt
											   from itrev_activity
											   where ia_sales_dt like TO_CHAR(SYSDATE, 'YYYYMMDD')||'%'
											   and ia_agent_cd in ('92')
											   union all
											   select '사용' as type, ia_outlet_cd, count(nvl(ia_sales_amt, 0)) over (partition by ia_outlet_cd) as amt
											   from itrev_activity
											   where lower(ia_use_yn) in ('y')
												 and ia_sales_dt like TO_CHAR(SYSDATE, 'YYYYMMDD')||'%'
												 and ia_agent_cd in ('92')
											   union all
											   select '취소' as type, ia_outlet_cd, count(nvl(ia_sales_amt, 0)) over (partition by ia_outlet_cd) as amt
											   from itrev_activity
											   where ia_refund_dt like TO_CHAR(SYSDATE, 'YYYYMMDD')||'%'
											   and ia_agent_cd in ('92') )
										 group by type, ia_outlet_cd, amt)) ta on sycode.cd_code = ta.ia_outlet_cd) st
			pivot (max(amt) for type in ('판매' as SEALFCLT, '취소' as CANCELFCLT , '사용' as USEFCLT, '환불' as REFUNDFCLT)) TT
		order by gradesort
	</select>

	<!-- 티켓판매 현황 - 전일기준 판매건수 -->
	<select id="mainMemberSelaEveCount" resultType="java.util.HashMap">
		SELECT  RESULT.NETTYPE
		,       RESULT.SEAL 
		,       RESULT.CANCEL 
		,       RESULT.USE  
		,       RESULT.REFUND
		,		RESULT.TOT
		FROM (
		    select  TT.NETTYPE
		    ,       NVL(TT.SEALNET, 0) AS SEAL
		    ,       NVL(TT.CANCELNET, 0) AS CANCEL
		    ,       NVL(TT.USENET, 0)  AS USE
		    ,       NVL(TT.REFUNDNET, 0) AS REFUND
		    ,		(NVL(TT.SEALNET, 0)-NVL(TT.CANCELNET, 0)-NVL(TT.REFUNDNET, 0)) AS TOT
		    from (select 'ONLINE' AS NETTYPE, '판매' as type, count(nvl(ia_sales_amt, 0)) amt
		          from itrev_activity
		          where ia_agent_cd in ('91')
		            and ia_sales_dt like TO_CHAR(SYSDATE-1, 'YYYYMMDD')||'%'
		          union all
		          select 'ONLINE' AS NETTYPE, '사용' as type, count(nvl(ia_sales_amt, 0)) amt
		          from itrev_activity
		          where ia_agent_cd in ('91')
		            and ia_use_yn in ('Y')
		            and ia_sales_dt like TO_CHAR(SYSDATE-1, 'YYYYMMDD')||'%'
		          union all
		          select 'ONLINE' AS NETTYPE, '취소' as type, count(nvl(ia_sales_amt, 0)) amt
		          from itrev_activity
		          where ia_agent_cd in ('91')
		            and ia_refund_dt like TO_CHAR(SYSDATE-1, 'YYYYMMDD')||'%')
		        pivot (max(amt) for type in ('판매' as SEALNET, '취소' as CANCELNET , '사용' as USENET, '환불' as REFUNDNET)) TT
		     union all
		    select  TT.NETTYPE
		    ,       NVL(TT.SEALOFF, 0) AS SEALOFF
		    ,       NVL(TT.CANCELOFF, 0) AS CANCELOFF
		    ,       NVL(TT.USEOFF, 0) AS USEOFF
		    ,       NVL(TT.REFUNDOFF, 0) AS REFUNDOFF
		    ,		(NVL(TT.SEALOFF, 0)-NVL(TT.CANCELOFF, 0)-NVL(TT.REFUNDOFF, 0)) AS TOT
		    from (select 'OFFLINE' AS NETTYPE, '판매' as type, count(nvl(ia_sales_amt, 0)) amt
		          from itrev_activity
		          where ia_agent_cd not in ('91', '92')
		            and ia_sales_dt like TO_CHAR(SYSDATE-1, 'YYYYMMDD')||'%'
		          union all
		          select 'OFFLINE' AS NETTYPE, '사용' as type, count(nvl(ia_sales_amt, 0)) amt
		          from itrev_activity
		          where ia_agent_cd not in ('91', '92')
		            and ia_use_yn in ('Y')
		            and ia_sales_dt like TO_CHAR(SYSDATE-1, 'YYYYMMDD')||'%'
		          union all
		          select 'OFFLINE' AS NETTYPE, '취소' as type, count(nvl(ia_sales_amt, 0)) amt
		          from itrev_activity
		          where ia_agent_cd not in ('91', '92')
		            and ia_refund_dt like TO_CHAR(SYSDATE-1, 'YYYYMMDD')||'%')
		        pivot (max(amt) for type in ('판매' as SEALOFF, '취소' as CANCELOFF , '사용' as USEOFF, '환불' as REFUNDOFF)) TT
		     union all
		    select  TT.NETTYPE
		    ,       NVL(TT.SEALAPP, 0) AS SEALAPP
		    ,       NVL(TT.CANCELAPP, 0) AS CANCELAPP
		    ,       NVL(TT.USEAPP, 0) AS USEAPP
		    ,       NVL(TT.REFUNDAPP, 0) AS REFUNDAPP
		    ,		(NVL(TT.SEALAPP, 0)-NVL(TT.CANCELAPP, 0)-NVL(TT.REFUNDAPP, 0)) AS TOT
		    from (select 'SER' AS NETTYPE, '판매' as type, count(nvl(ia_sales_amt, 0)) amt
		          from itrev_activity
		          where ia_agent_cd in ('92')
		            and ia_sales_dt like TO_CHAR(SYSDATE-1, 'YYYYMMDD')||'%'
		          union all
		          select 'SER' AS NETTYPE, '사용' as type, count(nvl(ia_sales_amt, 0)) amt
		          from itrev_activity
		          where ia_agent_cd in ('92')
		            and ia_use_yn in ('Y')
		            and ia_sales_dt like TO_CHAR(SYSDATE-1, 'YYYYMMDD')||'%'
		          union all
		          select 'SER' AS NETTYPE, '취소' as type, count(nvl(ia_sales_amt, 0)) amt
		          from itrev_activity
		          where ia_agent_cd in ('92')
		            and ia_refund_dt like TO_CHAR(SYSDATE-1, 'YYYYMMDD')||'%')
		        pivot (max(amt) for type in ('판매' as SEALAPP, '취소' as CANCELAPP , '사용' as USEAPP, '환불' as REFUNDAPP)) TT
		) RESULT
	</select>

	<!-- 티켓매출 현황 - 오늘날짜기준 구분별 매출액 -->
	<select id="mainMemberSelngCount" resultType="java.util.HashMap">
		SELECT  RESULT.NETTYPE
		,       RESULT.SEAL 
		,       RESULT.CANCEL 
		,       RESULT.USE  
		,       RESULT.REFUND
		,		RESULT.TOT
		FROM (
		    select TT.NETTYPE
		    ,       NVL(TT.SEALNET, 0) AS SEAL
		    ,       NVL(TT.CANCELNET, 0) AS CANCEL
		    ,       NVL(TT.USENET, 0)  AS USE
		    ,       NVL(TT.REFUNDNET, 0) AS REFUND
		    ,		(NVL(TT.SEALNET, 0)-NVL(TT.CANCELNET, 0)-NVL(TT.REFUNDNET, 0)) AS TOT
		    from (select 'ONLINE' AS NETTYPE, '판매' as type, sum(nvl(ia_sales_amt, 0)) amt
		          from itrev_activity
		          where ia_agent_cd in ('91')
		            and ia_sales_dt like TO_CHAR(SYSDATE, 'YYYYMMDD')||'%'
		          union all
		          select 'ONLINE' AS NETTYPE, '사용' as type, sum(nvl(ia_sales_amt, 0)) amt
		          from itrev_activity
		          where ia_agent_cd in ('91')
		            and ia_use_yn in ('Y')
		            and ia_sales_dt like TO_CHAR(SYSDATE, 'YYYYMMDD')||'%'
		          union all
		          select 'ONLINE' AS NETTYPE, '취소' as type, sum(nvl(ia_sales_amt, 0)) amt
		          from itrev_activity
		          where ia_agent_cd in ('91')
		            and ia_refund_dt like TO_CHAR(SYSDATE, 'YYYYMMDD')||'%')
		        pivot (max(amt) for type in ('판매' as SEALNET, '취소' as CANCELNET , '사용' as USENET, '환불' as REFUNDNET)) TT
		      union all
		        select TT.NETTYPE
		    ,       NVL(TT.SEALOFF, 0) AS SEALOFF
		    ,       NVL(TT.CANCELOFF, 0) AS CANCELOFF
		    ,       NVL(TT.USEOFF, 0) AS USEOFF
		    ,       NVL(TT.REFUNDOFF, 0) AS REFUNDOFF
		    ,		(NVL(TT.SEALOFF, 0)-NVL(TT.CANCELOFF, 0)-NVL(TT.REFUNDOFF, 0)) AS TOT
		    from (select 'OFFLINE' AS NETTYPE, '판매' as type, sum(nvl(ia_sales_amt, 0)) amt
		          from itrev_activity
		          where ia_agent_cd not in ('91', '92')
		            and ia_sales_dt like TO_CHAR(SYSDATE, 'YYYYMMDD')||'%'
		          union all
		          select 'OFFLINE' AS NETTYPE, '사용' as type, sum(nvl(ia_sales_amt, 0)) amt
		          from itrev_activity
		          where ia_agent_cd not in ('91', '92')
		            and ia_use_yn in ('Y')
		            and ia_sales_dt like TO_CHAR(SYSDATE, 'YYYYMMDD')||'%'
		          union all
		          select 'OFFLINE'AS NETTYPE , '취소' as type, sum(nvl(ia_sales_amt, 0)) amt
		          from itrev_activity
		          where ia_agent_cd not in ('91', '92')
		            and ia_refund_dt like TO_CHAR(SYSDATE, 'YYYYMMDD')||'%')
		        pivot (max(amt) for type in ('판매' as SEALOFF, '취소' as CANCELOFF , '사용' as USEOFF, '환불' as REFUNDOFF)) TT
		      union all
		        select TT.NETTYPE
		    ,       NVL(TT.SEALAPP, 0) AS SEALAPP
		    ,       NVL(TT.CANCELAPP, 0) AS CANCELAPP
		    ,       NVL(TT.USEAPP, 0) AS USEAPP
		    ,       NVL(TT.REFUNDAPP, 0) AS REFUNDAPP
		    ,		(NVL(TT.SEALAPP, 0)-NVL(TT.CANCELAPP, 0)-NVL(TT.REFUNDAPP, 0)) AS TOT
		    from (select 'SER' AS NETTYPE, '판매' as type, sum(nvl(ia_sales_amt, 0)) amt
		          from itrev_activity
		          where ia_agent_cd in ('92')
		            and ia_sales_dt like TO_CHAR(SYSDATE, 'YYYYMMDD')||'%'
		          union all
		          select 'SER' AS NETTYPE, '사용' as type, sum(nvl(ia_sales_amt, 0)) amt
		          from itrev_activity
		          where ia_agent_cd in ('92')
		            and ia_use_yn in ('Y')
		            and ia_sales_dt like TO_CHAR(SYSDATE, 'YYYYMMDD')||'%'
		          union all
		          select 'SER' AS NETTYPE, '취소' as type, sum(nvl(ia_sales_amt, 0)) amt
		          from itrev_activity
		          where ia_agent_cd in ('92')
		            and ia_refund_dt like TO_CHAR(SYSDATE, 'YYYYMMDD')||'%')
		        pivot (max(amt) for type in ('판매' as SEALAPP, '취소' as CANCELAPP , '사용' as USEAPP, '환불' as REFUNDAPP)) TT
		)RESULT
	</select>

	<!-- 티켓매출 현황 - 시설별 금액 -->
	<select id="mainMemberSelngFcltCount" resultType="java.util.HashMap">
		select TT.CD_DESC
		,       NVL(TT.SEALFCLT, 0) AS SEALFCLT
		,       NVL(TT.CANCELFCLT, 0) AS CANCELFCLT
		,       NVL(TT.USEFCLT, 0) AS USEFCLT
		,       NVL(TT.REFUNDFCLT, 0) AS REFUNDFCLT
		,       (NVL(TT.SEALFCLT, 0) - NVL(TT.CANCELFCLT, 0) - NVL(TT.REFUNDFCLT, 0)) AS TOT
		from (select cd_desc,
					 type,
					 ia_outlet_cd,
					 amt,
					 CASE
						 WHEN ia_outlet_cd = '28' THEN 1
						 WHEN ia_outlet_cd = '29' THEN 1
						 WHEN ia_outlet_cd = '53' THEN 2
						 WHEN ia_outlet_cd = '51' THEN 3
						 WHEN ia_outlet_cd = '63' THEN 4
						 WHEN ia_outlet_cd = '31' THEN 5
						 WHEN ia_outlet_cd = '54' THEN 6
						 WHEN ia_outlet_cd = '52' THEN 7
						 WHEN ia_outlet_cd = '61' THEN 8
						 ELSE 9
						 END AS gradesort
			  from sycode
					   right join (select *
								   from (select type, ia_outlet_cd, amt
										 from (select '판매' as type, ia_outlet_cd, sum(nvl(ia_sales_amt, 0)) over (partition by ia_outlet_cd) as amt
											   from itrev_activity
											   where ia_sales_dt like TO_CHAR(SYSDATE, 'YYYYMMDD')||'%'
											   and ia_agent_cd in ('92')
											   union all
											   select '사용' as type, ia_outlet_cd, sum(nvl(ia_sales_amt, 0)) over (partition by ia_outlet_cd) as amt
											   from itrev_activity
											   where lower(ia_use_yn) in ('y')
												 and ia_sales_dt like TO_CHAR(SYSDATE, 'YYYYMMDD')||'%'
												 and ia_agent_cd in ('92')
											   union all
											   select '취소' as type, ia_outlet_cd, sum(nvl(ia_sales_amt, 0)) over (partition by ia_outlet_cd) as amt
											   from itrev_activity
											   where ia_refund_dt like TO_CHAR(SYSDATE, 'YYYYMMDD')||'%'
											   and ia_agent_cd in ('92') )
										 group by type, ia_outlet_cd, amt)) ta on sycode.cd_code = ta.ia_outlet_cd) st
			pivot (max(amt) for type in ('판매' as SEALFCLT, '취소' as CANCELFCLT , '사용' as USEFCLT, '환불' as REFUNDFCLT)) TT
		order by gradesort
	</select>

	<!-- 티켓매출 현황 - 전일기준 매출금액 -->
	<select id="mainMemberSelngEveCount" resultType="java.util.HashMap">
		SELECT  RESULT.NETTYPE
		,       RESULT.SEAL 
		,       RESULT.CANCEL 
		,       RESULT.USE  
		,       RESULT.REFUND
		,		RESULT.TOT
		FROM (
		    select TT.NETTYPE
		    ,       NVL(TT.SEALNET, 0) AS SEAL
		    ,       NVL(TT.CANCELNET, 0) AS CANCEL
		    ,       NVL(TT.USENET, 0)  AS USE
		    ,       NVL(TT.REFUNDNET, 0) AS REFUND
		    ,		(NVL(TT.SEALNET, 0)-NVL(TT.CANCELNET, 0)-NVL(TT.REFUNDNET, 0)) AS TOT
		    from (select 'ONLINE' AS NETTYPE, '판매' as type, sum(nvl(ia_sales_amt, 0)) amt
		          from itrev_activity
		          where ia_agent_cd in ('91')
		            and ia_sales_dt like TO_CHAR(SYSDATE-1, 'YYYYMMDD')||'%'
		          union all
		          select 'ONLINE' AS NETTYPE, '사용' as type, sum(nvl(ia_sales_amt, 0)) amt
		          from itrev_activity
		          where ia_agent_cd in ('91')
		            and ia_use_yn in ('Y')
		            and ia_sales_dt like TO_CHAR(SYSDATE-1, 'YYYYMMDD')||'%'
		          union all
		          select 'ONLINE' AS NETTYPE, '취소' as type, sum(nvl(ia_sales_amt, 0)) amt
		          from itrev_activity
		          where ia_agent_cd in ('91')
		            and ia_refund_dt like TO_CHAR(SYSDATE-1, 'YYYYMMDD')||'%')
		        pivot (max(amt) for type in ('판매' as SEALNET, '취소' as CANCELNET , '사용' as USENET, '환불' as REFUNDNET)) TT
		      union all
		        select TT.NETTYPE
		    ,       NVL(TT.SEALOFF, 0) AS SEALOFF
		    ,       NVL(TT.CANCELOFF, 0) AS CANCELOFF
		    ,       NVL(TT.USEOFF, 0) AS USEOFF
		    ,       NVL(TT.REFUNDOFF, 0) AS REFUNDOFF
		    ,		(NVL(TT.SEALOFF, 0)-NVL(TT.CANCELOFF, 0)-NVL(TT.REFUNDOFF, 0)) AS TOT
		    from (select 'OFFLINE' AS NETTYPE, '판매' as type, sum(nvl(ia_sales_amt, 0)) amt
		          from itrev_activity
		          where ia_agent_cd not in ('91', '92')
		            and ia_sales_dt like TO_CHAR(SYSDATE-1, 'YYYYMMDD')||'%'
		          union all
		          select 'OFFLINE' AS NETTYPE, '사용' as type, sum(nvl(ia_sales_amt, 0)) amt
		          from itrev_activity
		          where ia_agent_cd not in ('91', '92')
		            and ia_use_yn in ('Y')
		            and ia_sales_dt like TO_CHAR(SYSDATE-1, 'YYYYMMDD')||'%'
		          union all
		          select 'OFFLINE'AS NETTYPE , '취소' as type, sum(nvl(ia_sales_amt, 0)) amt
		          from itrev_activity
		          where ia_agent_cd not in ('91', '92')
		            and ia_refund_dt like TO_CHAR(SYSDATE-1, 'YYYYMMDD')||'%')
		        pivot (max(amt) for type in ('판매' as SEALOFF, '취소' as CANCELOFF , '사용' as USEOFF, '환불' as REFUNDOFF)) TT
		      union all
		        select TT.NETTYPE
		    ,       NVL(TT.SEALAPP, 0) AS SEALAPP
		    ,       NVL(TT.CANCELAPP, 0) AS CANCELAPP
		    ,       NVL(TT.USEAPP, 0) AS USEAPP
		    ,       NVL(TT.REFUNDAPP, 0) AS REFUNDAPP
		    ,		(NVL(TT.SEALAPP, 0)-NVL(TT.CANCELAPP, 0)-NVL(TT.REFUNDAPP, 0)) AS TOT
		    from (select 'SER' AS NETTYPE, '판매' as type, sum(nvl(ia_sales_amt, 0)) amt
		          from itrev_activity
		          where ia_agent_cd in ('92')
		            and ia_sales_dt like TO_CHAR(SYSDATE-1, 'YYYYMMDD')||'%'
		          union all
		          select 'SER' AS NETTYPE, '사용' as type, sum(nvl(ia_sales_amt, 0)) amt
		          from itrev_activity
		          where ia_agent_cd in ('92')
		            and ia_use_yn in ('Y')
		            and ia_sales_dt like TO_CHAR(SYSDATE-1, 'YYYYMMDD')||'%'
		          union all
		          select 'SER' AS NETTYPE, '취소' as type, sum(nvl(ia_sales_amt, 0)) amt
		          from itrev_activity
		          where ia_agent_cd in ('92')
		            and ia_refund_dt like TO_CHAR(SYSDATE-1, 'YYYYMMDD')||'%')
		        pivot (max(amt) for type in ('판매' as SEALAPP, '취소' as CANCELAPP , '사용' as USEAPP, '환불' as REFUNDAPP)) TT
		)RESULT
	</select>

	<select id="execSqlString" parameterType="java.lang.String" resultType="java.util.HashMap">
		${value}
	</select>

	
</mapper>
