<?xml version="1.0" encoding="UTF-8"?>
<!DOCTYPE mapper PUBLIC "-//mybatis.org//DTD Mapper 3.0//EN" "http://mybatis.org/dtd/mybatis-3-mapper.dtd">

<mapper namespace="com.plnc.mngr.stplat.service.impl.StplatDAO">

	<!-- 약관 목록 조회 -->
	<select id="selectStplatList" parameterType="StplatVO" resultType="StplatVO">
		<include refid="cmmn.include.pageHeader" />
		/* StplatDAO.selectStplatList */
			SELECT ROWNUM as no 
			 , X.STPLAT_VER
			 , X.STPLAT_SE
		     , X.CL_NM
			 , X.STPLAT_SJ
			 , X.STPLAT_CN
			 , X.STPLAT_ORDR
			 , X.ESSNTL_AT
			 , X.USE_AT
			 , X.ISRT_ID
			 , TO_CHAR(X.ISRT_DATE,'YYYY-MM-DD') AS ISRT_DATE
		  FROM (  SELECT  ROWNUM as no
		  				, A.STPLAT_VER
					 	, A.STPLAT_SE
				     	, B.CL_NM
					 	, A.STPLAT_SJ
					 	, A.STPLAT_CN
					 	, A.STPLAT_ORDR
					 	, A.ESSNTL_AT
					 	, A.USE_AT
					 	, A.ISRT_ID
				    	, A.ISRT_DATE
					 FROM SERTB_STPLAT A
					 INNER JOIN SERTB_CL_CD B ON B.CL_GRP = 'STPSE'
					 AND A.STPLAT_SE = B.CL_CD
					 WHERE 1 = 1
					<if test="searchStplatSj != null and searchStplatSj != ''">
						AND A.STPLAT_SJ LIKE '%'|| #{searchStplatSj} ||'%'
					</if>
					<if test="searchStplatCn != null and searchStplatCn != ''">
						AND A.STPLAT_CN LIKE '%'|| #{searchStplatCn} ||'%'
					</if>
					<if test="searchTotal != null and searchTotal != ''">
						AND (A.STPLAT_SJ LIKE '%'|| #{searchTotal} ||'%' OR A.STPLAT_CN LIKE '%'|| #{searchTotal}||'%')
					</if>
					<if test="searchStp != null and searchStp != ''">
						AND A.STPLAT_SE = #{searchStp}
					</if>
					ORDER BY A.UPDT_DATE DESC
		  		)X
		<include refid="cmmn.include.pageFooter" />
	</select>

	<!-- 약관 목록 총건수  -->
	<select id="selectStplatTotalCnt" resultType="int">
		/* StplatqDAO.selectStplatTotalCnt */
		SELECT COUNT(X.STPLAT_VER)
		  FROM (  SELECT  ROWNUM as no
		  				, A.STPLAT_VER
					 	, A.STPLAT_SE
				     	, B.CL_NM
					 	, A.STPLAT_SJ
					 	, A.STPLAT_CN
					 	, A.STPLAT_ORDR
					 	, A.ESSNTL_AT
					 	, A.USE_AT
					 	, A.ISRT_ID
				    	, A.ISRT_DATE
					 FROM SERTB_STPLAT A
					 INNER JOIN SERTB_CL_CD B ON B.CL_GRP = 'STPSE'
					 AND A.STPLAT_SE = B.CL_CD
					 WHERE 1 = 1
					<if test="searchStplatSj != null and searchStplatSj != ''">
						AND A.STPLAT_SJ LIKE '%'|| #{searchStplatSj} ||'%'
					</if>
					<if test="searchStplatCn != null and searchStplatCn != ''">
						AND A.STPLAT_CN LIKE '%'|| #{searchStplatCn} ||'%'
					</if>
					<if test="searchTotal != null and searchTotal != ''">
						AND (A.STPLAT_SJ LIKE '%'|| #{searchTotal} ||'%' OR A.STPLAT_CN LIKE '%'|| #{searchTotal}||'%')
					</if>
					<if test="searchStp != null and searchStp != ''">
						AND A.STPLAT_SE = #{searchStp}
					</if>
					ORDER BY A.UPDT_DATE DESC
		  		)X
	</select>
	
	<!-- 약관 등록 -->
	<insert id="insertStplat" parameterType="StplatVO">
		/* StplatqDAO.insertStplat */
		INSERT INTO SERTB_STPLAT
		(
		  STPLAT_VER
		, STPLAT_SE
		, STPLAT_SJ
		, STPLAT_CN
		, STPLAT_ORDR
		, ESSNTL_AT
		, USE_AT
	    , ISRT_ID
	    , ISRT_IP
		, ISRT_DATE
		, UPDT_ID
		, UPDT_IP
		, UPDT_DATE
		)
		VALUES
		(
		  #{stplatVer}
		, #{stplatSe}
		, #{stplatSj}
		, #{stplatCn}
		, #{stplatOrdr}
		, #{essntlAt}
		, #{useAt}
		, #{mngrId}
		, #{isrtIp}
		, SYSDATE
		, #{mngrId}
		, #{updtIp}
		, SYSDATE
		)
	</insert>
	
	<!-- 등록 시 사용/미사용 처리 -->
	<update id="updatUseAtRegist" parameterType="StplatVO">
		UPDATE SERTB_STPLAT
		   SET USE_AT = 'N'
		 WHERE STPLAT_VER != #{stplatVer}
		   AND STPLAT_SE = #{stplatSe}
	</update>
	
	<!-- 약관 등록 조회 -->
	<select id="selectStplatRegist" parameterType="StplatVO" resultType="StplatVO">
		/* StplatqDAO.selectStplatRegist */
		SELECT STPLAT_ORDR
			 , STPLAT_VER
	  		 , STPLAT_SE
	  		 , STPLAT_SJ
	  		 , STPLAT_CN
  		  FROM SERTB_STPLAT
 		 WHERE STPLAT_SE = #{stplatSe}
 		 AND   ROWNUM = 1
 		 ORDER BY STPLAT_VER DESC 
	</select>
	
	<!-- 약관 상세 조회 -->
	<select id="selectStplatDetail" parameterType="StplatVO" resultType="StplatVO">
		/* StplatqDAO.selectStplatDetail */
		SELECT A.STPLAT_VER
			 , A.STPLAT_SE
			 , A.STPLAT_SJ
	  		 , A.STPLAT_CN
			 , A.STPLAT_ORDR
			 , A.ESSNTL_AT
			 , A.USE_AT
			 , B.ISRT_ID
			 , TO_CHAR(A.ISRT_DATE,'YYYY-MM-DD') AS ISRT_DATE
		  FROM SERTB_STPLAT A
		 INNER JOIN SERTB_MNGR B ON B.MNGR_ID = A.UPDT_ID
		 WHERE STPLAT_SE = #{stplatSe}
		   AND STPLAT_VER = #{stplatVer}
	</select>
	
	<!-- 약관 사용/미사용 저장 -->
	<update id="updateUseAt" parameterType="StplatVO">
		UPDATE SERTB_STPLAT
		   SET USE_AT = #{useAt}
		 WHERE STPLAT_SE = #{stplatSe}
		   AND STPLAT_VER = #{stplatVer}
	</update>
	
</mapper>