<?xml version="1.0" encoding="UTF-8"?>
<!DOCTYPE mapper PUBLIC "-//mybatis.org//DTD Mapper 3.0//EN" "http://mybatis.org/dtd/mybatis-3-mapper.dtd">

<mapper namespace="com.plnc.mngr.auth.service.impl.AuthDAO">
	
	<!-- 권한 조회 -->
	<select id="selectAuthList" parameterType="AuthVO" resultType="AuthVO">
		/* AuthDAO.selectAuthList */
		SELECT A.AUTH_CD
		     , A.AUTH_NM
		     , A.AUTH_DC
		     , A.AUTH_BASIC_AT
		     , A.USE_AT
		     , TO_CHAR(A.UPDT_DATE, 'YYYY-MM-DD') AS UPDT_DATE
		  FROM SERTB_AUTH A
		 WHERE A.USE_AT = 'Y'
		 <if test='searchTyCd == "code"'>
			 AND   AUTH_CD LIKE '%'||#{searchWord}||'%'
		 </if>
		 <if test='searchTyCd == "name"'>
			 AND   AUTH_NM LIKE '%'||#{searchWord}||'%'
		 </if>
		 ORDER BY A.AUTH_CD
	</select>
	
	<!-- 권한 조회 -->
	<select id="selectAuthOne" parameterType="AuthVO" resultType="AuthVO">
			SELECT A.AUTH_CD
		     , A.AUTH_NM
		     , A.AUTH_DC
		     , A.AUTH_BASIC_AT
		     , A.USE_AT
		     , A.UPDT_DATE
		  FROM SERTB_AUTH A
		 WHERE A.AUTH_CD = #{authCd}
		 ORDER BY A.AUTH_CD
	</select>
	
	<!-- 권한 등록 -->
	<insert id="insertAuth" parameterType="AuthVO">
		/* AuthDAO.insertAuth */
		INSERT INTO SERTB_AUTH
		(
		  AUTH_CD
		, AUTH_NM
		<if test='authDc != null and authDc != ""'>
		, AUTH_DC
		</if>
		, AUTH_BASIC_AT
		, USE_AT
		, ISRT_ID
		, ISRT_IP
		, ISRT_DATE
		, UPDT_ID
		, UPDT_IP
		, UPDT_DATE
		)
		VALUES
		(
		  #{authCd}
		, #{authNm}
		<if test='authDc != null and authDc != ""'>
		, #{authDc}
		</if>
		, #{authBasicAt}
		, 'Y'
		, #{isrtId}
		, #{isrtIp}
		, SYSDATE
		, #{updtId}
		, #{updtIp}
		, SYSDATE
		)
	</insert>
	
	<!-- 권한 등록 -->
	<insert id="updateAuth" parameterType="AuthVO">
		/* AuthDAO.updateAuth */
		UPDATE SERTB_AUTH
		SET AUTH_NM			=	#{authNm}
		,	AUTH_DC			=	#{authDc}
		,	AUTH_BASIC_AT	=	#{authBasicAt}
		,	USE_AT			=	#{useAt}
		, 	UPDT_IP			=	#{updtIp}
		, 	UPDT_DATE		=	SYSDATE
		WHERE AUTH_CD		=	#{authCd}
	</insert>

	<!-- 권한별 메뉴 삭제 -->
	<delete id="authMenuRemove" parameterType="AuthVO">
		<![CDATA[
		/* AuthDAO.authMenuRemove */
		DELETE
		  FROM SERTB_AUTH_MENU
		 WHERE AUTH_CD = #{authCd}
		]]>
	</delete>
	
	<!-- 권한 삭제 -->
	<update id="authRemove" parameterType="AuthVO">
		<![CDATA[
		/* AuthDAO.authRemove */
		UPDATE SERTB_AUTH
		 SET	USE_AT = 'N'
		 WHERE 1	=	1
		 AND AUTH_CD = #{authCd}
		]]>
	</update>
	
	<select id="authRemoveCheck" parameterType="AuthVO" resultType="AuthVO">
	SELECT SUM(CNT) AS authCnt
		  FROM (
				SELECT COUNT(*) AS CNT
					FROM SERTB_AUTH_MENU
					WHERE AUTH_CD = #{authCd}
				UNION ALL
				SELECT COUNT(MNGR_GRAD) AS CNT
					FROM SERTB_MNGR
					WHERE MNGR_GRAD = #{authCd}
				UNION ALL
				SELECT COUNT(AUTH_CD) AS CNT
					FROM SERTB_MNGR_AUTH
					WHERE AUTH_CD = #{authCd}
				UNION ALL
				SELECT COUNT(AUTH_CD) AS CNT
					FROM SERTB_USER_AUTH
					WHERE AUTH_CD = #{authCd}
				  ) X 
	</select>

	<!-- 권한별 메뉴 조회  -->
	<select id="selectAuthMenuList" parameterType="AuthVO" resultType="AuthVO">
		/* AuthDAO.selectAuthMenuList */
		SELECT A.MENU_CD
		     , A.MENU_NM
		     , A.MENU_URL
		     , A.MENU_LVL
		     , A.MENU_ORDR
		     , A.MENU_NAVI
		     , A.MENU_DC
		     , A.MENU_PARNTS_CD
		     , A.MENU_DSPLY_AT
		     , A.MOBL_DSPLY_AT
		     , A.USE_AT
		     , UPDT_DATE
		 FROM SERTB_MENU A
		WHERE A.USE_AT = 'Y'
		<if test='menuSe != null and menuSe != ""'>
		  AND A.MENU_SE = #{menuSe}
		</if>
		START   WITH MENU_PARNTS_CD = 'MN'
		CONNECT BY PRIOR MENU_CD = MENU_PARNTS_CD
		ORDER SIBLINGS BY MENU_ORDR
	</select>
	
	<!-- 권한 지정된 메뉴 가져옴 -->
	<select id="selectMenu" parameterType="String" resultType="egovMap">
		<![CDATA[
		/* AuthDAO.selectMenu */
		SELECT A.AUTH_CD
		     , A.MENU_CD
		  FROM SERTB_AUTH_MENU A
		 WHERE A.AUTH_CD = #{authCd}
		 ORDER BY A.AUTH_CD
		]]>
	</select>
	
	<!-- 선택한 메뉴 메뉴 저장  -->
	<update id="authMenuCheckSave" parameterType="AuthVO">
		<![CDATA[
		/* AuthDAO.authMenuCheckSave */
		MERGE INTO SERTB_AUTH_MENU
			USING DUAL
			ON (
			      	AUTH_CD = #{authCd}
			    AND MENU_CD = #{menuCd}
			    )
		WHEN MATCHED THEN
			    UPDATE SET 
			    	UPDT_ID = #{updtId}
			    ,	UPDT_IP = #{updtIp}
			    ,	UPDT_DATE = SYSDATE
		WHEN NOT MATCHED THEN
			    INSERT (
			          AUTH_CD
					, MENU_CD
					, ISRT_ID
					, ISRT_IP
					, ISRT_DATE
					, UPDT_ID
					, UPDT_IP
					, UPDT_DATE
			    )
			    VALUES (
			          #{authCd}
					, #{menuCd}
					, #{isrtId}
					, #{isrtIp}
					, SYSDATE
					, #{updtId}
					, #{updtIp}
					, SYSDATE
			    )
		]]>
	</update>
	
	<!-- 선택 안한 메뉴 삭제 -->
	<delete id="authMenuNotCheckSave" parameterType="AuthVO">
		<![CDATA[
		/* AuthDAO.authMenuNotCheckSave */
		DELETE 
		  FROM SERTB_AUTH_MENU
		 WHERE AUTH_CD = #{authCd}
		   AND MENU_CD = #{menuCd}
		]]>
	</delete>
	
	<!-- 메뉴 가져옴 -->
	<select id="selectMenuList" resultType="java.lang.String">
		/* AuthDAO.selectMenu */
		SELECT  MENU_CD
			FROM SERTB_MENU
			WHERE MENU_SE = '1'
	</select>
</mapper>