<?xml version="1.0" encoding="UTF-8"?>
<!DOCTYPE configuration PUBLIC "-//mybatis.org//DTD Config 3.0//EN" "http://mybatis.org/dtd/mybatis-3-config.dtd">

<configuration>
	<settings>
		<setting name="jdbcTypeForNull" value="NULL"/>
		<setting name="callSettersOnNulls" value="true"/>
		<setting name="mapUnderscoreToCamelCase" value="true" />
	</settings>
	
    <typeAliases>
		
		<!-- 전자정부 프레임워크 Map 사용시 -->
		<typeAlias alias="egovMap" type="egovframework.rte.psl.dataaccess.util.EgovMap"/>
		
		<!-- scan -->
		<package name="com.plnc"/>
		
    </typeAliases>
    
</configuration>